|6.6.6
gulcher_morb_2.tab
2
T(K)
573.14999999999998
6.2893081761006293
160
P(bar)
5000.0000000000000
125.78616352201257
160
3
T(K) P(bar) rho,kg/m3
573.150 5000.00 3317.52
579.439 5000.00 3316.12
585.729 5000.00 3314.58
592.018 5000.00 3312.94
598.307 5000.00 3311.11
604.597 5000.00 3309.15
610.886 5000.00 3306.93
617.175 5000.00 3304.49
623.464 5000.00 3301.59
629.754 5000.00 3298.39
636.043 5000.00 3294.59
642.332 5000.00 3290.06
648.622 5000.00 3284.53
654.911 5000.00 3277.48
661.200 5000.00 3253.23
667.490 5000.00 3198.01
673.779 5000.00 3184.87
680.068 5000.00 3174.10
686.358 5000.00 3173.37
692.647 5000.00 3172.64
698.936 5000.00 3171.91
705.225 5000.00 3171.18
711.515 5000.00 3170.45
717.804 5000.00 3167.86
724.093 5000.00 3159.57
730.383 5000.00 3150.86
736.672 5000.00 3141.71
742.961 5000.00 3073.28
749.251 5000.00 3032.95
755.540 5000.00 3032.50
761.829 5000.00 3032.04
768.119 5000.00 3031.59
774.408 5000.00 3031.13
780.697 5000.00 3030.67
786.986 5000.00 3030.20
793.276 5000.00 3029.73
799.565 5000.00 3029.26
805.854 5000.00 3028.79
812.144 5000.00 3028.33
818.433 5000.00 3027.86
824.722 5000.00 3027.39
831.012 5000.00 3026.92
837.301 5000.00 3026.45
843.590 5000.00 3025.99
849.880 5000.00 3025.52
856.169 5000.00 3025.05
862.458 5000.00 3024.58
868.747 5000.00 3024.12
875.037 5000.00 3023.65
881.326 5000.00 3023.18
887.615 5000.00 3022.72
893.905 5000.00 3022.25
900.194 5000.00 3021.79
906.483 5000.00 3021.32
912.773 5000.00 3020.86
919.062 5000.00 3020.39
925.351 5000.00 3019.93
931.641 5000.00 3019.46
937.930 5000.00 3019.00
944.219 5000.00 3018.54
950.508 5000.00 3018.07
956.798 5000.00 3017.61
963.087 5000.00 3017.15
969.376 5000.00 3016.69
975.666 5000.00 3016.22
981.955 5000.00 3015.76
988.244 5000.00 3015.30
994.534 5000.00 3014.84
1000.82 5000.00 3014.38
1007.11 5000.00 3013.92
1013.40 5000.00 3013.46
1019.69 5000.00 3013.01
1025.98 5000.00 3012.55
1032.27 5000.00 3012.09
1038.56 5000.00 3011.63
1044.85 5000.00 3011.18
1051.14 5000.00 3010.72
1057.43 5000.00 3010.26
1063.72 5000.00 3009.81
1070.01 5000.00 3009.36
1076.29 5000.00 3008.90
1082.58 5000.00 3008.45
1088.87 5000.00 3008.00
1095.16 5000.00 3007.55
1101.45 5000.00 3007.10
1107.74 5000.00 3006.65
1114.03 5000.00 3006.20
1120.32 5000.00 3005.75
1126.61 5000.00 3005.31
1132.90 5000.00 3004.86
1139.19 5000.00 3004.41
1145.48 5000.00 3003.97
1151.77 5000.00 3003.52
1158.06 5000.00 3003.08
1164.34 5000.00 3002.64
1170.63 5000.00 3002.20
1176.92 5000.00 3001.76
1183.21 5000.00 3001.32
1189.50 5000.00 3000.88
1195.79 5000.00 3000.44
1202.08 5000.00 3000.01
1208.37 5000.00 2999.57
1214.66 5000.00 2999.14
1220.95 5000.00 2998.71
1227.24 5000.00 2998.28
1233.53 5000.00 2997.85
1239.82 5000.00 2997.42
1246.11 5000.00 2996.99
1252.40 5000.00 2996.57
1258.68 5000.00 2996.14
1264.97 5000.00 2995.72
1271.26 5000.00 2995.30
1277.55 5000.00 2994.87
1283.84 5000.00 2994.46
1290.13 5000.00 2994.04
1296.42 5000.00 2993.62
1302.71 5000.00 2993.21
1309.00 5000.00 2992.80
1315.29 5000.00 2992.39
1321.58 5000.00 2991.98
1327.87 5000.00 2991.57
1334.16 5000.00 2991.16
1340.45 5000.00 2990.76
1346.73 5000.00 2990.36
1353.02 5000.00 2989.96
1359.31 5000.00 2989.56
1365.60 5000.00 2989.16
1371.89 5000.00 2988.77
1378.18 5000.00 2988.38
1384.47 5000.00 2987.99
1390.76 5000.00 2987.60
1397.05 5000.00 2987.21
1403.34 5000.00 2986.83
1409.63 5000.00 2986.45
1415.92 5000.00 2986.07
1422.21 5000.00 2985.69
1428.50 5000.00 2985.31
1434.79 5000.00 2984.94
1441.07 5000.00 2984.57
1447.36 5000.00 2984.20
1453.65 5000.00 2983.84
1459.94 5000.00 2983.48
1466.23 5000.00 2983.12
1472.52 5000.00 2982.76
1478.81 5000.00 2982.40
1485.10 5000.00 2982.05
1491.39 5000.00 2981.70
1497.68 5000.00 2981.35
1503.97 5000.00 2981.01
1510.26 5000.00 2980.66
1516.55 5000.00 2980.32
1522.84 5000.00 2979.99
1529.12 5000.00 2979.65
1535.41 5000.00 2979.32
1541.70 5000.00 2978.99
1547.99 5000.00 2978.67
1554.28 5000.00 2978.34
1560.57 5000.00 2978.02
1566.86 5000.00 2977.71
1573.15 5000.00 2977.39
573.150 5125.79 3319.10
579.439 5125.79 3317.78
585.729 5125.79 3316.33
592.018 5125.79 3314.77
598.307 5125.79 3313.07
604.597 5125.79 3311.19
610.886 5125.79 3309.16
617.175 5125.79 3306.86
623.464 5125.79 3304.25
629.754 5125.79 3301.40
636.043 5125.79 3298.03
642.332 5125.79 3294.06
648.622 5125.79 3289.31
654.911 5125.79 3283.50
661.200 5125.79 3269.89
667.490 5125.79 3251.55
673.779 5125.79 3232.00
680.068 5125.79 3192.87
686.358 5125.79 3178.85
692.647 5125.79 3173.15
698.936 5125.79 3172.42
705.225 5125.79 3171.69
711.515 5125.79 3170.96
717.804 5125.79 3170.23
724.093 5125.79 3169.50
730.383 5125.79 3168.77
736.672 5125.79 3160.73
742.961 5125.79 3151.86
749.251 5125.79 3111.45
755.540 5125.79 3063.05
761.829 5125.79 3032.87
768.119 5125.79 3032.41
774.408 5125.79 3031.95
780.697 5125.79 3031.48
786.986 5125.79 3031.01
793.276 5125.79 3030.54
799.565 5125.79 3030.07
805.854 5125.79 3029.60
812.144 5125.79 3029.13
818.433 5125.79 3028.66
824.722 5125.79 3028.19
831.012 5125.79 3027.73
837.301 5125.79 3027.25
843.590 5125.79 3026.79
849.880 5125.79 3026.32
856.169 5125.79 3025.85
862.458 5125.79 3025.38
868.747 5125.79 3024.91
875.037 5125.79 3024.45
881.326 5125.79 3023.98
887.615 5125.79 3023.51
893.905 5125.79 3023.05
900.194 5125.79 3022.58
906.483 5125.79 3022.11
912.773 5125.79 3021.65
919.062 5125.79 3021.18
925.351 5125.79 3020.72
931.641 5125.79 3020.25
937.930 5125.79 3019.79
944.219 5125.79 3019.32
950.508 5125.79 3018.86
956.798 5125.79 3018.40
963.087 5125.79 3017.93
969.376 5125.79 3017.47
975.666 5125.79 3017.01
981.955 5125.79 3016.55
988.244 5125.79 3016.09
994.534 5125.79 3015.63
1000.82 5125.79 3015.17
1007.11 5125.79 3014.71
1013.40 5125.79 3014.25
1019.69 5125.79 3013.79
1025.98 5125.79 3013.33
1032.27 5125.79 3012.88
1038.56 5125.79 3012.42
1044.85 5125.79 3011.96
1051.14 5125.79 3011.51
1057.43 5125.79 3011.05
1063.72 5125.79 3010.60
1070.01 5125.79 3010.15
1076.29 5125.79 3009.69
1082.58 5125.79 3009.24
1088.87 5125.79 3008.79
1095.16 5125.79 3008.34
1101.45 5125.79 3007.89
1107.74 5125.79 3007.44
1114.03 5125.79 3007.00
1120.32 5125.79 3006.55
1126.61 5125.79 3006.10
1132.90 5125.79 3005.66
1139.19 5125.79 3005.21
1145.48 5125.79 3004.77
1151.77 5125.79 3004.33
1158.06 5125.79 3003.88
1164.34 5125.79 3003.44
1170.63 5125.79 3003.00
1176.92 5125.79 3002.57
1183.21 5125.79 3002.13
1189.50 5125.79 3001.69
1195.79 5125.79 3001.26
1202.08 5125.79 3000.82
1208.37 5125.79 3000.39
1214.66 5125.79 2999.96
1220.95 5125.79 2999.53
1227.24 5125.79 2999.10
1233.53 5125.79 2998.67
1239.82 5125.79 2998.24
1246.11 5125.79 2997.82
1252.40 5125.79 2997.40
1258.68 5125.79 2996.97
1264.97 5125.79 2996.55
1271.26 5125.79 2996.13
1277.55 5125.79 2995.71
1283.84 5125.79 2995.30
1290.13 5125.79 2994.88
1296.42 5125.79 2994.47
1302.71 5125.79 2994.06
1309.00 5125.79 2993.65
1315.29 5125.79 2993.24
1321.58 5125.79 2992.83
1327.87 5125.79 2992.43
1334.16 5125.79 2992.03
1340.45 5125.79 2991.63
1346.73 5125.79 2991.23
1353.02 5125.79 2990.83
1359.31 5125.79 2990.44
1365.60 5125.79 2990.04
1371.89 5125.79 2989.65
1378.18 5125.79 2989.26
1384.47 5125.79 2988.88
1390.76 5125.79 2988.49
1397.05 5125.79 2988.11
1403.34 5125.79 2987.73
1409.63 5125.79 2987.35
1415.92 5125.79 2986.98
1422.21 5125.79 2986.61
1428.50 5125.79 2986.24
1434.79 5125.79 2985.87
1441.07 5125.79 2985.50
1447.36 5125.79 2985.14
1453.65 5125.79 2984.78
1459.94 5125.79 2984.42
1466.23 5125.79 2984.06
1472.52 5125.79 2983.70
1478.81 5125.79 2983.36
1485.10 5125.79 2983.01
1491.39 5125.79 2982.67
1497.68 5125.79 2982.32
1503.97 5125.79 2981.99
1510.26 5125.79 2981.65
1516.55 5125.79 2981.31
1522.84 5125.79 2980.98
1529.12 5125.79 2980.65
1535.41 5125.79 2980.33
1541.70 5125.79 2980.01
1547.99 5125.79 2979.68
1554.28 5125.79 2979.37
1560.57 5125.79 2979.05
1566.86 5125.79 2978.74
1573.15 5125.79 2978.43
573.150 5251.57 3320.69
579.439 5251.57 3319.41
585.729 5251.57 3318.03
592.018 5251.57 3316.55
598.307 5251.57 3314.94
604.597 5251.57 3313.19
610.886 5251.57 3311.28
617.175 5251.57 3309.15
623.464 5251.57 3306.79
629.754 5251.57 3304.15
636.043 5251.57 3301.13
642.332 5251.57 3297.63
648.622 5251.57 3293.49
654.911 5251.57 3288.59
661.200 5251.57 3282.33
667.490 5251.57 3268.53
673.779 5251.57 3249.75
680.068 5251.57 3229.71
686.358 5251.57 3201.00
692.647 5251.57 3187.27
698.936 5251.57 3172.93
705.225 5251.57 3172.20
711.515 5251.57 3171.47
717.804 5251.57 3170.74
724.093 5251.57 3170.01
730.383 5251.57 3169.28
736.672 5251.57 3168.55
742.961 5251.57 3167.82
749.251 5251.57 3162.05
755.540 5251.57 3153.04
761.829 5251.57 3104.08
768.119 5251.57 3052.27
774.408 5251.57 3032.79
780.697 5251.57 3032.31
786.986 5251.57 3031.84
793.276 5251.57 3031.37
799.565 5251.57 3030.90
805.854 5251.57 3030.43
812.144 5251.57 3029.95
818.433 5251.57 3029.48
824.722 5251.57 3029.01
831.012 5251.57 3028.54
837.301 5251.57 3028.07
843.590 5251.57 3027.60
849.880 5251.57 3027.13
856.169 5251.57 3026.65
862.458 5251.57 3026.19
868.747 5251.57 3025.72
875.037 5251.57 3025.25
881.326 5251.57 3024.78
887.615 5251.57 3024.32
893.905 5251.57 3023.85
900.194 5251.57 3023.38
906.483 5251.57 3022.91
912.773 5251.57 3022.45
919.062 5251.57 3021.98
925.351 5251.57 3021.51
931.641 5251.57 3021.05
937.930 5251.57 3020.58
944.219 5251.57 3020.12
950.508 5251.57 3019.66
956.798 5251.57 3019.19
963.087 5251.57 3018.73
969.376 5251.57 3018.27
975.666 5251.57 3017.80
981.955 5251.57 3017.34
988.244 5251.57 3016.88
994.534 5251.57 3016.42
1000.82 5251.57 3015.96
1007.11 5251.57 3015.50
1013.40 5251.57 3015.04
1019.69 5251.57 3014.59
1025.98 5251.57 3014.13
1032.27 5251.57 3013.67
1038.56 5251.57 3013.22
1044.85 5251.57 3012.76
1051.14 5251.57 3012.31
1057.43 5251.57 3011.85
1063.72 5251.57 3011.40
1070.01 5251.57 3010.95
1076.29 5251.57 3010.49
1082.58 5251.57 3010.04
1088.87 5251.57 3009.59
1095.16 5251.57 3009.14
1101.45 5251.57 3008.69
1107.74 5251.57 3008.25
1114.03 5251.57 3007.80
1120.32 5251.57 3007.35
1126.61 5251.57 3006.91
1132.90 5251.57 3006.46
1139.19 5251.57 3006.02
1145.48 5251.57 3005.58
1151.77 5251.57 3005.14
1158.06 5251.57 3004.70
1164.34 5251.57 3004.26
1170.63 5251.57 3003.82
1176.92 5251.57 3003.38
1183.21 5251.57 3002.95
1189.50 5251.57 3002.51
1195.79 5251.57 3002.08
1202.08 5251.57 3001.64
1208.37 5251.57 3001.21
1214.66 5251.57 3000.78
1220.95 5251.57 3000.35
1227.24 5251.57 2999.93
1233.53 5251.57 2999.50
1239.82 5251.57 2999.08
1246.11 5251.57 2998.65
1252.40 5251.57 2998.23
1258.68 5251.57 2997.81
1264.97 5251.57 2997.40
1271.26 5251.57 2996.98
1277.55 5251.57 2996.56
1283.84 5251.57 2996.15
1290.13 5251.57 2995.74
1296.42 5251.57 2995.33
1302.71 5251.57 2994.92
1309.00 5251.57 2994.51
1315.29 5251.57 2994.11
1321.58 5251.57 2993.70
1327.87 5251.57 2993.30
1334.16 5251.57 2992.90
1340.45 5251.57 2992.50
1346.73 5251.57 2992.11
1353.02 5251.57 2991.71
1359.31 5251.57 2991.32
1365.60 5251.57 2990.93
1371.89 5251.57 2990.55
1378.18 5251.57 2990.16
1384.47 5251.57 2989.78
1390.76 5251.57 2989.40
1397.05 5251.57 2989.02
1403.34 5251.57 2988.65
1409.63 5251.57 2988.27
1415.92 5251.57 2987.90
1422.21 5251.57 2987.53
1428.50 5251.57 2987.17
1434.79 5251.57 2986.80
1441.07 5251.57 2986.44
1447.36 5251.57 2986.08
1453.65 5251.57 2985.73
1459.94 5251.57 2985.37
1466.23 5251.57 2985.02
1472.52 5251.57 2984.67
1478.81 5251.57 2984.33
1485.10 5251.57 2983.99
1491.39 5251.57 2983.65
1497.68 5251.57 2983.31
1503.97 5251.57 2982.98
1510.26 5251.57 2982.65
1516.55 5251.57 2982.32
1522.84 5251.57 2981.99
1529.12 5251.57 2981.67
1535.41 5251.57 2981.35
1541.70 5251.57 2981.03
1547.99 5251.57 2980.72
1554.28 5251.57 2980.41
1560.57 5251.57 2980.08
1566.86 5251.57 2979.79
1573.15 5251.57 2979.49
573.150 5377.36 3322.26
579.439 5377.36 3321.03
585.729 5377.36 3319.71
592.018 5377.36 3318.30
598.307 5377.36 3316.78
604.597 5377.36 3315.13
610.886 5377.36 3313.34
617.175 5377.36 3311.35
623.464 5377.36 3309.17
629.754 5377.36 3306.73
636.043 5377.36 3303.99
642.332 5377.36 3300.84
648.622 5377.36 3297.19
654.911 5377.36 3292.89
661.200 5377.36 3287.68
667.490 5377.36 3281.14
673.779 5377.36 3267.07
680.068 5377.36 3247.82
686.358 5377.36 3227.29
692.647 5377.36 3209.29
698.936 5377.36 3195.80
705.225 5377.36 3181.19
711.515 5377.36 3171.98
717.804 5377.36 3171.26
724.093 5377.36 3170.53
730.383 5377.36 3169.80
736.672 5377.36 3169.07
742.961 5377.36 3168.34
749.251 5377.36 3167.61
755.540 5377.36 3166.88
761.829 5377.36 3163.55
768.119 5377.36 3140.74
774.408 5377.36 3096.31
780.697 5377.36 3042.19
786.986 5377.36 3032.68
793.276 5377.36 3032.21
799.565 5377.36 3031.73
805.854 5377.36 3031.26
812.144 5377.36 3030.79
818.433 5377.36 3030.31
824.722 5377.36 3029.84
831.012 5377.36 3029.37
837.301 5377.36 3028.89
843.590 5377.36 3028.42
849.880 5377.36 3027.95
856.169 5377.36 3027.48
862.458 5377.36 3027.01
868.747 5377.36 3026.54
875.037 5377.36 3026.07
881.326 5377.36 3025.60
887.615 5377.36 3025.13
893.905 5377.36 3024.66
900.194 5377.36 3024.19
906.483 5377.36 3023.72
912.773 5377.36 3023.25
919.062 5377.36 3022.79
925.351 5377.36 3022.32
931.641 5377.36 3021.86
937.930 5377.36 3021.39
944.219 5377.36 3020.92
950.508 5377.36 3020.46
956.798 5377.36 3020.00
963.087 5377.36 3019.53
969.376 5377.36 3019.07
975.666 5377.36 3018.61
981.955 5377.36 3018.15
988.244 5377.36 3017.68
994.534 5377.36 3017.22
1000.82 5377.36 3016.76
1007.11 5377.36 3016.30
1013.40 5377.36 3015.85
1019.69 5377.36 3015.39
1025.98 5377.36 3014.93
1032.27 5377.36 3014.47
1038.56 5377.36 3014.02
1044.85 5377.36 3013.56
1051.14 5377.36 3013.11
1057.43 5377.36 3012.66
1063.72 5377.36 3012.20
1070.01 5377.36 3011.75
1076.29 5377.36 3011.30
1082.58 5377.36 3010.85
1088.87 5377.36 3010.40
1095.16 5377.36 3009.95
1101.45 5377.36 3009.50
1107.74 5377.36 3009.06
1114.03 5377.36 3008.61
1120.32 5377.36 3008.16
1126.61 5377.36 3007.72
1132.90 5377.36 3007.28
1139.19 5377.36 3006.84
1145.48 5377.36 3006.39
1151.77 5377.36 3005.96
1158.06 5377.36 3005.52
1164.34 5377.36 3005.08
1170.63 5377.36 3004.63
1176.92 5377.36 3004.21
1183.21 5377.36 3003.77
1189.50 5377.36 3003.34
1195.79 5377.36 3002.91
1202.08 5377.36 3002.48
1208.37 5377.36 3002.05
1214.66 5377.36 3001.62
1220.95 5377.36 3001.19
1227.24 5377.36 3000.77
1233.53 5377.36 3000.34
1239.82 5377.36 2999.92
1246.11 5377.36 2999.50
1252.40 5377.36 2999.08
1258.68 5377.36 2998.66
1264.97 5377.36 2998.25
1271.26 5377.36 2997.83
1277.55 5377.36 2997.42
1283.84 5377.36 2997.01
1290.13 5377.36 2996.60
1296.42 5377.36 2996.19
1302.71 5377.36 2995.79
1309.00 5377.36 2995.38
1315.29 5377.36 2994.98
1321.58 5377.36 2994.58
1327.87 5377.36 2994.18
1334.16 5377.36 2993.78
1340.45 5377.36 2993.39
1346.73 5377.36 2993.00
1353.02 5377.36 2992.61
1359.31 5377.36 2992.22
1365.60 5377.36 2991.83
1371.89 5377.36 2991.45
1378.18 5377.36 2991.07
1384.47 5377.36 2990.69
1390.76 5377.36 2990.32
1397.05 5377.36 2989.94
1403.34 5377.36 2989.57
1409.63 5377.36 2989.20
1415.92 5377.36 2988.83
1422.21 5377.36 2988.47
1428.50 5377.36 2988.11
1434.79 5377.36 2987.75
1441.07 5377.36 2987.39
1447.36 5377.36 2987.04
1453.65 5377.36 2986.69
1459.94 5377.36 2986.34
1466.23 5377.36 2986.00
1472.52 5377.36 2985.65
1478.81 5377.36 2985.31
1485.10 5377.36 2984.97
1491.39 5377.36 2984.64
1497.68 5377.36 2984.31
1503.97 5377.36 2983.98
1510.26 5377.36 2983.66
1516.55 5377.36 2983.33
1522.84 5377.36 2983.01
1529.12 5377.36 2982.70
1535.41 5377.36 2982.38
1541.70 5377.36 2982.07
1547.99 5377.36 2981.76
1554.28 5377.36 2981.46
1560.57 5377.36 2981.16
1566.86 5377.36 2980.86
1573.15 5377.36 2980.56
573.150 5503.14 3323.81
579.439 5503.14 3322.64
585.729 5503.14 3321.38
592.018 5503.14 3320.03
598.307 5503.14 3318.58
604.597 5503.14 3317.01
610.886 5503.14 3315.31
617.175 5503.14 3313.46
623.464 5503.14 3311.41
629.754 5503.14 3309.15
636.043 5503.14 3306.64
642.332 5503.14 3303.79
648.622 5503.14 3300.53
654.911 5503.14 3296.74
661.200 5503.14 3292.25
667.490 5503.14 3286.79
673.779 5503.14 3279.83
680.068 5503.14 3265.48
686.358 5503.14 3245.77
692.647 5503.14 3224.72
698.936 5503.14 3217.75
705.225 5503.14 3204.48
711.515 5503.14 3190.15
717.804 5503.14 3174.64
724.093 5503.14 3171.04
730.383 5503.14 3170.31
736.672 5503.14 3169.58
742.961 5503.14 3168.85
749.251 5503.14 3168.13
755.540 5503.14 3167.40
761.829 5503.14 3166.67
768.119 5503.14 3165.94
774.408 5503.14 3165.20
780.697 5503.14 3135.49
786.986 5503.14 3089.05
793.276 5503.14 3035.44
799.565 5503.14 3032.58
805.854 5503.14 3032.11
812.144 5503.14 3031.63
818.433 5503.14 3031.15
824.722 5503.14 3030.68
831.012 5503.14 3030.21
837.301 5503.14 3029.73
843.590 5503.14 3029.26
849.880 5503.14 3028.78
856.169 5503.14 3028.31
862.458 5503.14 3027.84
868.747 5503.14 3027.37
875.037 5503.14 3026.89
881.326 5503.14 3026.42
887.615 5503.14 3025.95
893.905 5503.14 3025.48
900.194 5503.14 3025.01
906.483 5503.14 3024.54
912.773 5503.14 3024.07
919.062 5503.14 3023.61
925.351 5503.14 3023.13
931.641 5503.14 3022.67
937.930 5503.14 3022.21
944.219 5503.14 3021.74
950.508 5503.14 3021.27
956.798 5503.14 3020.81
963.087 5503.14 3020.34
969.376 5503.14 3019.88
975.666 5503.14 3019.42
981.955 5503.14 3018.96
988.244 5503.14 3018.50
994.534 5503.14 3018.04
1000.82 5503.14 3017.58
1007.11 5503.14 3017.12
1013.40 5503.14 3016.66
1019.69 5503.14 3016.20
1025.98 5503.14 3015.74
1032.27 5503.14 3015.29
1038.56 5503.14 3014.83
1044.85 5503.14 3014.38
1051.14 5503.14 3013.92
1057.43 5503.14 3013.47
1063.72 5503.14 3013.02
1070.01 5503.14 3012.57
1076.29 5503.14 3012.12
1082.58 5503.14 3011.67
1088.87 5503.14 3011.22
1095.16 5503.14 3010.77
1101.45 5503.14 3010.32
1107.74 5503.14 3009.88
1114.03 5503.14 3009.43
1120.32 5503.14 3008.98
1126.61 5503.14 3008.54
1132.90 5503.14 3008.10
1139.19 5503.14 3007.66
1145.48 5503.14 3007.22
1151.77 5503.14 3006.78
1158.06 5503.14 3006.35
1164.34 5503.14 3005.91
1170.63 5503.14 3005.47
1176.92 5503.14 3005.04
1183.21 5503.14 3004.61
1189.50 5503.14 3004.17
1195.79 5503.14 3003.74
1202.08 5503.14 3003.32
1208.37 5503.14 3002.89
1214.66 5503.14 3002.46
1220.95 5503.14 3002.04
1227.24 5503.14 3001.61
1233.53 5503.14 3001.19
1239.82 5503.14 3000.77
1246.11 5503.14 3000.36
1252.40 5503.14 2999.94
1258.68 5503.14 2999.52
1264.97 5503.14 2999.11
1271.26 5503.14 2998.70
1277.55 5503.14 2998.29
1283.84 5503.14 2997.88
1290.13 5503.14 2997.47
1296.42 5503.14 2997.07
1302.71 5503.14 2996.66
1309.00 5503.14 2996.26
1315.29 5503.14 2995.86
1321.58 5503.14 2995.47
1327.87 5503.14 2995.07
1334.16 5503.14 2994.68
1340.45 5503.14 2994.29
1346.73 5503.14 2993.90
1353.02 5503.14 2993.51
1359.31 5503.14 2993.13
1365.60 5503.14 2992.75
1371.89 5503.14 2992.37
1378.18 5503.14 2991.99
1384.47 5503.14 2991.62
1390.76 5503.14 2991.24
1397.05 5503.14 2990.87
1403.34 5503.14 2990.51
1409.63 5503.14 2990.14
1415.92 5503.14 2989.78
1422.21 5503.14 2989.42
1428.50 5503.14 2989.06
1434.79 5503.14 2988.71
1441.07 5503.14 2988.36
1447.36 5503.14 2988.01
1453.65 5503.14 2987.66
1459.94 5503.14 2987.32
1466.23 5503.14 2986.98
1472.52 5503.14 2986.64
1478.81 5503.14 2986.31
1485.10 5503.14 2985.98
1491.39 5503.14 2985.65
1497.68 5503.14 2985.32
1503.97 5503.14 2985.00
1510.26 5503.14 2984.68
1516.55 5503.14 2984.36
1522.84 5503.14 2984.05
1529.12 5503.14 2983.74
1535.41 5503.14 2983.43
1541.70 5503.14 2983.13
1547.99 5503.14 2982.83
1554.28 5503.14 2982.53
1560.57 5503.14 2982.23
1566.86 5503.14 2981.94
1573.15 5503.14 2981.65
573.150 5628.93 3325.38
579.439 5628.93 3324.24
585.729 5628.93 3323.03
592.018 5628.93 3321.73
598.307 5628.93 3320.34
604.597 5628.93 3318.86
610.886 5628.93 3317.24
617.175 5628.93 3315.49
623.464 5628.93 3313.58
629.754 5628.93 3311.47
636.043 5628.93 3309.15
642.332 5628.93 3306.55
648.622 5628.93 3303.59
654.911 5628.93 3300.21
661.200 5628.93 3296.28
667.490 5628.93 3291.55
673.779 5628.93 3285.81
680.068 5628.93 3278.50
686.358 5628.93 3263.77
692.647 5628.93 3243.58
698.936 5628.93 3222.00
705.225 5628.93 3220.75
711.515 5628.93 3213.32
717.804 5628.93 3199.24
724.093 5628.93 3184.04
730.383 5628.93 3170.82
736.672 5628.93 3170.10
742.961 5628.93 3169.37
749.251 5628.93 3168.64
755.540 5628.93 3167.91
761.829 5628.93 3167.18
768.119 5628.93 3166.45
774.408 5628.93 3165.73
780.697 5628.93 3164.99
786.986 5628.93 3164.25
793.276 5628.93 3129.77
799.565 5628.93 3083.11
805.854 5628.93 3032.97
812.144 5628.93 3032.49
818.433 5628.93 3032.01
824.722 5628.93 3031.53
831.012 5628.93 3031.06
837.301 5628.93 3030.58
843.590 5628.93 3030.10
849.880 5628.93 3029.63
856.169 5628.93 3029.15
862.458 5628.93 3028.68
868.747 5628.93 3028.21
875.037 5628.93 3027.73
881.326 5628.93 3027.26
887.615 5628.93 3026.79
893.905 5628.93 3026.31
900.194 5628.93 3025.84
906.483 5628.93 3025.37
912.773 5628.93 3024.90
919.062 5628.93 3024.43
925.351 5628.93 3023.97
931.641 5628.93 3023.50
937.930 5628.93 3023.03
944.219 5628.93 3022.56
950.508 5628.93 3022.10
956.798 5628.93 3021.64
963.087 5628.93 3021.17
969.376 5628.93 3020.71
975.666 5628.93 3020.24
981.955 5628.93 3019.78
988.244 5628.93 3019.32
994.534 5628.93 3018.86
1000.82 5628.93 3018.40
1007.11 5628.93 3017.95
1013.40 5628.93 3017.48
1019.69 5628.93 3017.02
1025.98 5628.93 3016.56
1032.27 5628.93 3016.11
1038.56 5628.93 3015.65
1044.85 5628.93 3015.21
1051.14 5628.93 3014.75
1057.43 5628.93 3014.29
1063.72 5628.93 3013.84
1070.01 5628.93 3013.39
1076.29 5628.93 3012.94
1082.58 5628.93 3012.49
1088.87 5628.93 3012.04
1095.16 5628.93 3011.60
1101.45 5628.93 3011.15
1107.74 5628.93 3010.70
1114.03 5628.93 3010.26
1120.32 5628.93 3009.82
1126.61 5628.93 3009.38
1132.90 5628.93 3008.93
1139.19 5628.93 3008.49
1145.48 5628.93 3008.06
1151.77 5628.93 3007.62
1158.06 5628.93 3007.18
1164.34 5628.93 3006.75
1170.63 5628.93 3006.31
1176.92 5628.93 3005.88
1183.21 5628.93 3005.45
1189.50 5628.93 3005.02
1195.79 5628.93 3004.59
1202.08 5628.93 3004.17
1208.37 5628.93 3003.74
1214.66 5628.93 3003.32
1220.95 5628.93 3002.90
1227.24 5628.93 3002.47
1233.53 5628.93 3002.05
1239.82 5628.93 3001.64
1246.11 5628.93 3001.22
1252.40 5628.93 3000.80
1258.68 5628.93 3000.39
1264.97 5628.93 2999.98
1271.26 5628.93 2999.57
1277.55 5628.93 2999.16
1283.84 5628.93 2998.76
1290.13 5628.93 2998.35
1296.42 5628.93 2997.95
1302.71 5628.93 2997.55
1309.00 5628.93 2997.15
1315.29 5628.93 2996.76
1321.58 5628.93 2996.37
1327.87 5628.93 2995.97
1334.16 5628.93 2995.58
1340.45 5628.93 2995.20
1346.73 5628.93 2994.82
1353.02 5628.93 2994.43
1359.31 5628.93 2994.05
1365.60 5628.93 2993.67
1371.89 5628.93 2993.29
1378.18 5628.93 2992.92
1384.47 5628.93 2992.55
1390.76 5628.93 2992.18
1397.05 5628.93 2991.82
1403.34 5628.93 2991.45
1409.63 5628.93 2991.09
1415.92 5628.93 2990.74
1422.21 5628.93 2990.38
1428.50 5628.93 2990.03
1434.79 5628.93 2989.68
1441.07 5628.93 2989.33
1447.36 5628.93 2988.99
1453.65 5628.93 2988.65
1459.94 5628.93 2988.31
1466.23 5628.93 2987.98
1472.52 5628.93 2987.65
1478.81 5628.93 2987.32
1485.10 5628.93 2986.99
1491.39 5628.93 2986.67
1497.68 5628.93 2986.35
1503.97 5628.93 2986.03
1510.26 5628.93 2985.72
1516.55 5628.93 2985.41
1522.84 5628.93 2985.10
1529.12 5628.93 2984.79
1535.41 5628.93 2984.50
1541.70 5628.93 2984.20
1547.99 5628.93 2983.91
1554.28 5628.93 2983.61
1560.57 5628.93 2983.33
1566.86 5628.93 2983.04
1573.15 5628.93 2982.76
573.150 5754.72 3326.95
579.439 5754.72 3325.84
585.729 5754.72 3324.67
592.018 5754.72 3323.43
598.307 5754.72 3322.10
604.597 5754.72 3320.66
610.886 5754.72 3319.13
617.175 5754.72 3317.47
623.464 5754.72 3315.66
629.754 5754.72 3313.71
636.043 5754.72 3311.52
642.332 5754.72 3309.13
648.622 5754.72 3306.46
654.911 5754.72 3303.37
661.200 5754.72 3299.85
667.490 5754.72 3295.75
673.779 5754.72 3290.82
680.068 5754.72 3284.78
686.358 5754.72 3277.01
692.647 5754.72 3261.93
698.936 5754.72 3241.25
705.225 5754.72 3222.14
711.515 5754.72 3221.47
717.804 5754.72 3220.80
724.093 5754.72 3208.46
730.383 5754.72 3193.54
736.672 5754.72 3177.45
742.961 5754.72 3169.88
749.251 5754.72 3169.16
755.540 5754.72 3168.43
761.829 5754.72 3167.70
768.119 5754.72 3166.97
774.408 5754.72 3166.24
780.697 5754.72 3165.51
786.986 5754.72 3164.78
793.276 5754.72 3164.04
799.565 5754.72 3163.30
805.854 5754.72 3125.00
812.144 5754.72 3078.51
818.433 5754.72 3032.88
824.722 5754.72 3032.40
831.012 5754.72 3031.92
837.301 5754.72 3031.44
843.590 5754.72 3030.96
849.880 5754.72 3030.48
856.169 5754.72 3030.01
862.458 5754.72 3029.53
868.747 5754.72 3029.05
875.037 5754.72 3028.58
881.326 5754.72 3028.11
887.615 5754.72 3027.63
893.905 5754.72 3027.16
900.194 5754.72 3026.69
906.483 5754.72 3026.22
912.773 5754.72 3025.74
919.062 5754.72 3025.27
925.351 5754.72 3024.81
931.641 5754.72 3024.34
937.930 5754.72 3023.87
944.219 5754.72 3023.40
950.508 5754.72 3022.94
956.798 5754.72 3022.47
963.087 5754.72 3022.00
969.376 5754.72 3021.53
975.666 5754.72 3021.08
981.955 5754.72 3020.61
988.244 5754.72 3020.15
994.534 5754.72 3019.69
1000.82 5754.72 3019.23
1007.11 5754.72 3018.77
1013.40 5754.72 3018.31
1019.69 5754.72 3017.85
1025.98 5754.72 3017.40
1032.27 5754.72 3016.94
1038.56 5754.72 3016.49
1044.85 5754.72 3016.03
1051.14 5754.72 3015.58
1057.43 5754.72 3015.13
1063.72 5754.72 3014.67
1070.01 5754.72 3014.22
1076.29 5754.72 3013.77
1082.58 5754.72 3013.33
1088.87 5754.72 3012.88
1095.16 5754.72 3012.43
1101.45 5754.72 3011.99
1107.74 5754.72 3011.54
1114.03 5754.72 3011.10
1120.32 5754.72 3010.66
1126.61 5754.72 3010.22
1132.90 5754.72 3009.78
1139.19 5754.72 3009.34
1145.48 5754.72 3008.90
1151.77 5754.72 3008.46
1158.06 5754.72 3008.03
1164.34 5754.72 3007.60
1170.63 5754.72 3007.17
1176.92 5754.72 3006.73
1183.21 5754.72 3006.30
1189.50 5754.72 3005.88
1195.79 5754.72 3005.45
1202.08 5754.72 3005.02
1208.37 5754.72 3004.60
1214.66 5754.72 3004.18
1220.95 5754.72 3003.76
1227.24 5754.72 3003.34
1233.53 5754.72 3002.92
1239.82 5754.72 3002.51
1246.11 5754.72 3002.09
1252.40 5754.72 3001.68
1258.68 5754.72 3001.27
1264.97 5754.72 3000.86
1271.26 5754.72 3000.46
1277.55 5754.72 3000.05
1283.84 5754.72 2999.65
1290.13 5754.72 2999.25
1296.42 5754.72 2998.85
1302.71 5754.72 2998.45
1309.00 5754.72 2998.06
1315.29 5754.72 2997.67
1321.58 5754.72 2997.27
1327.87 5754.72 2996.89
1334.16 5754.72 2996.50
1340.45 5754.72 2996.12
1346.73 5754.72 2995.74
1353.02 5754.72 2995.36
1359.31 5754.72 2994.98
1365.60 5754.72 2994.59
1371.89 5754.72 2994.22
1378.18 5754.72 2993.87
1384.47 5754.72 2993.50
1390.76 5754.72 2993.14
1397.05 5754.72 2992.77
1403.34 5754.72 2992.42
1409.63 5754.72 2992.06
1415.92 5754.72 2991.71
1422.21 5754.72 2991.36
1428.50 5754.72 2991.01
1434.79 5754.72 2990.67
1441.07 5754.72 2990.32
1447.36 5754.72 2989.99
1453.65 5754.72 2989.65
1459.94 5754.72 2989.32
1466.23 5754.72 2988.99
1472.52 5754.72 2988.67
1478.81 5754.72 2988.34
1485.10 5754.72 2988.01
1491.39 5754.72 2987.70
1497.68 5754.72 2987.39
1503.97 5754.72 2987.08
1510.26 5754.72 2986.77
1516.55 5754.72 2986.47
1522.84 5754.72 2986.17
1529.12 5754.72 2985.87
1535.41 5754.72 2985.58
1541.70 5754.72 2985.28
1547.99 5754.72 2985.00
1554.28 5754.72 2984.71
1560.57 5754.72 2984.43
1566.86 5754.72 2984.15
1573.15 5754.72 2983.88
573.150 5880.50 3328.52
579.439 5880.50 3327.45
585.729 5880.50 3326.32
592.018 5880.50 3325.12
598.307 5880.50 3323.83
604.597 5880.50 3322.46
610.886 5880.50 3320.99
617.175 5880.50 3319.42
623.464 5880.50 3317.70
629.754 5880.50 3315.85
636.043 5880.50 3313.80
642.332 5880.50 3311.57
648.622 5880.50 3309.09
654.911 5880.50 3306.32
661.200 5880.50 3303.14
667.490 5880.50 3299.49
673.779 5880.50 3295.19
680.068 5880.50 3290.04
686.358 5880.50 3283.64
692.647 5880.50 3275.46
698.936 5880.50 3259.96
705.225 5880.50 3238.77
711.515 5880.50 3222.88
717.804 5880.50 3222.20
724.093 5880.50 3221.51
730.383 5880.50 3217.86
736.672 5880.50 3203.18
742.961 5880.50 3187.39
749.251 5880.50 3170.38
755.540 5880.50 3168.94
761.829 5880.50 3168.22
768.119 5880.50 3167.49
774.408 5880.50 3166.76
780.697 5880.50 3166.03
786.986 5880.50 3165.30
793.276 5880.50 3164.56
799.565 5880.50 3163.82
805.854 5880.50 3163.09
812.144 5880.50 3161.32
818.433 5880.50 3120.98
824.722 5880.50 3074.91
831.012 5880.50 3032.80
837.301 5880.50 3032.32
843.590 5880.50 3031.84
849.880 5880.50 3031.36
856.169 5880.50 3030.88
862.458 5880.50 3030.40
868.747 5880.50 3029.92
875.037 5880.50 3029.44
881.326 5880.50 3028.97
887.615 5880.50 3028.49
893.905 5880.50 3028.01
900.194 5880.50 3027.54
906.483 5880.50 3027.07
912.773 5880.50 3026.60
919.062 5880.50 3026.12
925.351 5880.50 3025.66
931.641 5880.50 3025.19
937.930 5880.50 3024.72
944.219 5880.50 3024.25
950.508 5880.50 3023.78
956.798 5880.50 3023.31
963.087 5880.50 3022.85
969.376 5880.50 3022.38
975.666 5880.50 3021.92
981.955 5880.50 3021.46
988.244 5880.50 3020.99
994.534 5880.50 3020.53
1000.82 5880.50 3020.07
1007.11 5880.50 3019.61
1013.40 5880.50 3019.15
1019.69 5880.50 3018.70
1025.98 5880.50 3018.24
1032.27 5880.50 3017.78
1038.56 5880.50 3017.33
1044.85 5880.50 3016.87
1051.14 5880.50 3016.42
1057.43 5880.50 3015.97
1063.72 5880.50 3015.52
1070.01 5880.50 3015.07
1076.29 5880.50 3014.62
1082.58 5880.50 3014.17
1088.87 5880.50 3013.72
1095.16 5880.50 3013.28
1101.45 5880.50 3012.83
1107.74 5880.50 3012.39
1114.03 5880.50 3011.95
1120.32 5880.50 3011.51
1126.61 5880.50 3011.07
1132.90 5880.50 3010.63
1139.19 5880.50 3010.19
1145.48 5880.50 3009.76
1151.77 5880.50 3009.32
1158.06 5880.50 3008.89
1164.34 5880.50 3008.46
1170.63 5880.50 3008.02
1176.92 5880.50 3007.60
1183.21 5880.50 3007.17
1189.50 5880.50 3006.74
1195.79 5880.50 3006.32
1202.08 5880.50 3005.89
1208.37 5880.50 3005.47
1214.66 5880.50 3005.05
1220.95 5880.50 3004.64
1227.24 5880.50 3004.22
1233.53 5880.50 3003.80
1239.82 5880.50 3003.39
1246.11 5880.50 3002.98
1252.40 5880.50 3002.57
1258.68 5880.50 3002.16
1264.97 5880.50 3001.75
1271.26 5880.50 3001.35
1277.55 5880.50 3000.95
1283.84 5880.50 3000.55
1290.13 5880.50 3000.15
1296.42 5880.50 2999.75
1302.71 5880.50 2999.36
1309.00 5880.50 2998.97
1315.29 5880.50 2998.58
1321.58 5880.50 2998.19
1327.87 5880.50 2997.81
1334.16 5880.50 2997.43
1340.45 5880.50 2997.05
1346.73 5880.50 2996.67
1353.02 5880.50 2996.30
1359.31 5880.50 2995.92
1365.60 5880.50 2995.55
1371.89 5880.50 2995.19
1378.18 5880.50 2994.82
1384.47 5880.50 2994.46
1390.76 5880.50 2994.10
1397.05 5880.50 2993.74
1403.34 5880.50 2993.39
1409.63 5880.50 2993.04
1415.92 5880.50 2992.69
1422.21 5880.50 2992.35
1428.50 5880.50 2992.01
1434.79 5880.50 2991.67
1441.07 5880.50 2991.33
1447.36 5880.50 2991.00
1453.65 5880.50 2990.67
1459.94 5880.50 2990.34
1466.23 5880.50 2990.01
1472.52 5880.50 2989.70
1478.81 5880.50 2989.38
1485.10 5880.50 2989.06
1491.39 5880.50 2988.75
1497.68 5880.50 2988.45
1503.97 5880.50 2988.14
1510.26 5880.50 2987.84
1516.55 5880.50 2987.54
1522.84 5880.50 2987.25
1529.12 5880.50 2986.96
1535.41 5880.50 2986.67
1541.70 5880.50 2986.39
1547.99 5880.50 2986.11
1554.28 5880.50 2985.83
1560.57 5880.50 2985.55
1566.86 5880.50 2985.29
1573.15 5880.50 2985.02
573.150 6006.29 3330.12
579.439 6006.29 3329.08
585.729 6006.29 3327.97
592.018 6006.29 3326.81
598.307 6006.29 3325.66
604.597 6006.29 3324.24
610.886 6006.29 3322.83
617.175 6006.29 3321.33
623.464 6006.29 3319.70
629.754 6006.29 3317.95
636.043 6006.29 3316.02
642.332 6006.29 3313.95
648.622 6006.29 3311.63
654.911 6006.29 3309.05
661.200 6006.29 3306.17
667.490 6006.29 3302.86
673.779 6006.29 3299.08
680.068 6006.29 3294.61
686.358 6006.29 3289.15
692.647 6006.29 3282.48
698.936 6006.29 3273.74
705.225 6006.29 3257.86
711.515 6006.29 3236.15
717.804 6006.29 3223.63
724.093 6006.29 3222.93
730.383 6006.29 3222.23
736.672 6006.29 3221.52
742.961 6006.29 3212.96
749.251 6006.29 3197.44
755.540 6006.29 3180.77
761.829 6006.29 3168.73
768.119 6006.29 3168.01
774.408 6006.29 3167.28
780.697 6006.29 3166.55
786.986 6006.29 3165.82
793.276 6006.29 3165.08
799.565 6006.29 3164.35
805.854 6006.29 3163.61
812.144 6006.29 3162.87
818.433 6006.29 3162.13
824.722 6006.29 3157.87
831.012 6006.29 3117.93
837.301 6006.29 3071.99
843.590 6006.29 3032.73
849.880 6006.29 3032.24
856.169 6006.29 3031.76
862.458 6006.29 3031.28
868.747 6006.29 3030.80
875.037 6006.29 3030.32
881.326 6006.29 3029.84
887.615 6006.29 3029.36
893.905 6006.29 3028.89
900.194 6006.29 3028.41
906.483 6006.29 3027.94
912.773 6006.29 3027.46
919.062 6006.29 3026.99
925.351 6006.29 3026.52
931.641 6006.29 3026.05
937.930 6006.29 3025.58
944.219 6006.29 3025.11
950.508 6006.29 3024.64
956.798 6006.29 3024.17
963.087 6006.29 3023.70
969.376 6006.29 3023.24
975.666 6006.29 3022.77
981.955 6006.29 3022.31
988.244 6006.29 3021.85
994.534 6006.29 3021.39
1000.82 6006.29 3020.92
1007.11 6006.29 3020.47
1013.40 6006.29 3020.01
1019.69 6006.29 3019.55
1025.98 6006.29 3019.10
1032.27 6006.29 3018.64
1038.56 6006.29 3018.18
1044.85 6006.29 3017.73
1051.14 6006.29 3017.27
1057.43 6006.29 3016.82
1063.72 6006.29 3016.37
1070.01 6006.29 3015.92
1076.29 6006.29 3015.47
1082.58 6006.29 3015.03
1088.87 6006.29 3014.58
1095.16 6006.29 3014.14
1101.45 6006.29 3013.69
1107.74 6006.29 3013.25
1114.03 6006.29 3012.81
1120.32 6006.29 3012.37
1126.61 6006.29 3011.93
1132.90 6006.29 3011.49
1139.19 6006.29 3011.06
1145.48 6006.29 3010.62
1151.77 6006.29 3010.19
1158.06 6006.29 3009.76
1164.34 6006.29 3009.33
1170.63 6006.29 3008.90
1176.92 6006.29 3008.47
1183.21 6006.29 3008.04
1189.50 6006.29 3007.62
1195.79 6006.29 3007.20
1202.08 6006.29 3006.77
1208.37 6006.29 3006.35
1214.66 6006.29 3005.94
1220.95 6006.29 3005.52
1227.24 6006.29 3005.11
1233.53 6006.29 3004.69
1239.82 6006.29 3004.28
1246.11 6006.29 3003.87
1252.40 6006.29 3003.47
1258.68 6006.29 3003.06
1264.97 6006.29 3002.66
1271.26 6006.29 3002.26
1277.55 6006.29 3001.86
1283.84 6006.29 3001.46
1290.13 6006.29 3001.07
1296.42 6006.29 3000.67
1302.71 6006.29 3000.28
1309.00 6006.29 2999.90
1315.29 6006.29 2999.51
1321.58 6006.29 2999.13
1327.87 6006.29 2998.75
1334.16 6006.29 2998.37
1340.45 6006.29 2997.99
1346.73 6006.29 2997.62
1353.02 6006.29 2997.25
1359.31 6006.29 2996.88
1365.60 6006.29 2996.51
1371.89 6006.29 2996.15
1378.18 6006.29 2995.79
1384.47 6006.29 2995.43
1390.76 6006.29 2995.08
1397.05 6006.29 2994.73
1403.34 6006.29 2994.38
1409.63 6006.29 2994.03
1415.92 6006.29 2993.69
1422.21 6006.29 2993.35
1428.50 6006.29 2993.01
1434.79 6006.29 2992.68
1441.07 6006.29 2992.35
1447.36 6006.29 2992.02
1453.65 6006.29 2991.70
1459.94 6006.29 2991.38
1466.23 6006.29 2991.06
1472.52 6006.29 2990.74
1478.81 6006.29 2990.43
1485.10 6006.29 2990.13
1491.39 6006.29 2989.82
1497.68 6006.29 2989.52
1503.97 6006.29 2989.22
1510.26 6006.29 2988.93
1516.55 6006.29 2988.64
1522.84 6006.29 2988.35
1529.12 6006.29 2988.07
1535.41 6006.29 2987.79
1541.70 6006.29 2987.51
1547.99 6006.29 2987.23
1554.28 6006.29 2986.96
1560.57 6006.29 2986.70
1566.86 6006.29 2986.43
1573.15 6006.29 2986.17
573.150 6132.08 3331.73
579.439 6132.08 3330.71
585.729 6132.08 3329.64
592.018 6132.08 3328.50
598.307 6132.08 3327.30
604.597 6132.08 3326.01
610.886 6132.08 3324.66
617.175 6132.08 3323.22
623.464 6132.08 3321.66
629.754 6132.08 3319.99
636.043 6132.08 3318.16
642.332 6132.08 3316.18
648.622 6132.08 3314.05
654.911 6132.08 3311.67
661.200 6132.08 3309.01
667.490 6132.08 3306.02
673.779 6132.08 3302.61
680.068 6132.08 3298.65
686.358 6132.08 3293.97
692.647 6132.08 3288.25
698.936 6132.08 3281.19
705.225 6132.08 3271.87
711.515 6132.08 3255.61
717.804 6132.08 3233.37
724.093 6132.08 3224.38
730.383 6132.08 3223.67
736.672 6132.08 3222.95
742.961 6132.08 3222.23
749.251 6132.08 3221.51
755.540 6132.08 3207.63
761.829 6132.08 3191.25
768.119 6132.08 3173.67
774.408 6132.08 3167.80
780.697 6132.08 3167.07
786.986 6132.08 3166.34
793.276 6132.08 3165.60
799.565 6132.08 3164.87
805.854 6132.08 3164.12
812.144 6132.08 3163.40
818.433 6132.08 3162.66
824.722 6132.08 3161.92
831.012 6132.08 3161.18
837.301 6132.08 3155.35
843.590 6132.08 3115.69
849.880 6132.08 3070.49
856.169 6132.08 3032.66
862.458 6132.08 3032.18
868.747 6132.08 3031.69
875.037 6132.08 3031.21
881.326 6132.08 3030.73
887.615 6132.08 3030.25
893.905 6132.08 3029.77
900.194 6132.08 3029.29
906.483 6132.08 3028.82
912.773 6132.08 3028.34
919.062 6132.08 3027.86
925.351 6132.08 3027.39
931.641 6132.08 3026.92
937.930 6132.08 3026.45
944.219 6132.08 3025.98
950.508 6132.08 3025.51
956.798 6132.08 3025.04
963.087 6132.08 3024.57
969.376 6132.08 3024.11
975.666 6132.08 3023.64
981.955 6132.08 3023.18
988.244 6132.08 3022.71
994.534 6132.08 3022.25
1000.82 6132.08 3021.79
1007.11 6132.08 3021.33
1013.40 6132.08 3020.87
1019.69 6132.08 3020.41
1025.98 6132.08 3019.95
1032.27 6132.08 3019.50
1038.56 6132.08 3019.04
1044.85 6132.08 3018.59
1051.14 6132.08 3018.14
1057.43 6132.08 3017.69
1063.72 6132.08 3017.24
1070.01 6132.08 3016.79
1076.29 6132.08 3016.34
1082.58 6132.08 3015.89
1088.87 6132.08 3015.45
1095.16 6132.08 3015.00
1101.45 6132.08 3014.56
1107.74 6132.08 3014.12
1114.03 6132.08 3013.68
1120.32 6132.08 3013.24
1126.61 6132.08 3012.80
1132.90 6132.08 3012.37
1139.19 6132.08 3011.93
1145.48 6132.08 3011.50
1151.77 6132.08 3011.06
1158.06 6132.08 3010.63
1164.34 6132.08 3010.20
1170.63 6132.08 3009.78
1176.92 6132.08 3009.35
1183.21 6132.08 3008.93
1189.50 6132.08 3008.51
1195.79 6132.08 3008.08
1202.08 6132.08 3007.67
1208.37 6132.08 3007.25
1214.66 6132.08 3006.83
1220.95 6132.08 3006.42
1227.24 6132.08 3006.00
1233.53 6132.08 3005.60
1239.82 6132.08 3005.19
1246.11 6132.08 3004.78
1252.40 6132.08 3004.38
1258.68 6132.08 3003.97
1264.97 6132.08 3003.57
1271.26 6132.08 3003.18
1277.55 6132.08 3002.78
1283.84 6132.08 3002.39
1290.13 6132.08 3001.99
1296.42 6132.08 3001.61
1302.71 6132.08 3001.22
1309.00 6132.08 3000.83
1315.29 6132.08 3000.45
1321.58 6132.08 3000.07
1327.87 6132.08 2999.69
1334.16 6132.08 2999.32
1340.45 6132.08 2998.95
1346.73 6132.08 2998.58
1353.02 6132.08 2998.21
1359.31 6132.08 2997.85
1365.60 6132.08 2997.48
1371.89 6132.08 2997.13
1378.18 6132.08 2996.77
1384.47 6132.08 2996.42
1390.76 6132.08 2996.07
1397.05 6132.08 2995.72
1403.34 6132.08 2995.38
1409.63 6132.08 2995.04
1415.92 6132.08 2994.70
1422.21 6132.08 2994.37
1428.50 6132.08 2994.04
1434.79 6132.08 2993.71
1441.07 6132.08 2993.38
1447.36 6132.08 2993.06
1453.65 6132.08 2992.75
1459.94 6132.08 2992.43
1466.23 6132.08 2992.12
1472.52 6132.08 2991.81
1478.81 6132.08 2991.50
1485.10 6132.08 2991.20
1491.39 6132.08 2990.91
1497.68 6132.08 2990.61
1503.97 6132.08 2990.32
1510.26 6132.08 2990.03
1516.55 6132.08 2989.75
1522.84 6132.08 2989.47
1529.12 6132.08 2989.19
1535.41 6132.08 2988.92
1541.70 6132.08 2988.64
1547.99 6132.08 2988.38
1554.28 6132.08 2988.12
1560.57 6132.08 2987.86
1566.86 6132.08 2987.60
1573.15 6132.08 2987.35
573.150 6257.86 3333.37
579.439 6257.86 3332.37
585.729 6257.86 3331.32
592.018 6257.86 3330.20
598.307 6257.86 3329.04
604.597 6257.86 3327.79
610.886 6257.86 3326.48
617.175 6257.86 3325.10
623.464 6257.86 3323.60
629.754 6257.86 3321.99
636.043 6257.86 3320.27
642.332 6257.86 3318.42
648.622 6257.86 3316.38
654.911 6257.86 3314.14
661.200 6257.86 3311.71
667.490 6257.86 3308.96
673.779 6257.86 3305.86
680.068 6257.86 3302.30
686.358 6257.86 3298.17
692.647 6257.86 3293.28
698.936 6257.86 3287.33
705.225 6257.86 3279.79
711.515 6257.86 3269.91
717.804 6257.86 3253.21
724.093 6257.86 3230.44
730.383 6257.86 3225.15
736.672 6257.86 3224.42
742.961 6257.86 3223.68
749.251 6257.86 3222.95
755.540 6257.86 3222.21
761.829 6257.86 3217.98
768.119 6257.86 3201.85
774.408 6257.86 3184.59
780.697 6257.86 3167.58
786.986 6257.86 3166.85
793.276 6257.86 3166.12
799.565 6257.86 3165.39
805.854 6257.86 3164.65
812.144 6257.86 3163.92
818.433 6257.86 3163.18
824.722 6257.86 3162.45
831.012 6257.86 3161.71
837.301 6257.86 3160.97
843.590 6257.86 3160.23
849.880 6257.86 3153.36
856.169 6257.86 3114.26
862.458 6257.86 3069.90
868.747 6257.86 3032.60
875.037 6257.86 3032.12
881.326 6257.86 3031.63
887.615 6257.86 3031.15
893.905 6257.86 3030.67
900.194 6257.86 3030.19
906.483 6257.86 3029.71
912.773 6257.86 3029.23
919.062 6257.86 3028.76
925.351 6257.86 3028.28
931.641 6257.86 3027.81
937.930 6257.86 3027.34
944.219 6257.86 3026.87
950.508 6257.86 3026.39
956.798 6257.86 3025.92
963.087 6257.86 3025.46
969.376 6257.86 3024.99
975.666 6257.86 3024.52
981.955 6257.86 3024.06
988.244 6257.86 3023.59
994.534 6257.86 3023.13
1000.82 6257.86 3022.67
1007.11 6257.86 3022.21
1013.40 6257.86 3021.75
1019.69 6257.86 3021.28
1025.98 6257.86 3020.83
1032.27 6257.86 3020.37
1038.56 6257.86 3019.92
1044.85 6257.86 3019.47
1051.14 6257.86 3019.01
1057.43 6257.86 3018.56
1063.72 6257.86 3018.11
1070.01 6257.86 3017.66
1076.29 6257.86 3017.22
1082.58 6257.86 3016.77
1088.87 6257.86 3016.33
1095.16 6257.86 3015.88
1101.45 6257.86 3015.44
1107.74 6257.86 3015.00
1114.03 6257.86 3014.56
1120.32 6257.86 3014.12
1126.61 6257.86 3013.69
1132.90 6257.86 3013.25
1139.19 6257.86 3012.82
1145.48 6257.86 3012.38
1151.77 6257.86 3011.95
1158.06 6257.86 3011.52
1164.34 6257.86 3011.10
1170.63 6257.86 3010.67
1176.92 6257.86 3010.25
1183.21 6257.86 3009.82
1189.50 6257.86 3009.41
1195.79 6257.86 3008.98
1202.08 6257.86 3008.57
1208.37 6257.86 3008.15
1214.66 6257.86 3007.74
1220.95 6257.86 3007.33
1227.24 6257.86 3006.92
1233.53 6257.86 3006.51
1239.82 6257.86 3006.10
1246.11 6257.86 3005.70
1252.40 6257.86 3005.30
1258.68 6257.86 3004.90
1264.97 6257.86 3004.50
1271.26 6257.86 3004.11
1277.55 6257.86 3003.71
1283.84 6257.86 3003.32
1290.13 6257.86 3002.94
1296.42 6257.86 3002.55
1302.71 6257.86 3002.17
1309.00 6257.86 3001.78
1315.29 6257.86 3001.40
1321.58 6257.86 3001.03
1327.87 6257.86 3000.66
1334.16 6257.86 3000.29
1340.45 6257.86 2999.92
1346.73 6257.86 2999.55
1353.02 6257.86 2999.19
1359.31 6257.86 2998.83
1365.60 6257.86 2998.47
1371.89 6257.86 2998.12
1378.18 6257.86 2997.77
1384.47 6257.86 2997.42
1390.76 6257.86 2997.08
1397.05 6257.86 2996.74
1403.34 6257.86 2996.39
1409.63 6257.86 2996.06
1415.92 6257.86 2995.73
1422.21 6257.86 2995.40
1428.50 6257.86 2995.07
1434.79 6257.86 2994.75
1441.07 6257.86 2994.43
1447.36 6257.86 2994.11
1453.65 6257.86 2993.80
1459.94 6257.86 2993.50
1466.23 6257.86 2993.19
1472.52 6257.86 2992.89
1478.81 6257.86 2992.59
1485.10 6257.86 2992.30
1491.39 6257.86 2992.00
1497.68 6257.86 2991.72
1503.97 6257.86 2991.43
1510.26 6257.86 2991.15
1516.55 6257.86 2990.88
1522.84 6257.86 2990.60
1529.12 6257.86 2990.33
1535.41 6257.86 2990.07
1541.70 6257.86 2989.80
1547.99 6257.86 2989.55
1554.28 6257.86 2989.29
1560.57 6257.86 2989.04
1566.86 6257.86 2988.79
1573.15 6257.86 2988.55
573.150 6383.65 3335.04
579.439 6383.65 3334.05
585.729 6383.65 3333.02
592.018 6383.65 3331.94
598.307 6383.65 3330.79
604.597 6383.65 3329.59
610.886 6383.65 3328.31
617.175 6383.65 3326.96
623.464 6383.65 3325.53
629.754 6383.65 3323.99
636.043 6383.65 3322.34
642.332 6383.65 3320.56
648.622 6383.65 3318.65
654.911 6383.65 3316.55
661.200 6383.65 3314.25
667.490 6383.65 3311.72
673.779 6383.65 3308.87
680.068 6383.65 3305.69
686.358 6383.65 3301.99
692.647 6383.65 3297.69
698.936 6383.65 3292.59
705.225 6383.65 3286.26
711.515 6383.65 3278.32
717.804 6383.65 3267.87
724.093 6383.65 3253.43
730.383 6383.65 3227.34
736.672 6383.65 3225.91
742.961 6383.65 3225.17
749.251 6383.65 3224.42
755.540 6383.65 3223.66
761.829 6383.65 3222.90
768.119 6383.65 3222.12
774.408 6383.65 3210.98
780.697 6383.65 3194.44
786.986 6383.65 3176.51
793.276 6383.65 3166.64
799.565 6383.65 3165.90
805.854 6383.65 3165.17
812.144 6383.65 3164.44
818.433 6383.65 3163.70
824.722 6383.65 3162.97
831.012 6383.65 3162.23
837.301 6383.65 3161.50
843.590 6383.65 3160.76
849.880 6383.65 3160.02
856.169 6383.65 3159.28
862.458 6383.65 3152.07
868.747 6383.65 3113.68
875.037 6383.65 3070.62
881.326 6383.65 3032.55
887.615 6383.65 3032.07
893.905 6383.65 3031.58
900.194 6383.65 3031.10
906.483 6383.65 3030.62
912.773 6383.65 3030.14
919.062 6383.65 3029.66
925.351 6383.65 3029.19
931.641 6383.65 3028.71
937.930 6383.65 3028.24
944.219 6383.65 3027.76
950.508 6383.65 3027.29
956.798 6383.65 3026.82
963.087 6383.65 3026.35
969.376 6383.65 3025.88
975.666 6383.65 3025.41
981.955 6383.65 3024.95
988.244 6383.65 3024.48
994.534 6383.65 3024.02
1000.82 6383.65 3023.56
1007.11 6383.65 3023.10
1013.40 6383.65 3022.64
1019.69 6383.65 3022.18
1025.98 6383.65 3021.72
1032.27 6383.65 3021.26
1038.56 6383.65 3020.81
1044.85 6383.65 3020.35
1051.14 6383.65 3019.90
1057.43 6383.65 3019.46
1063.72 6383.65 3019.01
1070.01 6383.65 3018.55
1076.29 6383.65 3018.11
1082.58 6383.65 3017.66
1088.87 6383.65 3017.21
1095.16 6383.65 3016.77
1101.45 6383.65 3016.33
1107.74 6383.65 3015.89
1114.03 6383.65 3015.45
1120.32 6383.65 3015.02
1126.61 6383.65 3014.58
1132.90 6383.65 3014.15
1139.19 6383.65 3013.71
1145.48 6383.65 3013.28
1151.77 6383.65 3012.85
1158.06 6383.65 3012.43
1164.34 6383.65 3012.00
1170.63 6383.65 3011.58
1176.92 6383.65 3011.16
1183.21 6383.65 3010.73
1189.50 6383.65 3010.31
1195.79 6383.65 3009.90
1202.08 6383.65 3009.48
1208.37 6383.65 3009.07
1214.66 6383.65 3008.66
1220.95 6383.65 3008.25
1227.24 6383.65 3007.84
1233.53 6383.65 3007.44
1239.82 6383.65 3007.03
1246.11 6383.65 3006.63
1252.40 6383.65 3006.23
1258.68 6383.65 3005.84
1264.97 6383.65 3005.44
1271.26 6383.65 3005.05
1277.55 6383.65 3004.66
1283.84 6383.65 3004.27
1290.13 6383.65 3003.89
1296.42 6383.65 3003.51
1302.71 6383.65 3003.13
1309.00 6383.65 3002.75
1315.29 6383.65 3002.37
1321.58 6383.65 3002.00
1327.87 6383.65 3001.63
1334.16 6383.65 3001.27
1340.45 6383.65 3000.90
1346.73 6383.65 3000.54
1353.02 6383.65 3000.18
1359.31 6383.65 2999.83
1365.60 6383.65 2999.48
1371.89 6383.65 2999.13
1378.18 6383.65 2998.78
1384.47 6383.65 2998.44
1390.76 6383.65 2998.10
1397.05 6383.65 2997.76
1403.34 6383.65 2997.43
1409.63 6383.65 2997.10
1415.92 6383.65 2996.77
1422.21 6383.65 2996.45
1428.50 6383.65 2996.13
1434.79 6383.65 2995.81
1441.07 6383.65 2995.50
1447.36 6383.65 2995.19
1453.65 6383.65 2994.88
1459.94 6383.65 2994.58
1466.23 6383.65 2994.28
1472.52 6383.65 2993.99
1478.81 6383.65 2993.69
1485.10 6383.65 2993.41
1491.39 6383.65 2993.12
1497.68 6383.65 2992.84
1503.97 6383.65 2992.57
1510.26 6383.65 2992.29
1516.55 6383.65 2992.02
1522.84 6383.65 2991.76
1529.12 6383.65 2991.49
1535.41 6383.65 2991.24
1541.70 6383.65 2990.98
1547.99 6383.65 2990.73
1554.28 6383.65 2990.48
1560.57 6383.65 2990.24
1566.86 6383.65 2990.00
1573.15 6383.65 2989.77
573.150 6509.43 3336.75
579.439 6509.43 3335.77
585.729 6509.43 3334.75
592.018 6509.43 3333.69
598.307 6509.43 3332.56
604.597 6509.43 3331.39
610.886 6509.43 3330.15
617.175 6509.43 3328.83
623.464 6509.43 3327.55
629.754 6509.43 3325.96
636.043 6509.43 3324.38
642.332 6509.43 3322.68
648.622 6509.43 3320.86
654.911 6509.43 3318.87
661.200 6509.43 3316.72
667.490 6509.43 3314.37
673.779 6509.43 3311.74
680.068 6509.43 3308.79
686.358 6509.43 3305.45
692.647 6509.43 3301.66
698.936 6509.43 3297.16
705.225 6509.43 3291.82
711.515 6509.43 3285.19
717.804 6509.43 3276.76
724.093 6509.43 3265.59
730.383 6509.43 3247.97
736.672 6509.43 3227.45
742.961 6509.43 3226.69
749.251 6509.43 3225.92
755.540 6509.43 3225.16
761.829 6509.43 3224.38
768.119 6509.43 3223.59
774.408 6509.43 3222.80
780.697 6509.43 3219.20
786.986 6509.43 3203.73
793.276 6509.43 3186.64
799.565 6509.43 3168.26
805.854 6509.43 3165.69
812.144 6509.43 3164.96
818.433 6509.43 3164.23
824.722 6509.43 3163.49
831.012 6509.43 3162.76
837.301 6509.43 3162.02
843.590 6509.43 3161.28
849.880 6509.43 3160.55
856.169 6509.43 3159.81
862.458 6509.43 3159.07
868.747 6509.43 3158.32
875.037 6509.43 3151.51
881.326 6509.43 3113.75
887.615 6509.43 3071.30
893.905 6509.43 3032.51
900.194 6509.43 3032.03
906.483 6509.43 3031.55
912.773 6509.43 3031.07
919.062 6509.43 3030.58
925.351 6509.43 3030.11
931.641 6509.43 3029.63
937.930 6509.43 3029.15
944.219 6509.43 3028.68
950.508 6509.43 3028.20
956.798 6509.43 3027.73
963.087 6509.43 3027.26
969.376 6509.43 3026.79
975.666 6509.43 3026.32
981.955 6509.43 3025.85
988.244 6509.43 3025.39
994.534 6509.43 3024.92
1000.82 6509.43 3024.46
1007.11 6509.43 3024.00
1013.40 6509.43 3023.54
1019.69 6509.43 3023.08
1025.98 6509.43 3022.61
1032.27 6509.43 3022.16
1038.56 6509.43 3021.71
1044.85 6509.43 3021.25
1051.14 6509.43 3020.80
1057.43 6509.43 3020.35
1063.72 6509.43 3019.91
1070.01 6509.43 3019.46
1076.29 6509.43 3019.01
1082.58 6509.43 3018.56
1088.87 6509.43 3018.12
1095.16 6509.43 3017.68
1101.45 6509.43 3017.24
1107.74 6509.43 3016.80
1114.03 6509.43 3016.36
1120.32 6509.43 3015.92
1126.61 6509.43 3015.49
1132.90 6509.43 3015.06
1139.19 6509.43 3014.62
1145.48 6509.43 3014.19
1151.77 6509.43 3013.77
1158.06 6509.43 3013.34
1164.34 6509.43 3012.92
1170.63 6509.43 3012.49
1176.92 6509.43 3012.07
1183.21 6509.43 3011.66
1189.50 6509.43 3011.24
1195.79 6509.43 3010.82
1202.08 6509.43 3010.41
1208.37 6509.43 3010.00
1214.66 6509.43 3009.59
1220.95 6509.43 3009.18
1227.24 6509.43 3008.78
1233.53 6509.43 3008.38
1239.82 6509.43 3007.98
1246.11 6509.43 3007.58
1252.40 6509.43 3007.18
1258.68 6509.43 3006.79
1264.97 6509.43 3006.39
1271.26 6509.43 3006.01
1277.55 6509.43 3005.62
1283.84 6509.43 3005.24
1290.13 6509.43 3004.85
1296.42 6509.43 3004.48
1302.71 6509.43 3004.10
1309.00 6509.43 3003.73
1315.29 6509.43 3003.36
1321.58 6509.43 3002.99
1327.87 6509.43 3002.62
1334.16 6509.43 3002.26
1340.45 6509.43 3001.90
1346.73 6509.43 3001.55
1353.02 6509.43 3001.19
1359.31 6509.43 3000.84
1365.60 6509.43 3000.49
1371.89 6509.43 3000.15
1378.18 6509.43 2999.81
1384.47 6509.43 2999.47
1390.76 6509.43 2999.13
1397.05 6509.43 2998.80
1403.34 6509.43 2998.47
1409.63 6509.43 2998.15
1415.92 6509.43 2997.83
1422.21 6509.43 2997.52
1428.50 6509.43 2997.20
1434.79 6509.43 2996.89
1441.07 6509.43 2996.58
1447.36 6509.43 2996.28
1453.65 6509.43 2995.98
1459.94 6509.43 2995.69
1466.23 6509.43 2995.40
1472.52 6509.43 2995.10
1478.81 6509.43 2994.82
1485.10 6509.43 2994.54
1491.39 6509.43 2994.26
1497.68 6509.43 2993.99
1503.97 6509.43 2993.72
1510.26 6509.43 2993.45
1516.55 6509.43 2993.19
1522.84 6509.43 2992.93
1529.12 6509.43 2992.68
1535.41 6509.43 2992.43
1541.70 6509.43 2992.18
1547.99 6509.43 2991.94
1554.28 6509.43 2991.70
1560.57 6509.43 2991.47
1566.86 6509.43 2991.24
1573.15 6509.43 2991.01
573.150 6635.22 3338.50
579.439 6635.22 3337.53
585.729 6635.22 3336.52
592.018 6635.22 3335.47
598.307 6635.22 3334.36
604.597 6635.22 3333.21
610.886 6635.22 3332.00
617.175 6635.22 3330.71
623.464 6635.22 3329.37
629.754 6635.22 3327.93
636.043 6635.22 3326.41
642.332 6635.22 3324.78
648.622 6635.22 3323.03
654.911 6635.22 3321.15
661.200 6635.22 3319.11
667.490 6635.22 3316.89
673.779 6635.22 3314.45
680.068 6635.22 3311.73
686.358 6635.22 3308.72
692.647 6635.22 3305.26
698.936 6635.22 3301.26
705.225 6635.22 3296.61
711.515 6635.22 3290.96
717.804 6635.22 3284.02
724.093 6635.22 3275.06
730.383 6635.22 3263.19
736.672 6635.22 3245.11
742.961 6635.22 3228.25
749.251 6635.22 3227.46
755.540 6635.22 3226.68
761.829 6635.22 3225.89
768.119 6635.22 3225.08
774.408 6635.22 3224.28
780.697 6635.22 3223.47
786.986 6635.22 3222.67
793.276 6635.22 3212.55
799.565 6635.22 3196.42
805.854 6635.22 3178.99
812.144 6635.22 3165.48
818.433 6635.22 3164.75
824.722 6635.22 3164.01
831.012 6635.22 3163.28
837.301 6635.22 3162.55
843.590 6635.22 3161.81
849.880 6635.22 3161.07
856.169 6635.22 3160.33
862.458 6635.22 3159.60
868.747 6635.22 3158.85
875.037 6635.22 3158.11
881.326 6635.22 3157.37
887.615 6635.22 3151.43
893.905 6635.22 3114.69
900.194 6635.22 3073.14
906.483 6635.22 3032.49
912.773 6635.22 3032.00
919.062 6635.22 3031.52
925.351 6635.22 3031.04
931.641 6635.22 3030.56
937.930 6635.22 3030.08
944.219 6635.22 3029.60
950.508 6635.22 3029.13
956.798 6635.22 3028.65
963.087 6635.22 3028.18
969.376 6635.22 3027.71
975.666 6635.22 3027.24
981.955 6635.22 3026.77
988.244 6635.22 3026.31
994.534 6635.22 3025.84
1000.82 6635.22 3025.38
1007.11 6635.22 3024.91
1013.40 6635.22 3024.45
1019.69 6635.22 3023.99
1025.98 6635.22 3023.53
1032.27 6635.22 3023.08
1038.56 6635.22 3022.62
1044.85 6635.22 3022.17
1051.14 6635.22 3021.71
1057.43 6635.22 3021.27
1063.72 6635.22 3020.82
1070.01 6635.22 3020.37
1076.29 6635.22 3019.92
1082.58 6635.22 3019.48
1088.87 6635.22 3019.03
1095.16 6635.22 3018.59
1101.45 6635.22 3018.15
1107.74 6635.22 3017.72
1114.03 6635.22 3017.28
1120.32 6635.22 3016.84
1126.61 6635.22 3016.41
1132.90 6635.22 3015.97
1139.19 6635.22 3015.55
1145.48 6635.22 3015.12
1151.77 6635.22 3014.69
1158.06 6635.22 3014.27
1164.34 6635.22 3013.85
1170.63 6635.22 3013.43
1176.92 6635.22 3013.01
1183.21 6635.22 3012.59
1189.50 6635.22 3012.17
1195.79 6635.22 3011.76
1202.08 6635.22 3011.35
1208.37 6635.22 3010.94
1214.66 6635.22 3010.54
1220.95 6635.22 3010.13
1227.24 6635.22 3009.73
1233.53 6635.22 3009.33
1239.82 6635.22 3008.93
1246.11 6635.22 3008.53
1252.40 6635.22 3008.14
1258.68 6635.22 3007.75
1264.97 6635.22 3007.36
1271.26 6635.22 3006.98
1277.55 6635.22 3006.59
1283.84 6635.22 3006.21
1290.13 6635.22 3005.84
1296.42 6635.22 3005.46
1302.71 6635.22 3005.09
1309.00 6635.22 3004.72
1315.29 6635.22 3004.35
1321.58 6635.22 3003.99
1327.87 6635.22 3003.63
1334.16 6635.22 3003.27
1340.45 6635.22 3002.91
1346.73 6635.22 3002.56
1353.02 6635.22 3002.21
1359.31 6635.22 3001.87
1365.60 6635.22 3001.53
1371.89 6635.22 3001.19
1378.18 6635.22 3000.85
1384.47 6635.22 3000.52
1390.76 6635.22 3000.19
1397.05 6635.22 2999.87
1403.34 6635.22 2999.55
1409.63 6635.22 2999.22
1415.92 6635.22 2998.91
1422.21 6635.22 2998.60
1428.50 6635.22 2998.29
1434.79 6635.22 2997.98
1441.07 6635.22 2997.69
1447.36 6635.22 2997.39
1453.65 6635.22 2997.10
1459.94 6635.22 2996.81
1466.23 6635.22 2996.52
1472.52 6635.22 2996.24
1478.81 6635.22 2995.97
1485.10 6635.22 2995.69
1491.39 6635.22 2995.42
1497.68 6635.22 2995.15
1503.97 6635.22 2994.90
1510.26 6635.22 2994.63
1516.55 6635.22 2994.37
1522.84 6635.22 2994.13
1529.12 6635.22 2993.89
1535.41 6635.22 2993.64
1541.70 6635.22 2993.41
1547.99 6635.22 2993.17
1554.28 6635.22 2992.94
1560.57 6635.22 2992.71
1566.86 6635.22 2992.49
1573.15 6635.22 2992.27
573.150 6761.01 3340.30
579.439 6761.01 3339.34
585.729 6761.01 3338.34
592.018 6761.01 3337.29
598.307 6761.01 3336.20
604.597 6761.01 3335.07
610.886 6761.01 3333.87
617.175 6761.01 3332.62
623.464 6761.01 3331.30
629.754 6761.01 3329.90
636.043 6761.01 3328.43
642.332 6761.01 3326.85
648.622 6761.01 3325.19
654.911 6761.01 3323.37
661.200 6761.01 3321.43
667.490 6761.01 3319.33
673.779 6761.01 3317.06
680.068 6761.01 3314.52
686.358 6761.01 3311.73
692.647 6761.01 3308.57
698.936 6761.01 3304.98
705.225 6761.01 3300.86
711.515 6761.01 3296.01
717.804 6761.01 3290.06
724.093 6761.01 3282.74
730.383 6761.01 3273.25
736.672 6761.01 3260.57
742.961 6761.01 3242.08
749.251 6761.01 3229.05
755.540 6761.01 3228.25
761.829 6761.01 3227.44
768.119 6761.01 3226.61
774.408 6761.01 3225.79
780.697 6761.01 3224.98
786.986 6761.01 3224.16
793.276 6761.01 3223.34
799.565 6761.01 3220.95
805.854 6761.01 3205.78
812.144 6761.01 3189.22
818.433 6761.01 3171.36
824.722 6761.01 3164.53
831.012 6761.01 3163.80
837.301 6761.01 3163.07
843.590 6761.01 3162.33
849.880 6761.01 3161.60
856.169 6761.01 3160.86
862.458 6761.01 3160.12
868.747 6761.01 3159.38
875.037 6761.01 3158.64
881.326 6761.01 3157.90
887.615 6761.01 3157.16
893.905 6761.01 3156.41
900.194 6761.01 3152.09
906.483 6761.01 3116.42
912.773 6761.01 3075.83
919.062 6761.01 3032.47
925.351 6761.01 3031.99
931.641 6761.01 3031.51
937.930 6761.01 3031.03
944.219 6761.01 3030.54
950.508 6761.01 3030.07
956.798 6761.01 3029.59
963.087 6761.01 3029.12
969.376 6761.01 3028.65
975.666 6761.01 3028.18
981.955 6761.01 3027.71
988.244 6761.01 3027.24
994.534 6761.01 3026.77
1000.82 6761.01 3026.31
1007.11 6761.01 3025.84
1013.40 6761.01 3025.38
1019.69 6761.01 3024.92
1025.98 6761.01 3024.46
1032.27 6761.01 3024.00
1038.56 6761.01 3023.55
1044.85 6761.01 3023.10
1051.14 6761.01 3022.64
1057.43 6761.01 3022.19
1063.72 6761.01 3021.74
1070.01 6761.01 3021.30
1076.29 6761.01 3020.85
1082.58 6761.01 3020.40
1088.87 6761.01 3019.96
1095.16 6761.01 3019.52
1101.45 6761.01 3019.08
1107.74 6761.01 3018.65
1114.03 6761.01 3018.21
1120.32 6761.01 3017.78
1126.61 6761.01 3017.34
1132.90 6761.01 3016.91
1139.19 6761.01 3016.48
1145.48 6761.01 3016.06
1151.77 6761.01 3015.63
1158.06 6761.01 3015.21
1164.34 6761.01 3014.79
1170.63 6761.01 3014.37
1176.92 6761.01 3013.95
1183.21 6761.01 3013.54
1189.50 6761.01 3013.12
1195.79 6761.01 3012.71
1202.08 6761.01 3012.31
1208.37 6761.01 3011.90
1214.66 6761.01 3011.49
1220.95 6761.01 3011.09
1227.24 6761.01 3010.69
1233.53 6761.01 3010.30
1239.82 6761.01 3009.90
1246.11 6761.01 3009.51
1252.40 6761.01 3009.12
1258.68 6761.01 3008.73
1264.97 6761.01 3008.35
1271.26 6761.01 3007.96
1277.55 6761.01 3007.59
1283.84 6761.01 3007.21
1290.13 6761.01 3006.83
1296.42 6761.01 3006.46
1302.71 6761.01 3006.09
1309.00 6761.01 3005.73
1315.29 6761.01 3005.37
1321.58 6761.01 3005.00
1327.87 6761.01 3004.65
1334.16 6761.01 3004.30
1340.45 6761.01 3003.95
1346.73 6761.01 3003.60
1353.02 6761.01 3003.26
1359.31 6761.01 3002.91
1365.60 6761.01 3002.58
1371.89 6761.01 3002.24
1378.18 6761.01 3001.91
1384.47 6761.01 3001.59
1390.76 6761.01 3001.26
1397.05 6761.01 3000.94
1403.34 6761.01 3000.63
1409.63 6761.01 3000.32
1415.92 6761.01 3000.01
1422.21 6761.01 2999.70
1428.50 6761.01 2999.40
1434.79 6761.01 2999.10
1441.07 6761.01 2998.81
1447.36 6761.01 2998.52
1453.65 6761.01 2998.23
1459.94 6761.01 2997.95
1466.23 6761.01 2997.67
1472.52 6761.01 2997.40
1478.81 6761.01 2997.13
1485.10 6761.01 2996.87
1491.39 6761.01 2996.60
1497.68 6761.01 2996.34
1503.97 6761.01 2996.09
1510.26 6761.01 2995.84
1516.55 6761.01 2995.59
1522.84 6761.01 2995.35
1529.12 6761.01 2995.11
1535.41 6761.01 2994.88
1541.70 6761.01 2994.65
1547.99 6761.01 2994.42
1554.28 6761.01 2994.20
1560.57 6761.01 2993.98
1566.86 6761.01 2993.77
1573.15 6761.01 2993.56
573.150 6886.79 3342.15
579.439 6886.79 3341.19
585.729 6886.79 3340.20
592.018 6886.79 3339.16
598.307 6886.79 3338.08
604.597 6886.79 3336.95
610.886 6886.79 3335.77
617.175 6886.79 3334.54
623.464 6886.79 3333.25
629.754 6886.79 3331.88
636.043 6886.79 3330.45
642.332 6886.79 3328.93
648.622 6886.79 3327.31
654.911 6886.79 3325.58
661.200 6886.79 3323.72
667.490 6886.79 3321.72
673.779 6886.79 3319.57
680.068 6886.79 3317.20
686.358 6886.79 3314.56
692.647 6886.79 3311.71
698.936 6886.79 3308.45
705.225 6886.79 3304.75
711.515 6886.79 3300.42
717.804 6886.79 3295.34
724.093 6886.79 3289.11
730.383 6886.79 3281.41
736.672 6886.79 3271.38
742.961 6886.79 3257.82
749.251 6886.79 3238.89
755.540 6886.79 3229.85
761.829 6886.79 3229.03
768.119 6886.79 3228.18
774.408 6886.79 3227.35
780.697 6886.79 3226.51
786.986 6886.79 3225.68
793.276 6886.79 3224.85
799.565 6886.79 3224.02
805.854 6886.79 3223.19
812.144 6886.79 3214.72
818.433 6886.79 3199.04
824.722 6886.79 3182.05
831.012 6886.79 3164.32
837.301 6886.79 3163.59
843.590 6886.79 3162.86
849.880 6886.79 3162.12
856.169 6886.79 3161.39
862.458 6886.79 3160.65
868.747 6886.79 3159.91
875.037 6886.79 3159.17
881.326 6886.79 3158.43
887.615 6886.79 3157.69
893.905 6886.79 3156.94
900.194 6886.79 3156.20
906.483 6886.79 3155.45
912.773 6886.79 3153.18
919.062 6886.79 3118.34
925.351 6886.79 3079.52
931.641 6886.79 3035.92
937.930 6886.79 3031.99
944.219 6886.79 3031.51
950.508 6886.79 3031.03
956.798 6886.79 3030.55
963.087 6886.79 3030.08
969.376 6886.79 3029.60
975.666 6886.79 3029.13
981.955 6886.79 3028.66
988.244 6886.79 3028.19
994.534 6886.79 3027.72
1000.82 6886.79 3027.25
1007.11 6886.79 3026.79
1013.40 6886.79 3026.33
1019.69 6886.79 3025.87
1025.98 6886.79 3025.41
1032.27 6886.79 3024.95
1038.56 6886.79 3024.49
1044.85 6886.79 3024.04
1051.14 6886.79 3023.59
1057.43 6886.79 3023.14
1063.72 6886.79 3022.69
1070.01 6886.79 3022.24
1076.29 6886.79 3021.79
1082.58 6886.79 3021.35
1088.87 6886.79 3020.91
1095.16 6886.79 3020.47
1101.45 6886.79 3020.03
1107.74 6886.79 3019.59
1114.03 6886.79 3019.16
1120.32 6886.79 3018.72
1126.61 6886.79 3018.29
1132.90 6886.79 3017.86
1139.19 6886.79 3017.44
1145.48 6886.79 3017.01
1151.77 6886.79 3016.59
1158.06 6886.79 3016.16
1164.34 6886.79 3015.74
1170.63 6886.79 3015.33
1176.92 6886.79 3014.91
1183.21 6886.79 3014.50
1189.50 6886.79 3014.09
1195.79 6886.79 3013.68
1202.08 6886.79 3013.27
1208.37 6886.79 3012.87
1214.66 6886.79 3012.47
1220.95 6886.79 3012.07
1227.24 6886.79 3011.67
1233.53 6886.79 3011.28
1239.82 6886.79 3010.89
1246.11 6886.79 3010.49
1252.40 6886.79 3010.11
1258.68 6886.79 3009.72
1264.97 6886.79 3009.34
1271.26 6886.79 3008.96
1277.55 6886.79 3008.59
1283.84 6886.79 3008.22
1290.13 6886.79 3007.84
1296.42 6886.79 3007.48
1302.71 6886.79 3007.11
1309.00 6886.79 3006.75
1315.29 6886.79 3006.39
1321.58 6886.79 3006.04
1327.87 6886.79 3005.69
1334.16 6886.79 3005.34
1340.45 6886.79 3004.99
1346.73 6886.79 3004.65
1353.02 6886.79 3004.31
1359.31 6886.79 3003.98
1365.60 6886.79 3003.65
1371.89 6886.79 3003.32
1378.18 6886.79 3002.99
1384.47 6886.79 3002.67
1390.76 6886.79 3002.35
1397.05 6886.79 3002.04
1403.34 6886.79 3001.73
1409.63 6886.79 3001.43
1415.92 6886.79 3001.12
1422.21 6886.79 3000.82
1428.50 6886.79 3000.53
1434.79 6886.79 3000.24
1441.07 6886.79 2999.95
1447.36 6886.79 2999.67
1453.65 6886.79 2999.39
1459.94 6886.79 2999.12
1466.23 6886.79 2998.84
1472.52 6886.79 2998.58
1478.81 6886.79 2998.31
1485.10 6886.79 2998.06
1491.39 6886.79 2997.80
1497.68 6886.79 2997.55
1503.97 6886.79 2997.31
1510.26 6886.79 2997.07
1516.55 6886.79 2996.83
1522.84 6886.79 2996.60
1529.12 6886.79 2996.36
1535.41 6886.79 2996.14
1541.70 6886.79 2995.92
1547.99 6886.79 2995.70
1554.28 6886.79 2995.48
1560.57 6886.79 2995.27
1566.86 6886.79 2995.07
1573.15 6886.79 2994.87
573.150 7012.58 3344.08
579.439 7012.58 3343.11
585.729 7012.58 3342.11
592.018 7012.58 3341.07
598.307 7012.58 3340.00
604.597 7012.58 3338.88
610.886 7012.58 3337.72
617.175 7012.58 3336.50
623.464 7012.58 3335.22
629.754 7012.58 3333.89
636.043 7012.58 3332.48
642.332 7012.58 3331.00
648.622 7012.58 3329.44
654.911 7012.58 3327.77
661.200 7012.58 3325.99
667.490 7012.58 3324.08
673.779 7012.58 3322.03
680.068 7012.58 3319.80
686.358 7012.58 3317.36
692.647 7012.58 3314.66
698.936 7012.58 3311.66
705.225 7012.58 3308.28
711.515 7012.58 3304.42
717.804 7012.58 3299.93
724.093 7012.58 3294.62
730.383 7012.58 3288.12
736.672 7012.58 3279.93
742.961 7012.58 3269.26
749.251 7012.58 3254.88
755.540 7012.58 3235.42
761.829 7012.58 3230.65
768.119 7012.58 3229.79
774.408 7012.58 3228.93
780.697 7012.58 3228.08
786.986 7012.58 3227.23
793.276 7012.58 3226.39
799.565 7012.58 3225.54
805.854 7012.58 3224.70
812.144 7012.58 3223.86
818.433 7012.58 3222.89
824.722 7012.58 3208.35
831.012 7012.58 3192.39
837.301 7012.58 3175.12
843.590 7012.58 3163.38
849.880 7012.58 3162.65
856.169 7012.58 3161.91
862.458 7012.58 3161.18
868.747 7012.58 3160.44
875.037 7012.58 3159.70
881.326 7012.58 3158.96
887.615 7012.58 3158.22
893.905 7012.58 3157.48
900.194 7012.58 3156.73
906.483 7012.58 3155.99
912.773 7012.58 3155.24
919.062 7012.58 3154.48
925.351 7012.58 3153.73
931.641 7012.58 3121.01
937.930 7012.58 3083.06
944.219 7012.58 3041.01
950.508 7012.58 3032.00
956.798 7012.58 3031.53
963.087 7012.58 3031.05
969.376 7012.58 3030.57
975.666 7012.58 3030.10
981.955 7012.58 3029.62
988.244 7012.58 3029.15
994.534 7012.58 3028.68
1000.82 7012.58 3028.22
1007.11 7012.58 3027.75
1013.40 7012.58 3027.28
1019.69 7012.58 3026.83
1025.98 7012.58 3026.37
1032.27 7012.58 3025.91
1038.56 7012.58 3025.45
1044.85 7012.58 3025.00
1051.14 7012.58 3024.54
1057.43 7012.58 3024.09
1063.72 7012.58 3023.64
1070.01 7012.58 3023.20
1076.29 7012.58 3022.75
1082.58 7012.58 3022.31
1088.87 7012.58 3021.86
1095.16 7012.58 3021.43
1101.45 7012.58 3020.99
1107.74 7012.58 3020.55
1114.03 7012.58 3020.12
1120.32 7012.58 3019.68
1126.61 7012.58 3019.25
1132.90 7012.58 3018.83
1139.19 7012.58 3018.40
1145.48 7012.58 3017.98
1151.77 7012.58 3017.55
1158.06 7012.58 3017.13
1164.34 7012.58 3016.72
1170.63 7012.58 3016.30
1176.92 7012.58 3015.89
1183.21 7012.58 3015.48
1189.50 7012.58 3015.07
1195.79 7012.58 3014.66
1202.08 7012.58 3014.26
1208.37 7012.58 3013.86
1214.66 7012.58 3013.46
1220.95 7012.58 3013.06
1227.24 7012.58 3012.67
1233.53 7012.58 3012.28
1239.82 7012.58 3011.89
1246.11 7012.58 3011.50
1252.40 7012.58 3011.12
1258.68 7012.58 3010.74
1264.97 7012.58 3010.36
1271.26 7012.58 3009.98
1277.55 7012.58 3009.61
1283.84 7012.58 3009.24
1290.13 7012.58 3008.87
1296.42 7012.58 3008.51
1302.71 7012.58 3008.15
1309.00 7012.58 3007.79
1315.29 7012.58 3007.44
1321.58 7012.58 3007.09
1327.87 7012.58 3006.74
1334.16 7012.58 3006.40
1340.45 7012.58 3006.06
1346.73 7012.58 3005.72
1353.02 7012.58 3005.39
1359.31 7012.58 3005.06
1365.60 7012.58 3004.73
1371.89 7012.58 3004.41
1378.18 7012.58 3004.09
1384.47 7012.58 3003.78
1390.76 7012.58 3003.46
1397.05 7012.58 3003.16
1403.34 7012.58 3002.86
1409.63 7012.58 3002.55
1415.92 7012.58 3002.26
1422.21 7012.58 3001.97
1428.50 7012.58 3001.68
1434.79 7012.58 3001.39
1441.07 7012.58 3001.11
1447.36 7012.58 3000.84
1453.65 7012.58 3000.57
1459.94 7012.58 3000.30
1466.23 7012.58 3000.04
1472.52 7012.58 2999.78
1478.81 7012.58 2999.52
1485.10 7012.58 2999.27
1491.39 7012.58 2999.03
1497.68 7012.58 2998.79
1503.97 7012.58 2998.55
1510.26 7012.58 2998.31
1516.55 7012.58 2998.08
1522.84 7012.58 2997.86
1529.12 7012.58 2997.64
1535.41 7012.58 2997.42
1541.70 7012.58 2997.20
1547.99 7012.58 2997.00
1554.28 7012.58 2996.78
1560.57 7012.58 2996.59
1566.86 7012.58 2996.40
1573.15 7012.58 2996.20
573.150 7138.36 3346.08
579.439 7138.36 3345.11
585.729 7138.36 3344.09
592.018 7138.36 3343.05
598.307 7138.36 3341.98
604.597 7138.36 3340.86
610.886 7138.36 3339.70
617.175 7138.36 3338.49
623.464 7138.36 3337.23
629.754 7138.36 3335.92
636.043 7138.36 3334.54
642.332 7138.36 3333.09
648.622 7138.36 3331.56
654.911 7138.36 3329.96
661.200 7138.36 3328.24
667.490 7138.36 3326.40
673.779 7138.36 3324.43
680.068 7138.36 3322.32
686.358 7138.36 3320.02
692.647 7138.36 3317.50
698.936 7138.36 3314.73
705.225 7138.36 3311.64
711.515 7138.36 3308.13
717.804 7138.36 3304.14
724.093 7138.36 3299.46
730.383 7138.36 3293.94
736.672 7138.36 3287.04
742.961 7138.36 3278.43
749.251 7138.36 3267.11
755.540 7138.36 3251.76
761.829 7138.36 3232.32
768.119 7138.36 3231.44
774.408 7138.36 3230.56
780.697 7138.36 3229.69
786.986 7138.36 3228.82
793.276 7138.36 3227.96
799.565 7138.36 3227.10
805.854 7138.36 3226.24
812.144 7138.36 3225.39
818.433 7138.36 3224.53
824.722 7138.36 3223.68
831.012 7138.36 3217.09
837.301 7138.36 3202.07
843.590 7138.36 3185.77
849.880 7138.36 3168.22
856.169 7138.36 3162.44
862.458 7138.36 3161.70
868.747 7138.36 3160.96
875.037 7138.36 3160.23
881.326 7138.36 3159.50
887.615 7138.36 3158.75
893.905 7138.36 3158.01
900.194 7138.36 3157.27
906.483 7138.36 3156.52
912.773 7138.36 3155.77
919.062 7138.36 3155.02
925.351 7138.36 3154.27
931.641 7138.36 3153.52
937.930 7138.36 3152.76
944.219 7138.36 3124.12
950.508 7138.36 3087.45
956.798 7138.36 3046.92
963.087 7138.36 3032.03
969.376 7138.36 3031.56
975.666 7138.36 3031.08
981.955 7138.36 3030.61
988.244 7138.36 3030.13
994.534 7138.36 3029.66
1000.82 7138.36 3029.19
1007.11 7138.36 3028.73
1013.40 7138.36 3028.26
1019.69 7138.36 3027.80
1025.98 7138.36 3027.34
1032.27 7138.36 3026.88
1038.56 7138.36 3026.42
1044.85 7138.36 3025.97
1051.14 7138.36 3025.52
1057.43 7138.36 3025.07
1063.72 7138.36 3024.62
1070.01 7138.36 3024.17
1076.29 7138.36 3023.72
1082.58 7138.36 3023.28
1088.87 7138.36 3022.84
1095.16 7138.36 3022.40
1101.45 7138.36 3021.96
1107.74 7138.36 3021.53
1114.03 7138.36 3021.09
1120.32 7138.36 3020.66
1126.61 7138.36 3020.24
1132.90 7138.36 3019.81
1139.19 7138.36 3019.38
1145.48 7138.36 3018.96
1151.77 7138.36 3018.54
1158.06 7138.36 3018.12
1164.34 7138.36 3017.70
1170.63 7138.36 3017.29
1176.92 7138.36 3016.88
1183.21 7138.36 3016.47
1189.50 7138.36 3016.06
1195.79 7138.36 3015.66
1202.08 7138.36 3015.26
1208.37 7138.36 3014.86
1214.66 7138.36 3014.46
1220.95 7138.36 3014.07
1227.24 7138.36 3013.68
1233.53 7138.36 3013.29
1239.82 7138.36 3012.90
1246.11 7138.36 3012.52
1252.40 7138.36 3012.14
1258.68 7138.36 3011.76
1264.97 7138.36 3011.39
1271.26 7138.36 3011.02
1277.55 7138.36 3010.65
1283.84 7138.36 3010.28
1290.13 7138.36 3009.92
1296.42 7138.36 3009.56
1302.71 7138.36 3009.21
1309.00 7138.36 3008.85
1315.29 7138.36 3008.50
1321.58 7138.36 3008.16
1327.87 7138.36 3007.82
1334.16 7138.36 3007.48
1340.45 7138.36 3007.14
1346.73 7138.36 3006.81
1353.02 7138.36 3006.48
1359.31 7138.36 3006.16
1365.60 7138.36 3005.84
1371.89 7138.36 3005.52
1378.18 7138.36 3005.21
1384.47 7138.36 3004.90
1390.76 7138.36 3004.59
1397.05 7138.36 3004.29
1403.34 7138.36 3004.00
1409.63 7138.36 3003.70
1415.92 7138.36 3003.42
1422.21 7138.36 3003.13
1428.50 7138.36 3002.85
1434.79 7138.36 3002.57
1441.07 7138.36 3002.30
1447.36 7138.36 3002.03
1453.65 7138.36 3001.77
1459.94 7138.36 3001.51
1466.23 7138.36 3001.25
1472.52 7138.36 3001.00
1478.81 7138.36 3000.76
1485.10 7138.36 3000.51
1491.39 7138.36 3000.28
1497.68 7138.36 3000.04
1503.97 7138.36 2999.81
1510.26 7138.36 2999.59
1516.55 7138.36 2999.37
1522.84 7138.36 2999.15
1529.12 7138.36 2998.94
1535.41 7138.36 2998.73
1541.70 7138.36 2998.53
1547.99 7138.36 2998.32
1554.28 7138.36 2998.13
1560.57 7138.36 2997.94
1566.86 7138.36 2997.76
1573.15 7138.36 2997.57
573.150 7264.15 3348.16
579.439 7264.15 3347.17
585.729 7264.15 3346.15
592.018 7264.15 3345.10
598.307 7264.15 3344.02
604.597 7264.15 3342.90
610.886 7264.15 3341.74
617.175 7264.15 3340.54
623.464 7264.15 3339.29
629.754 7264.15 3337.99
636.043 7264.15 3336.63
642.332 7264.15 3335.21
648.622 7264.15 3333.72
654.911 7264.15 3332.14
661.200 7264.15 3330.47
667.490 7264.15 3328.70
673.779 7264.15 3326.81
680.068 7264.15 3324.78
686.358 7264.15 3322.60
692.647 7264.15 3320.24
698.936 7264.15 3317.63
705.225 7264.15 3314.77
711.515 7264.15 3311.55
717.804 7264.15 3307.93
724.093 7264.15 3303.76
730.383 7264.15 3298.92
736.672 7264.15 3293.12
742.961 7264.15 3285.89
749.251 7264.15 3276.77
755.540 7264.15 3264.68
761.829 7264.15 3248.67
768.119 7264.15 3233.13
774.408 7264.15 3232.23
780.697 7264.15 3231.34
786.986 7264.15 3230.46
793.276 7264.15 3229.57
799.565 7264.15 3228.69
805.854 7264.15 3227.82
812.144 7264.15 3226.94
818.433 7264.15 3226.08
824.722 7264.15 3225.21
831.012 7264.15 3224.34
837.301 7264.15 3223.48
843.590 7264.15 3211.08
849.880 7264.15 3195.86
856.169 7264.15 3179.28
862.458 7264.15 3162.23
868.747 7264.15 3161.49
875.037 7264.15 3160.76
881.326 7264.15 3160.02
887.615 7264.15 3159.28
893.905 7264.15 3158.54
900.194 7264.15 3157.80
906.483 7264.15 3157.06
912.773 7264.15 3156.31
919.062 7264.15 3155.56
925.351 7264.15 3154.81
931.641 7264.15 3154.06
937.930 7264.15 3153.30
944.219 7264.15 3152.54
950.508 7264.15 3151.78
956.798 7264.15 3127.44
963.087 7264.15 3092.30
969.376 7264.15 3052.93
975.666 7264.15 3032.08
981.955 7264.15 3031.61
988.244 7264.15 3031.14
994.534 7264.15 3030.66
1000.82 7264.15 3030.19
1007.11 7264.15 3029.73
1013.40 7264.15 3029.26
1019.69 7264.15 3028.79
1025.98 7264.15 3028.33
1032.27 7264.15 3027.87
1038.56 7264.15 3027.42
1044.85 7264.15 3026.96
1051.14 7264.15 3026.51
1057.43 7264.15 3026.05
1063.72 7264.15 3025.61
1070.01 7264.15 3025.16
1076.29 7264.15 3024.72
1082.58 7264.15 3024.27
1088.87 7264.15 3023.83
1095.16 7264.15 3023.39
1101.45 7264.15 3022.95
1107.74 7264.15 3022.52
1114.03 7264.15 3022.09
1120.32 7264.15 3021.65
1126.61 7264.15 3021.23
1132.90 7264.15 3020.80
1139.19 7264.15 3020.38
1145.48 7264.15 3019.96
1151.77 7264.15 3019.54
1158.06 7264.15 3019.12
1164.34 7264.15 3018.71
1170.63 7264.15 3018.30
1176.92 7264.15 3017.89
1183.21 7264.15 3017.48
1189.50 7264.15 3017.08
1195.79 7264.15 3016.67
1202.08 7264.15 3016.27
1208.37 7264.15 3015.88
1214.66 7264.15 3015.48
1220.95 7264.15 3015.09
1227.24 7264.15 3014.71
1233.53 7264.15 3014.32
1239.82 7264.15 3013.94
1246.11 7264.15 3013.56
1252.40 7264.15 3013.18
1258.68 7264.15 3012.81
1264.97 7264.15 3012.44
1271.26 7264.15 3012.07
1277.55 7264.15 3011.70
1283.84 7264.15 3011.34
1290.13 7264.15 3010.99
1296.42 7264.15 3010.63
1302.71 7264.15 3010.28
1309.00 7264.15 3009.93
1315.29 7264.15 3009.59
1321.58 7264.15 3009.25
1327.87 7264.15 3008.91
1334.16 7264.15 3008.58
1340.45 7264.15 3008.25
1346.73 7264.15 3007.92
1353.02 7264.15 3007.60
1359.31 7264.15 3007.28
1365.60 7264.15 3006.97
1371.89 7264.15 3006.65
1378.18 7264.15 3006.35
1384.47 7264.15 3006.04
1390.76 7264.15 3005.75
1397.05 7264.15 3005.45
1403.34 7264.15 3005.16
1409.63 7264.15 3004.88
1415.92 7264.15 3004.59
1422.21 7264.15 3004.32
1428.50 7264.15 3004.04
1434.79 7264.15 3003.78
1441.07 7264.15 3003.51
1447.36 7264.15 3003.25
1453.65 7264.15 3003.00
1459.94 7264.15 3002.74
1466.23 7264.15 3002.49
1472.52 7264.15 3002.25
1478.81 7264.15 3002.01
1485.10 7264.15 3001.78
1491.39 7264.15 3001.55
1497.68 7264.15 3001.33
1503.97 7264.15 3001.11
1510.26 7264.15 3000.89
1516.55 7264.15 3000.69
1522.84 7264.15 3000.47
1529.12 7264.15 3000.26
1535.41 7264.15 3000.07
1541.70 7264.15 2999.86
1547.99 7264.15 2999.68
1554.28 7264.15 2999.50
1560.57 7264.15 2999.32
1566.86 7264.15 2999.14
1573.15 7264.15 2998.96
573.150 7389.94 3350.34
579.439 7389.94 3349.33
585.729 7389.94 3348.29
592.018 7389.94 3347.23
598.307 7389.94 3346.13
604.597 7389.94 3345.00
610.886 7389.94 3343.84
617.175 7389.94 3342.64
623.464 7389.94 3341.39
629.754 7389.94 3340.10
636.043 7389.94 3338.75
642.332 7389.94 3337.35
648.622 7389.94 3335.88
654.911 7389.94 3334.34
661.200 7389.94 3332.71
667.490 7389.94 3331.00
673.779 7389.94 3329.18
680.068 7389.94 3327.25
686.358 7389.94 3325.15
692.647 7389.94 3322.90
698.936 7389.94 3320.45
705.225 7389.94 3317.77
711.515 7389.94 3314.82
717.804 7389.94 3311.49
724.093 7389.94 3307.73
730.383 7389.94 3303.63
736.672 7389.94 3298.33
742.961 7389.94 3292.25
749.251 7389.94 3284.71
755.540 7389.94 3275.23
761.829 7389.94 3262.17
768.119 7389.94 3245.01
774.408 7389.94 3233.95
780.697 7389.94 3233.04
786.986 7389.94 3232.12
793.276 7389.94 3231.22
799.565 7389.94 3230.32
805.854 7389.94 3229.43
812.144 7389.94 3228.54
818.433 7389.94 3227.65
824.722 7389.94 3226.77
831.012 7389.94 3225.89
837.301 7389.94 3225.01
843.590 7389.94 3224.14
849.880 7389.94 3219.76
856.169 7389.94 3205.41
862.458 7389.94 3189.86
868.747 7389.94 3173.07
875.037 7389.94 3161.28
881.326 7389.94 3160.55
887.615 7389.94 3159.81
893.905 7389.94 3159.07
900.194 7389.94 3158.33
906.483 7389.94 3157.59
912.773 7389.94 3156.85
919.062 7389.94 3156.10
925.351 7389.94 3155.35
931.641 7389.94 3154.60
937.930 7389.94 3153.84
944.219 7389.94 3153.09
950.508 7389.94 3152.33
956.798 7389.94 3151.56
963.087 7389.94 3150.80
969.376 7389.94 3131.39
975.666 7389.94 3097.48
981.955 7389.94 3059.64
988.244 7389.94 3032.15
994.534 7389.94 3031.68
1000.82 7389.94 3031.21
1007.11 7389.94 3030.74
1013.40 7389.94 3030.27
1019.69 7389.94 3029.81
1025.98 7389.94 3029.34
1032.27 7389.94 3028.88
1038.56 7389.94 3028.43
1044.85 7389.94 3027.97
1051.14 7389.94 3027.52
1057.43 7389.94 3027.06
1063.72 7389.94 3026.61
1070.01 7389.94 3026.16
1076.29 7389.94 3025.72
1082.58 7389.94 3025.28
1088.87 7389.94 3024.84
1095.16 7389.94 3024.40
1101.45 7389.94 3023.96
1107.74 7389.94 3023.53
1114.03 7389.94 3023.10
1120.32 7389.94 3022.67
1126.61 7389.94 3022.24
1132.90 7389.94 3021.82
1139.19 7389.94 3021.39
1145.48 7389.94 3020.97
1151.77 7389.94 3020.56
1158.06 7389.94 3020.14
1164.34 7389.94 3019.73
1170.63 7389.94 3019.32
1176.92 7389.94 3018.91
1183.21 7389.94 3018.51
1189.50 7389.94 3018.11
1195.79 7389.94 3017.71
1202.08 7389.94 3017.31
1208.37 7389.94 3016.91
1214.66 7389.94 3016.53
1220.95 7389.94 3016.14
1227.24 7389.94 3015.75
1233.53 7389.94 3015.37
1239.82 7389.94 3014.99
1246.11 7389.94 3014.61
1252.40 7389.94 3014.24
1258.68 7389.94 3013.87
1264.97 7389.94 3013.50
1271.26 7389.94 3013.14
1277.55 7389.94 3012.78
1283.84 7389.94 3012.42
1290.13 7389.94 3012.07
1296.42 7389.94 3011.72
1302.71 7389.94 3011.37
1309.00 7389.94 3011.03
1315.29 7389.94 3010.69
1321.58 7389.94 3010.36
1327.87 7389.94 3010.02
1334.16 7389.94 3009.70
1340.45 7389.94 3009.37
1346.73 7389.94 3009.05
1353.02 7389.94 3008.74
1359.31 7389.94 3008.42
1365.60 7389.94 3008.11
1371.89 7389.94 3007.81
1378.18 7389.94 3007.51
1384.47 7389.94 3007.21
1390.76 7389.94 3006.92
1397.05 7389.94 3006.64
1403.34 7389.94 3006.35
1409.63 7389.94 3006.07
1415.92 7389.94 3005.80
1422.21 7389.94 3005.53
1428.50 7389.94 3005.26
1434.79 7389.94 3005.01
1441.07 7389.94 3004.74
1447.36 7389.94 3004.49
1453.65 7389.94 3004.24
1459.94 7389.94 3004.00
1466.23 7389.94 3003.76
1472.52 7389.94 3003.53
1478.81 7389.94 3003.30
1485.10 7389.94 3003.07
1491.39 7389.94 3002.85
1497.68 7389.94 3002.63
1503.97 7389.94 3002.42
1510.26 7389.94 3002.22
1516.55 7389.94 3002.01
1522.84 7389.94 3001.82
1529.12 7389.94 3001.62
1535.41 7389.94 3001.43
1541.70 7389.94 3001.25
1547.99 7389.94 3001.07
1554.28 7389.94 3000.89
1560.57 7389.94 3000.72
1566.86 7389.94 3000.55
1573.15 7389.94 3000.39
573.150 7515.72 3352.64
579.439 7515.72 3351.60
585.729 7515.72 3350.53
592.018 7515.72 3349.45
598.307 7515.72 3348.33
604.597 7515.72 3347.19
610.886 7515.72 3346.01
617.175 7515.72 3344.80
623.464 7515.72 3343.55
629.754 7515.72 3342.26
636.043 7515.72 3340.93
642.332 7515.72 3339.53
648.622 7515.72 3338.08
654.911 7515.72 3336.56
661.200 7515.72 3334.98
667.490 7515.72 3333.30
673.779 7515.72 3331.53
680.068 7515.72 3329.65
686.358 7515.72 3327.61
692.647 7515.72 3325.50
698.936 7515.72 3323.17
705.225 7515.72 3320.67
711.515 7515.72 3317.89
717.804 7515.72 3314.85
724.093 7515.72 3311.42
730.383 7515.72 3307.49
736.672 7515.72 3303.01
742.961 7515.72 3297.69
749.251 7515.72 3291.31
755.540 7515.72 3283.35
761.829 7515.72 3273.10
768.119 7515.72 3259.49
774.408 7515.72 3241.40
780.697 7515.72 3234.77
786.986 7515.72 3233.84
793.276 7515.72 3232.91
799.565 7515.72 3232.00
805.854 7515.72 3231.08
812.144 7515.72 3230.17
818.433 7515.72 3229.27
824.722 7515.72 3228.37
831.012 7515.72 3227.47
837.301 7515.72 3226.58
843.590 7515.72 3225.69
849.880 7515.72 3224.81
856.169 7515.72 3223.92
862.458 7515.72 3214.33
868.747 7515.72 3199.75
875.037 7515.72 3183.88
881.326 7515.72 3166.84
887.615 7515.72 3160.34
893.905 7515.72 3159.60
900.194 7515.72 3158.86
906.483 7515.72 3158.12
912.773 7515.72 3157.38
919.062 7515.72 3156.63
925.351 7515.72 3155.89
931.641 7515.72 3155.14
937.930 7515.72 3154.38
944.219 7515.72 3153.63
950.508 7515.72 3152.87
956.798 7515.72 3152.11
963.087 7515.72 3151.35
969.376 7515.72 3150.58
975.666 7515.72 3149.80
981.955 7515.72 3135.54
988.244 7515.72 3102.97
994.534 7515.72 3066.56
1000.82 7515.72 3032.24
1007.11 7515.72 3031.77
1013.40 7515.72 3031.30
1019.69 7515.72 3030.86
1025.98 7515.72 3030.37
1032.27 7515.72 3029.91
1038.56 7515.72 3029.45
1044.85 7515.72 3029.00
1051.14 7515.72 3028.54
1057.43 7515.72 3028.09
1063.72 7515.72 3027.64
1070.01 7515.72 3027.19
1076.29 7515.72 3026.75
1082.58 7515.72 3026.30
1088.87 7515.72 3025.86
1095.16 7515.72 3025.43
1101.45 7515.72 3024.99
1107.74 7515.72 3024.56
1114.03 7515.72 3024.13
1120.32 7515.72 3023.70
1126.61 7515.72 3023.27
1132.90 7515.72 3022.85
1139.19 7515.72 3022.43
1145.48 7515.72 3022.02
1151.77 7515.72 3021.59
1158.06 7515.72 3021.18
1164.34 7515.72 3020.77
1170.63 7515.72 3020.36
1176.92 7515.72 3019.96
1183.21 7515.72 3019.55
1189.50 7515.72 3019.15
1195.79 7515.72 3018.76
1202.08 7515.72 3018.36
1208.37 7515.72 3017.97
1214.66 7515.72 3017.58
1220.95 7515.72 3017.20
1227.24 7515.72 3016.82
1233.53 7515.72 3016.44
1239.82 7515.72 3016.06
1246.11 7515.72 3015.69
1252.40 7515.72 3015.32
1258.68 7515.72 3014.95
1264.97 7515.72 3014.59
1271.26 7515.72 3014.23
1277.55 7515.72 3013.88
1283.84 7515.72 3013.52
1290.13 7515.72 3013.17
1296.42 7515.72 3012.83
1302.71 7515.72 3012.49
1309.00 7515.72 3012.15
1315.29 7515.72 3011.82
1321.58 7515.72 3011.49
1327.87 7515.72 3011.16
1334.16 7515.72 3010.84
1340.45 7515.72 3010.52
1346.73 7515.72 3010.20
1353.02 7515.72 3009.89
1359.31 7515.72 3009.58
1365.60 7515.72 3009.29
1371.89 7515.72 3008.99
1378.18 7515.72 3008.70
1384.47 7515.72 3008.41
1390.76 7515.72 3008.12
1397.05 7515.72 3007.85
1403.34 7515.72 3007.56
1409.63 7515.72 3007.29
1415.92 7515.72 3007.03
1422.21 7515.72 3006.77
1428.50 7515.72 3006.50
1434.79 7515.72 3006.26
1441.07 7515.72 3006.01
1447.36 7515.72 3005.76
1453.65 7515.72 3005.52
1459.94 7515.72 3005.29
1466.23 7515.72 3005.06
1472.52 7515.72 3004.83
1478.81 7515.72 3004.61
1485.10 7515.72 3004.39
1491.39 7515.72 3004.18
1497.68 7515.72 3003.97
1503.97 7515.72 3003.77
1510.26 7515.72 3003.58
1516.55 7515.72 3003.38
1522.84 7515.72 3003.19
1529.12 7515.72 3003.01
1535.41 7515.72 3002.83
1541.70 7515.72 3002.65
1547.99 7515.72 3002.48
1554.28 7515.72 3002.32
1560.57 7515.72 3002.15
1566.86 7515.72 3001.99
1573.15 7515.72 3001.84
573.150 7641.51 3355.06
579.439 7641.51 3353.98
585.729 7641.51 3352.89
592.018 7641.51 3351.77
598.307 7641.51 3350.63
604.597 7641.51 3349.46
610.886 7641.51 3348.27
617.175 7641.51 3347.05
623.464 7641.51 3345.79
629.754 7641.51 3344.49
636.043 7641.51 3343.16
642.332 7641.51 3341.76
648.622 7641.51 3340.33
654.911 7641.51 3338.82
661.200 7641.51 3337.26
667.490 7641.51 3335.62
673.779 7641.51 3333.89
680.068 7641.51 3332.07
686.358 7641.51 3330.13
692.647 7641.51 3328.08
698.936 7641.51 3325.85
705.225 7641.51 3323.48
711.515 7641.51 3320.84
717.804 7641.51 3318.01
724.093 7641.51 3314.84
730.383 7641.51 3311.28
736.672 7641.51 3307.24
742.961 7641.51 3302.54
749.251 7641.51 3297.04
755.540 7641.51 3290.34
761.829 7641.51 3281.92
768.119 7641.51 3271.13
774.408 7641.51 3256.76
780.697 7641.51 3237.56
786.986 7641.51 3235.60
793.276 7641.51 3234.65
799.565 7641.51 3233.71
805.854 7641.51 3232.77
812.144 7641.51 3231.84
818.433 7641.51 3230.92
824.722 7641.51 3230.00
831.012 7641.51 3229.09
837.301 7641.51 3228.18
843.590 7641.51 3227.27
849.880 7641.51 3226.37
856.169 7641.51 3225.47
862.458 7641.51 3224.58
868.747 7641.51 3222.62
875.037 7641.51 3209.00
881.326 7641.51 3194.13
887.615 7641.51 3178.05
893.905 7641.51 3160.91
900.194 7641.51 3159.39
906.483 7641.51 3158.66
912.773 7641.51 3157.91
919.062 7641.51 3157.17
925.351 7641.51 3156.42
931.641 7641.51 3155.68
937.930 7641.51 3154.93
944.219 7641.51 3154.17
950.508 7641.51 3153.42
956.798 7641.51 3152.66
963.087 7641.51 3151.90
969.376 7641.51 3151.13
975.666 7641.51 3150.36
981.955 7641.51 3149.58
988.244 7641.51 3148.81
994.534 7641.51 3139.76
1000.82 7641.51 3108.67
1007.11 7641.51 3073.81
1013.40 7641.51 3035.62
1019.69 7641.51 3031.89
1025.98 7641.51 3031.43
1032.27 7641.51 3030.96
1038.56 7641.51 3030.50
1044.85 7641.51 3030.04
1051.14 7641.51 3029.59
1057.43 7641.51 3029.14
1063.72 7641.51 3028.69
1070.01 7641.51 3028.24
1076.29 7641.51 3027.79
1082.58 7641.51 3027.35
1088.87 7641.51 3026.91
1095.16 7641.51 3026.47
1101.45 7641.51 3026.04
1107.74 7641.51 3025.60
1114.03 7641.51 3025.17
1120.32 7641.51 3024.75
1126.61 7641.51 3024.32
1132.90 7641.51 3023.90
1139.19 7641.51 3023.48
1145.48 7641.51 3023.06
1151.77 7641.51 3022.65
1158.06 7641.51 3022.24
1164.34 7641.51 3021.83
1170.63 7641.51 3021.42
1176.92 7641.51 3021.02
1183.21 7641.51 3020.62
1189.50 7641.51 3020.22
1195.79 7641.51 3019.83
1202.08 7641.51 3019.44
1208.37 7641.51 3019.05
1214.66 7641.51 3018.66
1220.95 7641.51 3018.28
1227.24 7641.51 3017.90
1233.53 7641.51 3017.53
1239.82 7641.51 3017.15
1246.11 7641.51 3016.78
1252.40 7641.51 3016.42
1258.68 7641.51 3016.06
1264.97 7641.51 3015.70
1271.26 7641.51 3015.34
1277.55 7641.51 3014.99
1283.84 7641.51 3014.65
1290.13 7641.51 3014.30
1296.42 7641.51 3013.96
1302.71 7641.51 3013.62
1309.00 7641.51 3013.29
1315.29 7641.51 3012.96
1321.58 7641.51 3012.64
1327.87 7641.51 3012.32
1334.16 7641.51 3012.00
1340.45 7641.51 3011.69
1346.73 7641.51 3011.38
1353.02 7641.51 3011.08
1359.31 7641.51 3010.78
1365.60 7641.51 3010.48
1371.89 7641.51 3010.19
1378.18 7641.51 3009.91
1384.47 7641.51 3009.62
1390.76 7641.51 3009.35
1397.05 7641.51 3009.07
1403.34 7641.51 3008.80
1409.63 7641.51 3008.54
1415.92 7641.51 3008.28
1422.21 7641.51 3008.03
1428.50 7641.51 3007.78
1434.79 7641.51 3007.53
1441.07 7641.51 3007.29
1447.36 7641.51 3007.06
1453.65 7641.51 3006.83
1459.94 7641.51 3006.60
1466.23 7641.51 3006.38
1472.52 7641.51 3006.17
1478.81 7641.51 3005.95
1485.10 7641.51 3005.74
1491.39 7641.51 3005.54
1497.68 7641.51 3005.34
1503.97 7641.51 3005.15
1510.26 7641.51 3004.96
1516.55 7641.51 3004.78
1522.84 7641.51 3004.60
1529.12 7641.51 3004.42
1535.41 7641.51 3004.26
1541.70 7641.51 3004.09
1547.99 7641.51 3003.93
1554.28 7641.51 3003.78
1560.57 7641.51 3003.62
1566.86 7641.51 3003.48
1573.15 7641.51 3003.33
573.150 7767.30 3357.64
579.439 7767.30 3356.51
585.729 7767.30 3355.37
592.018 7767.30 3354.22
598.307 7767.30 3353.04
604.597 7767.30 3351.85
610.886 7767.30 3350.63
617.175 7767.30 3349.38
623.464 7767.30 3348.11
629.754 7767.30 3346.80
636.043 7767.30 3345.45
642.332 7767.30 3344.06
648.622 7767.30 3342.62
654.911 7767.30 3341.13
661.200 7767.30 3339.58
667.490 7767.30 3337.97
673.779 7767.30 3336.27
680.068 7767.30 3334.50
686.358 7767.30 3332.61
692.647 7767.30 3330.62
698.936 7767.30 3328.48
705.225 7767.30 3326.21
711.515 7767.30 3323.73
717.804 7767.30 3321.05
724.093 7767.30 3318.10
730.383 7767.30 3314.84
736.672 7767.30 3311.16
742.961 7767.30 3306.98
749.251 7767.30 3302.09
755.540 7767.30 3296.35
761.829 7767.30 3289.28
768.119 7767.30 3280.36
774.408 7767.30 3268.96
780.697 7767.30 3253.81
786.986 7767.30 3236.91
793.276 7767.30 3236.43
799.565 7767.30 3235.46
805.854 7767.30 3234.51
812.144 7767.30 3233.56
818.433 7767.30 3232.62
824.722 7767.30 3231.67
831.012 7767.30 3230.74
837.301 7767.30 3229.82
843.590 7767.30 3228.89
849.880 7767.30 3227.97
856.169 7767.30 3227.06
862.458 7767.30 3226.15
868.747 7767.30 3225.24
875.037 7767.30 3224.33
881.326 7767.30 3217.71
887.615 7767.30 3203.78
893.905 7767.30 3188.67
900.194 7767.30 3172.57
906.483 7767.30 3159.18
912.773 7767.30 3158.44
919.062 7767.30 3157.70
925.351 7767.30 3156.96
931.641 7767.30 3156.21
937.930 7767.30 3155.46
944.219 7767.30 3154.71
950.508 7767.30 3153.96
956.798 7767.30 3153.20
963.087 7767.30 3152.44
969.376 7767.30 3151.68
975.666 7767.30 3150.91
981.955 7767.30 3150.14
988.244 7767.30 3149.36
994.534 7767.30 3148.58
1000.82 7767.30 3147.80
1007.11 7767.30 3144.33
1013.40 7767.30 3114.71
1019.69 7767.30 3081.54
1025.98 7767.30 3044.71
1032.27 7767.30 3032.03
1038.56 7767.30 3031.57
1044.85 7767.30 3031.11
1051.14 7767.30 3030.66
1057.43 7767.30 3030.20
1063.72 7767.30 3029.75
1070.01 7767.30 3029.30
1076.29 7767.30 3028.86
1082.58 7767.30 3028.42
1088.87 7767.30 3027.98
1095.16 7767.30 3027.54
1101.45 7767.30 3027.10
1107.74 7767.30 3026.67
1114.03 7767.30 3026.24
1120.32 7767.30 3025.81
1126.61 7767.30 3025.39
1132.90 7767.30 3024.97
1139.19 7767.30 3024.55
1145.48 7767.30 3024.14
1151.77 7767.30 3023.72
1158.06 7767.30 3023.31
1164.34 7767.30 3022.91
1170.63 7767.30 3022.50
1176.92 7767.30 3022.10
1183.21 7767.30 3021.70
1189.50 7767.30 3021.31
1195.79 7767.30 3020.92
1202.08 7767.30 3020.53
1208.37 7767.30 3020.14
1214.66 7767.30 3019.76
1220.95 7767.30 3019.38
1227.24 7767.30 3019.01
1233.53 7767.30 3018.64
1239.82 7767.30 3018.27
1246.11 7767.30 3017.90
1252.40 7767.30 3017.54
1258.68 7767.30 3017.18
1264.97 7767.30 3016.83
1271.26 7767.30 3016.48
1277.55 7767.30 3016.13
1283.84 7767.30 3015.79
1290.13 7767.30 3015.45
1296.42 7767.30 3015.11
1302.71 7767.30 3014.78
1309.00 7767.30 3014.46
1315.29 7767.30 3014.13
1321.58 7767.30 3013.81
1327.87 7767.30 3013.50
1334.16 7767.30 3013.19
1340.45 7767.30 3012.88
1346.73 7767.30 3012.58
1353.02 7767.30 3012.28
1359.31 7767.30 3011.99
1365.60 7767.30 3011.70
1371.89 7767.30 3011.42
1378.18 7767.30 3011.14
1384.47 7767.30 3010.87
1390.76 7767.30 3010.60
1397.05 7767.30 3010.33
1403.34 7767.30 3010.07
1409.63 7767.30 3009.82
1415.92 7767.30 3009.57
1422.21 7767.30 3009.32
1428.50 7767.30 3009.08
1434.79 7767.30 3008.84
1441.07 7767.30 3008.61
1447.36 7767.30 3008.38
1453.65 7767.30 3008.16
1459.94 7767.30 3007.95
1466.23 7767.30 3007.73
1472.52 7767.30 3007.52
1478.81 7767.30 3007.32
1485.10 7767.30 3007.13
1491.39 7767.30 3006.93
1497.68 7767.30 3006.75
1503.97 7767.30 3006.57
1510.26 7767.30 3006.38
1516.55 7767.30 3006.21
1522.84 7767.30 3006.04
1529.12 7767.30 3005.88
1535.41 7767.30 3005.71
1541.70 7767.30 3005.56
1547.99 7767.30 3005.42
1554.28 7767.30 3005.28
1560.57 7767.30 3005.13
1566.86 7767.30 3004.98
1573.15 7767.30 3004.86
573.150 7893.08 3360.39
579.439 7893.08 3359.21
585.729 7893.08 3358.01
592.018 7893.08 3356.80
598.307 7893.08 3355.58
604.597 7893.08 3354.35
610.886 7893.08 3353.09
617.175 7893.08 3351.81
623.464 7893.08 3350.51
629.754 7893.08 3349.18
636.043 7893.08 3347.82
642.332 7893.08 3346.42
648.622 7893.08 3344.98
654.911 7893.08 3343.49
661.200 7893.08 3341.95
667.490 7893.08 3340.35
673.779 7893.08 3338.68
680.068 7893.08 3336.94
686.358 7893.08 3335.09
692.647 7893.08 3333.16
698.936 7893.08 3331.11
705.225 7893.08 3328.92
711.515 7893.08 3326.55
717.804 7893.08 3324.01
724.093 7893.08 3321.24
730.383 7893.08 3318.18
736.672 7893.08 3314.82
742.961 7893.08 3311.01
749.251 7893.08 3306.64
755.540 7893.08 3301.55
761.829 7893.08 3295.58
768.119 7893.08 3288.13
774.408 7893.08 3278.81
780.697 7893.08 3266.70
786.986 7893.08 3250.62
793.276 7893.08 3238.26
799.565 7893.08 3237.27
805.854 7893.08 3236.29
812.144 7893.08 3235.31
818.433 7893.08 3234.34
824.722 7893.08 3233.39
831.012 7893.08 3232.43
837.301 7893.08 3231.48
843.590 7893.08 3230.54
849.880 7893.08 3229.61
856.169 7893.08 3228.67
862.458 7893.08 3227.75
868.747 7893.08 3226.82
875.037 7893.08 3225.90
881.326 7893.08 3224.99
887.615 7893.08 3224.07
893.905 7893.08 3213.04
900.194 7893.08 3198.59
906.483 7893.08 3183.44
912.773 7893.08 3167.15
919.062 7893.08 3158.23
925.351 7893.08 3157.49
931.641 7893.08 3156.75
937.930 7893.08 3156.00
944.219 7893.08 3155.25
950.508 7893.08 3154.50
956.798 7893.08 3153.74
963.087 7893.08 3152.99
969.376 7893.08 3152.22
975.666 7893.08 3151.46
981.955 7893.08 3150.69
988.244 7893.08 3149.92
994.534 7893.08 3149.14
1000.82 7893.08 3148.36
1007.11 7893.08 3147.58
1013.40 7893.08 3146.78
1019.69 7893.08 3145.99
1025.98 7893.08 3120.60
1032.27 7893.08 3088.95
1038.56 7893.08 3053.95
1044.85 7893.08 3032.20
1051.14 7893.08 3031.74
1057.43 7893.08 3031.29
1063.72 7893.08 3030.84
1070.01 7893.08 3030.39
1076.29 7893.08 3029.94
1082.58 7893.08 3029.50
1088.87 7893.08 3029.06
1095.16 7893.08 3028.62
1101.45 7893.08 3028.19
1107.74 7893.08 3027.76
1114.03 7893.08 3027.33
1120.32 7893.08 3026.91
1126.61 7893.08 3026.48
1132.90 7893.08 3026.06
1139.19 7893.08 3025.65
1145.48 7893.08 3025.23
1151.77 7893.08 3024.82
1158.06 7893.08 3024.41
1164.34 7893.08 3024.01
1170.63 7893.08 3023.61
1176.92 7893.08 3023.21
1183.21 7893.08 3022.81
1189.50 7893.08 3022.42
1195.79 7893.08 3022.03
1202.08 7893.08 3021.64
1208.37 7893.08 3021.26
1214.66 7893.08 3020.88
1220.95 7893.08 3020.51
1227.24 7893.08 3020.14
1233.53 7893.08 3019.77
1239.82 7893.08 3019.40
1246.11 7893.08 3019.04
1252.40 7893.08 3018.69
1258.68 7893.08 3018.33
1264.97 7893.08 3017.98
1271.26 7893.08 3017.64
1277.55 7893.08 3017.30
1283.84 7893.08 3016.96
1290.13 7893.08 3016.62
1296.42 7893.08 3016.29
1302.71 7893.08 3015.97
1309.00 7893.08 3015.65
1315.29 7893.08 3015.33
1321.58 7893.08 3015.02
1327.87 7893.08 3014.71
1334.16 7893.08 3014.40
1340.45 7893.08 3014.10
1346.73 7893.08 3013.81
1353.02 7893.08 3013.52
1359.31 7893.08 3013.24
1365.60 7893.08 3012.95
1371.89 7893.08 3012.68
1378.18 7893.08 3012.41
1384.47 7893.08 3012.14
1390.76 7893.08 3011.88
1397.05 7893.08 3011.62
1403.34 7893.08 3011.37
1409.63 7893.08 3011.12
1415.92 7893.08 3010.88
1422.21 7893.08 3010.64
1428.50 7893.08 3010.41
1434.79 7893.08 3010.18
1441.07 7893.08 3009.96
1447.36 7893.08 3009.74
1453.65 7893.08 3009.53
1459.94 7893.08 3009.32
1466.23 7893.08 3009.12
1472.52 7893.08 3008.92
1478.81 7893.08 3008.73
1485.10 7893.08 3008.54
1491.39 7893.08 3008.36
1497.68 7893.08 3008.18
1503.97 7893.08 3008.00
1510.26 7893.08 3007.84
1516.55 7893.08 3007.67
1522.84 7893.08 3007.52
1529.12 7893.08 3007.36
1535.41 7893.08 3007.21
1541.70 7893.08 3007.07
1547.99 7893.08 3006.93
1554.28 7893.08 3006.79
1560.57 7893.08 3006.66
1566.86 7893.08 3006.54
1573.15 7893.08 3006.41
573.150 8018.87 3363.36
579.439 8018.87 3362.10
585.729 8018.87 3360.83
592.018 8018.87 3359.56
598.307 8018.87 3358.28
604.597 8018.87 3356.99
610.886 8018.87 3355.69
617.175 8018.87 3354.37
623.464 8018.87 3353.04
629.754 8018.87 3351.68
636.043 8018.87 3350.29
642.332 8018.87 3348.87
648.622 8018.87 3347.42
654.911 8018.87 3345.93
661.200 8018.87 3344.38
667.490 8018.87 3342.78
673.779 8018.87 3341.15
680.068 8018.87 3339.41
686.358 8018.87 3337.62
692.647 8018.87 3335.71
698.936 8018.87 3333.71
705.225 8018.87 3331.56
711.515 8018.87 3329.34
717.804 8018.87 3326.90
724.093 8018.87 3324.28
730.383 8018.87 3321.41
736.672 8018.87 3318.26
742.961 8018.87 3314.79
749.251 8018.87 3310.84
755.540 8018.87 3306.34
761.829 8018.87 3301.05
768.119 8018.87 3294.69
774.408 8018.87 3286.99
780.697 8018.87 3277.09
786.986 8018.87 3264.25
793.276 8018.87 3247.31
799.565 8018.87 3239.11
805.854 8018.87 3238.11
812.144 8018.87 3237.11
818.433 8018.87 3236.13
824.722 8018.87 3235.14
831.012 8018.87 3234.16
837.301 8018.87 3233.20
843.590 8018.87 3232.23
849.880 8018.87 3231.28
856.169 8018.87 3230.32
862.458 8018.87 3229.38
868.747 8018.87 3228.44
875.037 8018.87 3227.50
881.326 8018.87 3226.57
887.615 8018.87 3225.64
893.905 8018.87 3224.72
900.194 8018.87 3221.06
906.483 8018.87 3208.03
912.773 8018.87 3193.79
919.062 8018.87 3178.50
925.351 8018.87 3162.05
931.641 8018.87 3157.28
937.930 8018.87 3156.54
944.219 8018.87 3155.79
950.508 8018.87 3155.04
956.798 8018.87 3154.28
963.087 8018.87 3153.53
969.376 8018.87 3152.77
975.666 8018.87 3152.01
981.955 8018.87 3151.24
988.244 8018.87 3150.47
994.534 8018.87 3149.70
1000.82 8018.87 3148.92
1007.11 8018.87 3148.14
1013.40 8018.87 3147.35
1019.69 8018.87 3146.56
1025.98 8018.87 3145.76
1032.27 8018.87 3144.96
1038.56 8018.87 3126.57
1044.85 8018.87 3096.68
1051.14 8018.87 3063.52
1057.43 8018.87 3032.40
1063.72 8018.87 3031.95
1070.01 8018.87 3031.50
1076.29 8018.87 3031.05
1082.58 8018.87 3030.61
1088.87 8018.87 3030.17
1095.16 8018.87 3029.73
1101.45 8018.87 3029.30
1107.74 8018.87 3028.87
1114.03 8018.87 3028.44
1120.32 8018.87 3028.02
1126.61 8018.87 3027.59
1132.90 8018.87 3027.18
1139.19 8018.87 3026.76
1145.48 8018.87 3026.35
1151.77 8018.87 3025.94
1158.06 8018.87 3025.53
1164.34 8018.87 3025.12
1170.63 8018.87 3024.73
1176.92 8018.87 3024.32
1183.21 8018.87 3023.94
1189.50 8018.87 3023.55
1195.79 8018.87 3023.17
1202.08 8018.87 3022.78
1208.37 8018.87 3022.40
1214.66 8018.87 3022.03
1220.95 8018.87 3021.66
1227.24 8018.87 3021.29
1233.53 8018.87 3020.92
1239.82 8018.87 3020.56
1246.11 8018.87 3020.21
1252.40 8018.87 3019.85
1258.68 8018.87 3019.51
1264.97 8018.87 3019.16
1271.26 8018.87 3018.82
1277.55 8018.87 3018.48
1283.84 8018.87 3018.15
1290.13 8018.87 3017.82
1296.42 8018.87 3017.50
1302.71 8018.87 3017.18
1309.00 8018.87 3016.86
1315.29 8018.87 3016.55
1321.58 8018.87 3016.25
1327.87 8018.87 3015.94
1334.16 8018.87 3015.64
1340.45 8018.87 3015.35
1346.73 8018.87 3015.07
1353.02 8018.87 3014.78
1359.31 8018.87 3014.50
1365.60 8018.87 3014.23
1371.89 8018.87 3013.96
1378.18 8018.87 3013.70
1384.47 8018.87 3013.44
1390.76 8018.87 3013.18
1397.05 8018.87 3012.94
1403.34 8018.87 3012.69
1409.63 8018.87 3012.45
1415.92 8018.87 3012.22
1422.21 8018.87 3012.00
1428.50 8018.87 3011.77
1434.79 8018.87 3011.55
1441.07 8018.87 3011.34
1447.36 8018.87 3011.13
1453.65 8018.87 3010.93
1459.94 8018.87 3010.73
1466.23 8018.87 3010.54
1472.52 8018.87 3010.35
1478.81 8018.87 3010.17
1485.10 8018.87 3009.99
1491.39 8018.87 3009.82
1497.68 8018.87 3009.65
1503.97 8018.87 3009.49
1510.26 8018.87 3009.33
1516.55 8018.87 3009.16
1522.84 8018.87 3009.00
1529.12 8018.87 3008.89
1535.41 8018.87 3008.75
1541.70 8018.87 3008.62
1547.99 8018.87 3008.48
1554.28 8018.87 3008.36
1560.57 8018.87 3008.24
1566.86 8018.87 3008.12
1573.15 8018.87 3008.01
573.150 8144.65 3366.58
579.439 8144.65 3365.21
585.729 8144.65 3363.86
592.018 8144.65 3362.50
598.307 8144.65 3361.15
604.597 8144.65 3359.80
610.886 8144.65 3358.44
617.175 8144.65 3357.07
623.464 8144.65 3355.69
629.754 8144.65 3354.29
636.043 8144.65 3352.87
642.332 8144.65 3351.42
648.622 8144.65 3349.94
654.911 8144.65 3348.43
661.200 8144.65 3346.88
667.490 8144.65 3345.29
673.779 8144.65 3343.64
680.068 8144.65 3341.93
686.358 8144.65 3340.13
692.647 8144.65 3338.30
698.936 8144.65 3336.32
705.225 8144.65 3334.27
711.515 8144.65 3332.08
717.804 8144.65 3329.75
724.093 8144.65 3327.24
730.383 8144.65 3324.55
736.672 8144.65 3321.59
742.961 8144.65 3318.34
749.251 8144.65 3314.70
755.540 8144.65 3310.63
761.829 8144.65 3305.96
768.119 8144.65 3300.43
774.408 8144.65 3293.86
780.697 8144.65 3285.67
786.986 8144.65 3275.31
793.276 8144.65 3261.62
799.565 8144.65 3243.78
805.854 8144.65 3239.99
812.144 8144.65 3238.96
818.433 8144.65 3237.94
824.722 8144.65 3236.94
831.012 8144.65 3235.94
837.301 8144.65 3234.95
843.590 8144.65 3233.96
849.880 8144.65 3232.99
856.169 8144.65 3232.02
862.458 8144.65 3231.05
868.747 8144.65 3230.09
875.037 8144.65 3229.14
881.326 8144.65 3228.19
887.615 8144.65 3227.25
893.905 8144.65 3226.31
900.194 8144.65 3225.37
906.483 8144.65 3224.43
912.773 8144.65 3216.64
919.062 8144.65 3203.45
925.351 8144.65 3188.97
931.641 8144.65 3173.60
937.930 8144.65 3157.07
944.219 8144.65 3156.32
950.508 8144.65 3155.58
956.798 8144.65 3154.83
963.087 8144.65 3154.07
969.376 8144.65 3153.31
975.666 8144.65 3152.55
981.955 8144.65 3151.79
988.244 8144.65 3151.02
994.534 8144.65 3150.25
1000.82 8144.65 3149.47
1007.11 8144.65 3148.69
1013.40 8144.65 3147.91
1019.69 8144.65 3147.12
1025.98 8144.65 3146.33
1032.27 8144.65 3145.53
1038.56 8144.65 3144.72
1044.85 8144.65 3143.91
1051.14 8144.65 3132.66
1057.43 8144.65 3104.39
1063.72 8144.65 3072.64
1070.01 8144.65 3037.64
1076.29 8144.65 3032.20
1082.58 8144.65 3031.74
1088.87 8144.65 3031.30
1095.16 8144.65 3030.87
1101.45 8144.65 3030.43
1107.74 8144.65 3030.00
1114.03 8144.65 3029.58
1120.32 8144.65 3029.15
1126.61 8144.65 3028.73
1132.90 8144.65 3028.31
1139.19 8144.65 3027.90
1145.48 8144.65 3027.49
1151.77 8144.65 3027.08
1158.06 8144.65 3026.68
1164.34 8144.65 3026.28
1170.63 8144.65 3025.88
1176.92 8144.65 3025.49
1183.21 8144.65 3025.09
1189.50 8144.65 3024.71
1195.79 8144.65 3024.32
1202.08 8144.65 3023.95
1208.37 8144.65 3023.57
1214.66 8144.65 3023.20
1220.95 8144.65 3022.83
1227.24 8144.65 3022.46
1233.53 8144.65 3022.10
1239.82 8144.65 3021.75
1246.11 8144.65 3021.40
1252.40 8144.65 3021.05
1258.68 8144.65 3020.70
1264.97 8144.65 3020.37
1271.26 8144.65 3020.03
1277.55 8144.65 3019.70
1283.84 8144.65 3019.37
1290.13 8144.65 3019.05
1296.42 8144.65 3018.73
1302.71 8144.65 3018.41
1309.00 8144.65 3018.10
1315.29 8144.65 3017.80
1321.58 8144.65 3017.50
1327.87 8144.65 3017.21
1334.16 8144.65 3016.92
1340.45 8144.65 3016.63
1346.73 8144.65 3016.35
1353.02 8144.65 3016.07
1359.31 8144.65 3015.80
1365.60 8144.65 3015.54
1371.89 8144.65 3015.28
1378.18 8144.65 3015.02
1384.47 8144.65 3014.77
1390.76 8144.65 3014.53
1397.05 8144.65 3014.29
1403.34 8144.65 3014.05
1409.63 8144.65 3013.82
1415.92 8144.65 3013.60
1422.21 8144.65 3013.38
1428.50 8144.65 3013.17
1434.79 8144.65 3012.96
1441.07 8144.65 3012.75
1447.36 8144.65 3012.56
1453.65 8144.65 3012.36
1459.94 8144.65 3012.18
1466.23 8144.65 3011.99
1472.52 8144.65 3011.81
1478.81 8144.65 3011.64
1485.10 8144.65 3011.47
1491.39 8144.65 3011.31
1497.68 8144.65 3011.15
1503.97 8144.65 3011.03
1510.26 8144.65 3010.86
1516.55 8144.65 3010.71
1522.84 8144.65 3010.57
1529.12 8144.65 3010.44
1535.41 8144.65 3010.32
1541.70 8144.65 3010.21
1547.99 8144.65 3010.08
1554.28 8144.65 3009.95
1560.57 8144.65 3009.85
1566.86 8144.65 3009.75
1573.15 8144.65 3009.65
573.150 8270.44 3370.11
579.439 8270.44 3368.61
585.729 8270.44 3367.14
592.018 8270.44 3365.68
598.307 8270.44 3364.23
604.597 8270.44 3362.80
610.886 8270.44 3361.37
617.175 8270.44 3359.93
623.464 8270.44 3358.49
629.754 8270.44 3357.04
636.043 8270.44 3355.57
642.332 8270.44 3354.09
648.622 8270.44 3352.58
654.911 8270.44 3351.04
661.200 8270.44 3349.47
667.490 8270.44 3347.86
673.779 8270.44 3346.20
680.068 8270.44 3344.49
686.358 8270.44 3342.72
692.647 8270.44 3340.89
698.936 8270.44 3338.96
705.225 8270.44 3336.94
711.515 8270.44 3334.82
717.804 8270.44 3332.57
724.093 8270.44 3330.17
730.383 8270.44 3327.59
736.672 8270.44 3324.81
742.961 8270.44 3321.75
749.251 8270.44 3318.36
755.540 8270.44 3314.64
761.829 8270.44 3310.41
768.119 8270.44 3305.52
774.408 8270.44 3299.79
780.697 8270.44 3292.85
786.986 8270.44 3284.27
793.276 8270.44 3273.34
799.565 8270.44 3259.01
805.854 8270.44 3241.91
812.144 8270.44 3240.86
818.433 8270.44 3239.82
824.722 8270.44 3238.78
831.012 8270.44 3237.76
837.301 8270.44 3236.74
843.590 8270.44 3235.74
849.880 8270.44 3234.74
856.169 8270.44 3233.74
862.458 8270.44 3232.76
868.747 8270.44 3231.78
875.037 8270.44 3230.81
881.326 8270.44 3229.84
887.615 8270.44 3228.88
893.905 8270.44 3227.92
900.194 8270.44 3226.97
906.483 8270.44 3226.02
912.773 8270.44 3225.08
919.062 8270.44 3224.14
925.351 8270.44 3212.28
931.641 8270.44 3198.99
937.930 8270.44 3184.46
944.219 8270.44 3168.95
950.508 8270.44 3156.11
956.798 8270.44 3155.36
963.087 8270.44 3154.61
969.376 8270.44 3153.86
975.666 8270.44 3153.10
981.955 8270.44 3152.34
988.244 8270.44 3151.57
994.534 8270.44 3150.80
1000.82 8270.44 3150.03
1007.11 8270.44 3149.25
1013.40 8270.44 3148.47
1019.69 8270.44 3147.68
1025.98 8270.44 3146.89
1032.27 8270.44 3146.09
1038.56 8270.44 3145.29
1044.85 8270.44 3144.49
1051.14 8270.44 3143.66
1057.43 8270.44 3142.85
1063.72 8270.44 3138.90
1070.01 8270.44 3111.77
1076.29 8270.44 3081.73
1082.58 8270.44 3048.78
1088.87 8270.44 3032.47
1095.16 8270.44 3032.03
1101.45 8270.44 3031.59
1107.74 8270.44 3031.17
1114.03 8270.44 3030.73
1120.32 8270.44 3030.31
1126.61 8270.44 3029.89
1132.90 8270.44 3029.48
1139.19 8270.44 3029.06
1145.48 8270.44 3028.65
1151.77 8270.44 3028.25
1158.06 8270.44 3027.85
1164.34 8270.44 3027.45
1170.63 8270.44 3027.05
1176.92 8270.44 3026.66
1183.21 8270.44 3026.28
1189.50 8270.44 3025.89
1195.79 8270.44 3025.51
1202.08 8270.44 3025.13
1208.37 8270.44 3024.76
1214.66 8270.44 3024.39
1220.95 8270.44 3024.03
1227.24 8270.44 3023.67
1233.53 8270.44 3023.31
1239.82 8270.44 3022.96
1246.11 8270.44 3022.61
1252.40 8270.44 3022.27
1258.68 8270.44 3021.92
1264.97 8270.44 3021.60
1271.26 8270.44 3021.26
1277.55 8270.44 3020.94
1283.84 8270.44 3020.63
1290.13 8270.44 3020.30
1296.42 8270.44 3019.99
1302.71 8270.44 3019.68
1309.00 8270.44 3019.38
1315.29 8270.44 3019.08
1321.58 8270.44 3018.79
1327.87 8270.44 3018.50
1334.16 8270.44 3018.22
1340.45 8270.44 3017.94
1346.73 8270.44 3017.66
1353.02 8270.44 3017.39
1359.31 8270.44 3017.14
1365.60 8270.44 3016.88
1371.89 8270.44 3016.62
1378.18 8270.44 3016.38
1384.47 8270.44 3016.14
1390.76 8270.44 3015.90
1397.05 8270.44 3015.67
1403.34 8270.44 3015.45
1409.63 8270.44 3015.22
1415.92 8270.44 3015.01
1422.21 8270.44 3014.80
1428.50 8270.44 3014.59
1434.79 8270.44 3014.40
1441.07 8270.44 3014.20
1447.36 8270.44 3014.01
1453.65 8270.44 3013.83
1459.94 8270.44 3013.66
1466.23 8270.44 3013.48
1472.52 8270.44 3013.32
1478.81 8270.44 3013.16
1485.10 8270.44 3012.99
1491.39 8270.44 3012.85
1497.68 8270.44 3012.70
1503.97 8270.44 3012.56
1510.26 8270.44 3012.43
1516.55 8270.44 3012.29
1522.84 8270.44 3012.17
1529.12 8270.44 3012.04
1535.41 8270.44 3011.93
1541.70 8270.44 3011.81
1547.99 8270.44 3011.71
1554.28 8270.44 3011.61
1560.57 8270.44 3011.51
1566.86 8270.44 3011.42
1573.15 8270.44 3011.33
573.150 8396.23 3374.01
579.439 8396.23 3372.35
585.729 8396.23 3370.73
592.018 8396.23 3369.14
598.307 8396.23 3367.58
604.597 8396.23 3366.04
610.886 8396.23 3364.51
617.175 8396.23 3362.98
623.464 8396.23 3361.47
629.754 8396.23 3359.95
636.043 8396.23 3358.42
642.332 8396.23 3356.88
648.622 8396.23 3355.33
654.911 8396.23 3353.75
661.200 8396.23 3352.15
667.490 8396.23 3350.52
673.779 8396.23 3348.85
680.068 8396.23 3347.13
686.358 8396.23 3345.37
692.647 8396.23 3343.54
698.936 8396.23 3341.64
705.225 8396.23 3339.65
711.515 8396.23 3337.58
717.804 8396.23 3335.39
724.093 8396.23 3333.09
730.383 8396.23 3330.59
736.672 8396.23 3327.95
742.961 8396.23 3325.05
749.251 8396.23 3321.91
755.540 8396.23 3318.46
761.829 8396.23 3314.58
768.119 8396.23 3310.17
774.408 8396.23 3305.08
780.697 8396.23 3299.17
786.986 8396.23 3291.84
793.276 8396.23 3282.85
799.565 8396.23 3271.21
805.854 8396.23 3256.12
812.144 8396.23 3242.81
818.433 8396.23 3241.74
824.722 8396.23 3240.68
831.012 8396.23 3239.63
837.301 8396.23 3238.59
843.590 8396.23 3237.56
849.880 8396.23 3236.53
856.169 8396.23 3235.49
862.458 8396.23 3234.51
868.747 8396.23 3233.51
875.037 8396.23 3232.52
881.326 8396.23 3231.53
887.615 8396.23 3230.55
893.905 8396.23 3229.58
900.194 8396.23 3228.61
906.483 8396.23 3227.64
912.773 8396.23 3226.68
919.062 8396.23 3225.73
925.351 8396.23 3224.77
931.641 8396.23 3220.57
937.930 8396.23 3208.15
944.219 8396.23 3194.67
950.508 8396.23 3180.03
956.798 8396.23 3164.44
963.087 8396.23 3155.15
969.376 8396.23 3154.40
975.666 8396.23 3153.64
981.955 8396.23 3152.88
988.244 8396.23 3152.12
994.534 8396.23 3151.35
1000.82 8396.23 3150.58
1007.11 8396.23 3149.80
1013.40 8396.23 3149.03
1019.69 8396.23 3148.24
1025.98 8396.23 3147.45
1032.27 8396.23 3146.66
1038.56 8396.23 3145.86
1044.85 8396.23 3145.06
1051.14 8396.23 3144.25
1057.43 8396.23 3143.43
1063.72 8396.23 3142.61
1070.01 8396.23 3141.78
1076.29 8396.23 3140.94
1082.58 8396.23 3119.12
1088.87 8396.23 3090.83
1095.16 8396.23 3059.49
1101.45 8396.23 3032.79
1107.74 8396.23 3032.35
1114.03 8396.23 3031.93
1120.32 8396.23 3031.50
1126.61 8396.23 3031.08
1132.90 8396.23 3030.67
1139.19 8396.23 3030.26
1145.48 8396.23 3029.85
1151.77 8396.23 3029.45
1158.06 8396.23 3029.04
1164.34 8396.23 3028.65
1170.63 8396.23 3028.26
1176.92 8396.23 3027.87
1183.21 8396.23 3027.48
1189.50 8396.23 3027.10
1195.79 8396.23 3026.72
1202.08 8396.23 3026.35
1208.37 8396.23 3025.98
1214.66 8396.23 3025.62
1220.95 8396.23 3025.26
1227.24 8396.23 3024.90
1233.53 8396.23 3024.55
1239.82 8396.23 3024.20
1246.11 8396.23 3023.86
1252.40 8396.23 3023.52
1258.68 8396.23 3023.19
1264.97 8396.23 3022.86
1271.26 8396.23 3022.53
1277.55 8396.23 3022.21
1283.84 8396.23 3021.90
1290.13 8396.23 3021.59
1296.42 8396.23 3021.28
1302.71 8396.23 3020.98
1309.00 8396.23 3020.68
1315.29 8396.23 3020.39
1321.58 8396.23 3020.11
1327.87 8396.23 3019.83
1334.16 8396.23 3019.55
1340.45 8396.23 3019.28
1346.73 8396.23 3019.01
1353.02 8396.23 3018.76
1359.31 8396.23 3018.50
1365.60 8396.23 3018.25
1371.89 8396.23 3018.01
1378.18 8396.23 3017.77
1384.47 8396.23 3017.54
1390.76 8396.23 3017.31
1397.05 8396.23 3017.09
1403.34 8396.23 3016.87
1409.63 8396.23 3016.67
1415.92 8396.23 3016.48
1422.21 8396.23 3016.26
1428.50 8396.23 3016.06
1434.79 8396.23 3015.87
1441.07 8396.23 3015.69
1447.36 8396.23 3015.51
1453.65 8396.23 3015.34
1459.94 8396.23 3015.17
1466.23 8396.23 3015.01
1472.52 8396.23 3014.86
1478.81 8396.23 3014.71
1485.10 8396.23 3014.56
1491.39 8396.23 3014.42
1497.68 8396.23 3014.29
1503.97 8396.23 3014.16
1510.26 8396.23 3014.03
1516.55 8396.23 3013.91
1522.84 8396.23 3013.80
1529.12 8396.23 3013.69
1535.41 8396.23 3013.59
1541.70 8396.23 3013.48
1547.99 8396.23 3013.39
1554.28 8396.23 3013.30
1560.57 8396.23 3013.21
1566.86 8396.23 3013.13
1573.15 8396.23 3013.05
573.150 8522.01 3485.87
579.439 8522.01 3376.57
585.729 8522.01 3374.70
592.018 8522.01 3372.94
598.307 8522.01 3371.22
604.597 8522.01 3369.54
610.886 8522.01 3367.89
617.175 8522.01 3366.26
623.464 8522.01 3364.65
629.754 8522.01 3363.04
636.043 8522.01 3361.44
642.332 8522.01 3359.84
648.622 8522.01 3358.23
654.911 8522.01 3356.60
661.200 8522.01 3354.96
667.490 8522.01 3353.29
673.779 8522.01 3351.60
680.068 8522.01 3349.86
686.358 8522.01 3348.08
692.647 8522.01 3346.25
698.936 8522.01 3344.37
705.225 8522.01 3342.40
711.515 8522.01 3340.35
717.804 8522.01 3338.22
724.093 8522.01 3335.94
730.383 8522.01 3333.57
736.672 8522.01 3331.02
742.961 8522.01 3328.27
749.251 8522.01 3325.30
755.540 8522.01 3322.05
761.829 8522.01 3318.49
768.119 8522.01 3314.44
774.408 8522.01 3309.91
780.697 8522.01 3304.62
786.986 8522.01 3298.34
793.276 8522.01 3290.79
799.565 8522.01 3281.31
805.854 8522.01 3269.09
812.144 8522.01 3253.17
818.433 8522.01 3243.71
824.722 8522.01 3242.62
831.012 8522.01 3241.54
837.301 8522.01 3240.47
843.590 8522.01 3239.42
849.880 8522.01 3238.37
856.169 8522.01 3237.33
862.458 8522.01 3236.30
868.747 8522.01 3235.28
875.037 8522.01 3234.26
881.326 8522.01 3233.26
887.615 8522.01 3232.26
893.905 8522.01 3231.26
900.194 8522.01 3230.28
906.483 8522.01 3229.30
912.773 8522.01 3228.32
919.062 8522.01 3227.35
925.351 8522.01 3226.38
931.641 8522.01 3225.42
937.930 8522.01 3224.46
944.219 8522.01 3216.52
950.508 8522.01 3203.99
956.798 8522.01 3190.46
963.087 8522.01 3175.82
969.376 8522.01 3160.29
975.666 8522.01 3154.18
981.955 8522.01 3153.42
988.244 8522.01 3152.66
994.534 8522.01 3151.90
1000.82 8522.01 3151.13
1007.11 8522.01 3150.36
1013.40 8522.01 3149.58
1019.69 8522.01 3148.80
1025.98 8522.01 3148.02
1032.27 8522.01 3147.23
1038.56 8522.01 3146.43
1044.85 8522.01 3145.63
1051.14 8522.01 3144.82
1057.43 8522.01 3144.01
1063.72 8522.01 3143.19
1070.01 8522.01 3142.37
1076.29 8522.01 3141.53
1082.58 8522.01 3140.69
1088.87 8522.01 3139.84
1095.16 8522.01 3126.55
1101.45 8522.01 3099.69
1107.74 8522.01 3070.26
1114.03 8522.01 3037.76
1120.32 8522.01 3032.72
1126.61 8522.01 3032.30
1132.90 8522.01 3031.89
1139.19 8522.01 3031.48
1145.48 8522.01 3031.07
1151.77 8522.01 3030.67
1158.06 8522.01 3030.27
1164.34 8522.01 3029.88
1170.63 8522.01 3029.49
1176.92 8522.01 3029.10
1183.21 8522.01 3028.72
1189.50 8522.01 3028.34
1195.79 8522.01 3027.97
1202.08 8522.01 3027.60
1208.37 8522.01 3027.23
1214.66 8522.01 3026.87
1220.95 8522.01 3026.52
1227.24 8522.01 3026.16
1233.53 8522.01 3025.82
1239.82 8522.01 3025.47
1246.11 8522.01 3025.14
1252.40 8522.01 3024.80
1258.68 8522.01 3024.47
1264.97 8522.01 3024.15
1271.26 8522.01 3023.83
1277.55 8522.01 3023.52
1283.84 8522.01 3023.21
1290.13 8522.01 3022.90
1296.42 8522.01 3022.60
1302.71 8522.01 3022.31
1309.00 8522.01 3022.02
1315.29 8522.01 3021.74
1321.58 8522.01 3021.46
1327.87 8522.01 3021.19
1334.16 8522.01 3020.92
1340.45 8522.01 3020.66
1346.73 8522.01 3020.40
1353.02 8522.01 3020.15
1359.31 8522.01 3019.90
1365.60 8522.01 3019.66
1371.89 8522.01 3019.43
1378.18 8522.01 3019.20
1384.47 8522.01 3018.98
1390.76 8522.01 3018.76
1397.05 8522.01 3018.55
1403.34 8522.01 3018.34
1409.63 8522.01 3018.14
1415.92 8522.01 3017.94
1422.21 8522.01 3017.76
1428.50 8522.01 3017.57
1434.79 8522.01 3017.39
1441.07 8522.01 3017.22
1447.36 8522.01 3017.05
1453.65 8522.01 3016.89
1459.94 8522.01 3016.74
1466.23 8522.01 3016.59
1472.52 8522.01 3016.44
1478.81 8522.01 3016.31
1485.10 8522.01 3016.17
1491.39 8522.01 3016.04
1497.68 8522.01 3015.92
1503.97 8522.01 3015.80
1510.26 8522.01 3015.68
1516.55 8522.01 3015.58
1522.84 8522.01 3015.48
1529.12 8522.01 3015.37
1535.41 8522.01 3015.28
1541.70 8522.01 3015.20
1547.99 8522.01 3015.10
1554.28 8522.01 3015.03
1560.57 8522.01 3014.95
1566.86 8522.01 3014.89
1573.15 8522.01 3014.82
573.150 8647.80 3486.26
579.439 8647.80 3485.61
585.729 8647.80 3379.16
592.018 8647.80 3377.17
598.307 8647.80 3375.25
604.597 8647.80 3373.39
610.886 8647.80 3371.58
617.175 8647.80 3369.82
623.464 8647.80 3368.08
629.754 8647.80 3366.37
636.043 8647.80 3364.67
642.332 8647.80 3362.98
648.622 8647.80 3361.30
654.911 8647.80 3359.60
661.200 8647.80 3357.90
667.490 8647.80 3356.19
673.779 8647.80 3354.45
680.068 8647.80 3352.69
686.358 8647.80 3350.89
692.647 8647.80 3349.04
698.936 8647.80 3347.15
705.225 8647.80 3345.20
711.515 8647.80 3343.18
717.804 8647.80 3341.06
724.093 8647.80 3338.85
730.383 8647.80 3336.52
736.672 8647.80 3334.04
742.961 8647.80 3331.43
749.251 8647.80 3328.56
755.540 8647.80 3325.55
761.829 8647.80 3322.20
768.119 8647.80 3318.51
774.408 8647.80 3314.32
780.697 8647.80 3309.60
786.986 8647.80 3304.13
793.276 8647.80 3297.53
799.565 8647.80 3289.66
805.854 8647.80 3279.69
812.144 8647.80 3266.75
818.433 8647.80 3249.97
824.722 8647.80 3244.62
831.012 8647.80 3243.51
837.301 8647.80 3242.42
843.590 8647.80 3241.33
849.880 8647.80 3240.25
856.169 8647.80 3239.19
862.458 8647.80 3238.14
868.747 8647.80 3237.09
875.037 8647.80 3236.05
881.326 8647.80 3235.02
887.615 8647.80 3234.01
893.905 8647.80 3232.99
900.194 8647.80 3231.98
906.483 8647.80 3230.99
912.773 8647.80 3229.99
919.062 8647.80 3229.00
925.351 8647.80 3228.02
931.641 8647.80 3227.04
937.930 8647.80 3226.06
944.219 8647.80 3225.09
950.508 8647.80 3224.13
956.798 8647.80 3212.77
963.087 8647.80 3200.15
969.376 8647.80 3186.58
975.666 8647.80 3171.96
981.955 8647.80 3156.43
988.244 8647.80 3153.21
994.534 8647.80 3152.45
1000.82 8647.80 3151.68
1007.11 8647.80 3150.91
1013.40 8647.80 3150.14
1019.69 8647.80 3149.36
1025.98 8647.80 3148.57
1032.27 8647.80 3147.79
1038.56 8647.80 3147.00
1044.85 8647.80 3146.20
1051.14 8647.80 3145.39
1057.43 8647.80 3144.59
1063.72 8647.80 3143.77
1070.01 8647.80 3142.95
1076.29 8647.80 3142.12
1082.58 8647.80 3141.28
1088.87 8647.80 3140.44
1095.16 8647.80 3139.59
1101.45 8647.80 3138.73
1107.74 8647.80 3133.39
1114.03 8647.80 3108.25
1120.32 8647.80 3080.44
1126.61 8647.80 3049.83
1132.90 8647.80 3033.14
1139.19 8647.80 3032.73
1145.48 8647.80 3032.32
1151.77 8647.80 3031.93
1158.06 8647.80 3031.53
1164.34 8647.80 3031.13
1170.63 8647.80 3030.75
1176.92 8647.80 3030.36
1183.21 8647.80 3029.99
1189.50 8647.80 3029.61
1195.79 8647.80 3029.24
1202.08 8647.80 3028.87
1208.37 8647.80 3028.51
1214.66 8647.80 3028.16
1220.95 8647.80 3027.80
1227.24 8647.80 3027.46
1233.53 8647.80 3027.12
1239.82 8647.80 3026.78
1246.11 8647.80 3026.44
1252.40 8647.80 3026.12
1258.68 8647.80 3025.79
1264.97 8647.80 3025.47
1271.26 8647.80 3025.16
1277.55 8647.80 3024.85
1283.84 8647.80 3024.55
1290.13 8647.80 3024.25
1296.42 8647.80 3023.96
1302.71 8647.80 3023.67
1309.00 8647.80 3023.39
1315.29 8647.80 3023.12
1321.58 8647.80 3022.85
1327.87 8647.80 3022.58
1334.16 8647.80 3022.33
1340.45 8647.80 3022.08
1346.73 8647.80 3021.84
1353.02 8647.80 3021.58
1359.31 8647.80 3021.34
1365.60 8647.80 3021.11
1371.89 8647.80 3020.89
1378.18 8647.80 3020.67
1384.47 8647.80 3020.46
1390.76 8647.80 3020.26
1397.05 8647.80 3020.04
1403.34 8647.80 3019.85
1409.63 8647.80 3019.66
1415.92 8647.80 3019.48
1422.21 8647.80 3019.30
1428.50 8647.80 3019.12
1434.79 8647.80 3018.96
1441.07 8647.80 3018.79
1447.36 8647.80 3018.64
1453.65 8647.80 3018.49
1459.94 8647.80 3018.35
1466.23 8647.80 3018.22
1472.52 8647.80 3018.07
1478.81 8647.80 3017.95
1485.10 8647.80 3017.83
1491.39 8647.80 3017.70
1497.68 8647.80 3017.59
1503.97 8647.80 3017.49
1510.26 8647.80 3017.39
1516.55 8647.80 3017.29
1522.84 8647.80 3017.20
1529.12 8647.80 3017.11
1535.41 8647.80 3017.03
1541.70 8647.80 3016.95
1547.99 8647.80 3016.88
1554.28 8647.80 3016.81
1560.57 8647.80 3016.75
1566.86 8647.80 3016.70
1573.15 8647.80 3016.64
573.150 8773.58 3486.65
579.439 8773.58 3486.00
585.729 8773.58 3485.35
592.018 8773.58 3381.95
598.307 8773.58 3379.75
604.597 8773.58 3377.66
610.886 8773.58 3375.65
617.175 8773.58 3373.70
623.464 8773.58 3371.81
629.754 8773.58 3369.96
636.043 8773.58 3368.13
642.332 8773.58 3366.33
648.622 8773.58 3364.55
654.911 8773.58 3362.78
661.200 8773.58 3361.01
667.490 8773.58 3359.23
673.779 8773.58 3357.44
680.068 8773.58 3355.63
686.358 8773.58 3353.80
692.647 8773.58 3351.93
698.936 8773.58 3350.02
705.225 8773.58 3348.06
711.515 8773.58 3346.04
717.804 8773.58 3343.94
724.093 8773.58 3341.78
730.383 8773.58 3339.49
736.672 8773.58 3337.08
742.961 8773.58 3334.52
749.251 8773.58 3331.84
755.540 8773.58 3328.93
761.829 8773.58 3325.78
768.119 8773.58 3322.32
774.408 8773.58 3318.47
780.697 8773.58 3314.18
786.986 8773.58 3309.25
793.276 8773.58 3303.57
799.565 8773.58 3296.69
805.854 8773.58 3288.41
812.144 8773.58 3277.87
818.433 8773.58 3264.38
824.722 8773.58 3246.85
831.012 8773.58 3245.53
837.301 8773.58 3244.40
843.590 8773.58 3243.29
849.880 8773.58 3242.19
856.169 8773.58 3241.10
862.458 8773.58 3240.01
868.747 8773.58 3238.95
875.037 8773.58 3237.88
881.326 8773.58 3236.83
887.615 8773.58 3235.79
893.905 8773.58 3234.76
900.194 8773.58 3233.73
906.483 8773.58 3232.71
912.773 8773.58 3231.70
919.062 8773.58 3230.69
925.351 8773.58 3229.69
931.641 8773.58 3228.69
937.930 8773.58 3227.70
944.219 8773.58 3226.71
950.508 8773.58 3225.73
956.798 8773.58 3224.74
963.087 8773.58 3220.73
969.376 8773.58 3209.07
975.666 8773.58 3196.66
981.955 8773.58 3182.91
988.244 8773.58 3168.24
994.534 8773.58 3152.99
1000.82 8773.58 3152.23
1007.11 8773.58 3151.46
1013.40 8773.58 3150.69
1019.69 8773.58 3149.91
1025.98 8773.58 3149.13
1032.27 8773.58 3148.35
1038.56 8773.58 3147.56
1044.85 8773.58 3146.76
1051.14 8773.58 3145.96
1057.43 8773.58 3145.16
1063.72 8773.58 3144.35
1070.01 8773.58 3143.52
1076.29 8773.58 3142.70
1082.58 8773.58 3141.87
1088.87 8773.58 3141.03
1095.16 8773.58 3140.18
1101.45 8773.58 3139.33
1107.74 8773.58 3138.47
1114.03 8773.58 3137.60
1120.32 8773.58 3136.71
1126.61 8773.58 3116.64
1132.90 8773.58 3090.53
1139.19 8773.58 3061.72
1145.48 8773.58 3033.61
1151.77 8773.58 3033.21
1158.06 8773.58 3032.82
1164.34 8773.58 3032.43
1170.63 8773.58 3032.04
1176.92 8773.58 3031.66
1183.21 8773.58 3031.28
1189.50 8773.58 3030.91
1195.79 8773.58 3030.55
1202.08 8773.58 3030.19
1208.37 8773.58 3029.83
1214.66 8773.58 3029.48
1220.95 8773.58 3029.13
1227.24 8773.58 3028.78
1233.53 8773.58 3028.45
1239.82 8773.58 3028.12
1246.11 8773.58 3027.79
1252.40 8773.58 3027.46
1258.68 8773.58 3027.15
1264.97 8773.58 3026.84
1271.26 8773.58 3026.53
1277.55 8773.58 3026.24
1283.84 8773.58 3025.94
1290.13 8773.58 3025.64
1296.42 8773.58 3025.36
1302.71 8773.58 3025.08
1309.00 8773.58 3024.80
1315.29 8773.58 3024.54
1321.58 8773.58 3024.27
1327.87 8773.58 3024.02
1334.16 8773.58 3023.77
1340.45 8773.58 3023.52
1346.73 8773.58 3023.28
1353.02 8773.58 3023.05
1359.31 8773.58 3022.82
1365.60 8773.58 3022.60
1371.89 8773.58 3022.39
1378.18 8773.58 3022.18
1384.47 8773.58 3021.98
1390.76 8773.58 3021.78
1397.05 8773.58 3021.59
1403.34 8773.58 3021.40
1409.63 8773.58 3021.21
1415.92 8773.58 3021.05
1422.21 8773.58 3020.88
1428.50 8773.58 3020.72
1434.79 8773.58 3020.57
1441.07 8773.58 3020.42
1447.36 8773.58 3020.27
1453.65 8773.58 3020.13
1459.94 8773.58 3020.00
1466.23 8773.58 3019.87
1472.52 8773.58 3019.75
1478.81 8773.58 3019.63
1485.10 8773.58 3019.52
1491.39 8773.58 3019.42
1497.68 8773.58 3019.32
1503.97 8773.58 3019.22
1510.26 8773.58 3019.13
1516.55 8773.58 3019.05
1522.84 8773.58 3018.97
1529.12 8773.58 3018.90
1535.41 8773.58 3018.83
1541.70 8773.58 3018.78
1547.99 8773.58 3018.70
1554.28 8773.58 3018.65
1560.57 8773.58 3018.59
1566.86 8773.58 3018.56
1573.15 8773.58 3018.50
573.150 8899.37 3487.04
579.439 8899.37 3486.39
585.729 8899.37 3485.73
592.018 8899.37 3485.08
598.307 8899.37 3384.89
604.597 8899.37 3382.47
610.886 8899.37 3380.18
617.175 8899.37 3378.00
623.464 8899.37 3375.90
629.754 8899.37 3373.87
636.043 8899.37 3371.89
642.332 8899.37 3369.95
648.622 8899.37 3368.05
654.911 8899.37 3366.17
661.200 8899.37 3364.31
667.490 8899.37 3362.45
673.779 8899.37 3360.59
680.068 8899.37 3358.72
686.358 8899.37 3356.84
692.647 8899.37 3354.93
698.936 8899.37 3352.99
705.225 8899.37 3351.01
711.515 8899.37 3348.99
717.804 8899.37 3346.88
724.093 8899.37 3344.74
730.383 8899.37 3342.48
736.672 8899.37 3340.14
742.961 8899.37 3337.66
749.251 8899.37 3335.04
755.540 8899.37 3332.25
761.829 8899.37 3329.26
768.119 8899.37 3325.98
774.408 8899.37 3322.42
780.697 8899.37 3318.47
786.986 8899.37 3313.99
793.276 8899.37 3308.89
799.565 8899.37 3302.95
805.854 8899.37 3295.85
812.144 8899.37 3287.17
818.433 8899.37 3275.95
824.722 8899.37 3261.78
831.012 8899.37 3247.61
837.301 8899.37 3246.45
843.590 8899.37 3245.30
849.880 8899.37 3244.17
856.169 8899.37 3243.05
862.458 8899.37 3241.94
868.747 8899.37 3240.85
875.037 8899.37 3239.76
881.326 8899.37 3238.68
887.615 8899.37 3237.62
893.905 8899.37 3236.56
900.194 8899.37 3235.51
906.483 8899.37 3234.47
912.773 8899.37 3233.43
919.062 8899.37 3232.41
925.351 8899.37 3231.39
931.641 8899.37 3230.38
937.930 8899.37 3229.37
944.219 8899.37 3228.37
950.508 8899.37 3227.37
956.798 8899.37 3226.37
963.087 8899.37 3225.39
969.376 8899.37 3224.40
975.666 8899.37 3217.33
981.955 8899.37 3205.52
988.244 8899.37 3192.79
994.534 8899.37 3179.12
1000.82 8899.37 3164.57
1007.11 8899.37 3152.01
1013.40 8899.37 3151.24
1019.69 8899.37 3150.47
1025.98 8899.37 3149.69
1032.27 8899.37 3148.91
1038.56 8899.37 3148.12
1044.85 8899.37 3147.33
1051.14 8899.37 3146.53
1057.43 8899.37 3145.73
1063.72 8899.37 3144.92
1070.01 8899.37 3144.10
1076.29 8899.37 3143.29
1082.58 8899.37 3142.46
1088.87 8899.37 3141.62
1095.16 8899.37 3140.78
1101.45 8899.37 3139.93
1107.74 8899.37 3139.07
1114.03 8899.37 3138.20
1120.32 8899.37 3137.33
1126.61 8899.37 3136.44
1132.90 8899.37 3135.54
1139.19 8899.37 3124.51
1145.48 8899.37 3099.96
1151.77 8899.37 3073.11
1158.06 8899.37 3043.33
1164.34 8899.37 3033.75
1170.63 8899.37 3033.37
1176.92 8899.37 3032.99
1183.21 8899.37 3032.62
1189.50 8899.37 3032.25
1195.79 8899.37 3031.89
1202.08 8899.37 3031.55
1208.37 8899.37 3031.18
1214.66 8899.37 3030.83
1220.95 8899.37 3030.49
1227.24 8899.37 3030.15
1233.53 8899.37 3029.82
1239.82 8899.37 3029.49
1246.11 8899.37 3029.17
1252.40 8899.37 3028.85
1258.68 8899.37 3028.54
1264.97 8899.37 3028.24
1271.26 8899.37 3027.93
1277.55 8899.37 3027.64
1283.84 8899.37 3027.35
1290.13 8899.37 3027.07
1296.42 8899.37 3026.79
1302.71 8899.37 3026.52
1309.00 8899.37 3026.26
1315.29 8899.37 3026.00
1321.58 8899.37 3025.74
1327.87 8899.37 3025.49
1334.16 8899.37 3025.26
1340.45 8899.37 3025.02
1346.73 8899.37 3024.79
1353.02 8899.37 3024.56
1359.31 8899.37 3024.35
1365.60 8899.37 3024.14
1371.89 8899.37 3023.93
1378.18 8899.37 3023.74
1384.47 8899.37 3023.54
1390.76 8899.37 3023.36
1397.05 8899.37 3023.18
1403.34 8899.37 3023.00
1409.63 8899.37 3022.83
1415.92 8899.37 3022.67
1422.21 8899.37 3022.52
1428.50 8899.37 3022.36
1434.79 8899.37 3022.22
1441.07 8899.37 3022.07
1447.36 8899.37 3021.95
1453.65 8899.37 3021.82
1459.94 8899.37 3021.70
1466.23 8899.37 3021.59
1472.52 8899.37 3021.48
1478.81 8899.37 3021.37
1485.10 8899.37 3021.28
1491.39 8899.37 3021.18
1497.68 8899.37 3021.10
1503.97 8899.37 3021.03
1510.26 8899.37 3020.93
1516.55 8899.37 3020.86
1522.84 8899.37 3020.78
1529.12 8899.37 3020.73
1535.41 8899.37 3020.68
1541.70 8899.37 3020.62
1547.99 8899.37 3020.57
1554.28 8899.37 3020.53
1560.57 8899.37 3020.50
1566.86 8899.37 3020.46
1573.15 8899.37 3020.41
573.150 9025.16 3487.43
579.439 9025.16 3486.78
585.729 9025.16 3486.13
592.018 9025.16 3485.47
598.307 9025.16 3484.81
604.597 9025.16 3388.00
610.886 9025.16 3385.33
617.175 9025.16 3382.82
623.464 9025.16 3380.45
629.754 9025.16 3378.19
636.043 9025.16 3376.00
642.332 9025.16 3373.89
648.622 9025.16 3371.83
654.911 9025.16 3369.82
661.200 9025.16 3367.83
667.490 9025.16 3365.87
673.779 9025.16 3363.92
680.068 9025.16 3361.97
686.358 9025.16 3360.03
692.647 9025.16 3358.07
698.936 9025.16 3356.09
705.225 9025.16 3354.07
711.515 9025.16 3352.02
717.804 9025.16 3349.92
724.093 9025.16 3347.76
730.383 9025.16 3345.52
736.672 9025.16 3343.21
742.961 9025.16 3340.79
749.251 9025.16 3338.22
755.540 9025.16 3335.53
761.829 9025.16 3332.65
768.119 9025.16 3329.57
774.408 9025.16 3326.20
780.697 9025.16 3322.52
786.986 9025.16 3318.43
793.276 9025.16 3313.82
799.565 9025.16 3308.50
805.854 9025.16 3302.33
812.144 9025.16 3294.84
818.433 9025.16 3285.69
824.722 9025.16 3273.98
831.012 9025.16 3259.02
837.301 9025.16 3248.56
843.590 9025.16 3247.37
849.880 9025.16 3246.19
856.169 9025.16 3245.06
862.458 9025.16 3243.93
868.747 9025.16 3242.80
875.037 9025.16 3241.68
881.326 9025.16 3240.58
887.615 9025.16 3239.49
893.905 9025.16 3238.41
900.194 9025.16 3237.34
906.483 9025.16 3236.27
912.773 9025.16 3235.22
919.062 9025.16 3234.17
925.351 9025.16 3233.13
931.641 9025.16 3232.10
937.930 9025.16 3231.07
944.219 9025.16 3230.06
950.508 9025.16 3229.04
956.798 9025.16 3228.03
963.087 9025.16 3227.03
969.376 9025.16 3226.03
975.666 9025.16 3225.03
981.955 9025.16 3224.04
988.244 9025.16 3213.95
994.534 9025.16 3202.19
1000.82 9025.16 3189.41
1007.11 9025.16 3175.85
1013.40 9025.16 3161.49
1019.69 9025.16 3151.02
1025.98 9025.16 3150.24
1032.27 9025.16 3149.46
1038.56 9025.16 3148.68
1044.85 9025.16 3147.89
1051.14 9025.16 3147.10
1057.43 9025.16 3146.30
1063.72 9025.16 3145.49
1070.01 9025.16 3144.68
1076.29 9025.16 3143.86
1082.58 9025.16 3143.04
1088.87 9025.16 3142.21
1095.16 9025.16 3141.37
1101.45 9025.16 3140.52
1107.74 9025.16 3139.67
1114.03 9025.16 3138.81
1120.32 9025.16 3137.94
1126.61 9025.16 3137.06
1132.90 9025.16 3136.17
1139.19 9025.16 3135.27
1145.48 9025.16 3134.35
1151.77 9025.16 3132.28
1158.06 9025.16 3109.14
1164.34 9025.16 3083.74
1170.63 9025.16 3056.10
1176.92 9025.16 3034.36
1183.21 9025.16 3033.99
1189.50 9025.16 3033.63
1195.79 9025.16 3033.27
1202.08 9025.16 3032.91
1208.37 9025.16 3032.57
1214.66 9025.16 3032.22
1220.95 9025.16 3031.89
1227.24 9025.16 3031.55
1233.53 9025.16 3031.22
1239.82 9025.16 3030.91
1246.11 9025.16 3030.59
1252.40 9025.16 3030.28
1258.68 9025.16 3029.98
1264.97 9025.16 3029.68
1271.26 9025.16 3029.39
1277.55 9025.16 3029.10
1283.84 9025.16 3028.82
1290.13 9025.16 3028.54
1296.42 9025.16 3028.27
1302.71 9025.16 3028.01
1309.00 9025.16 3027.75
1315.29 9025.16 3027.50
1321.58 9025.16 3027.26
1327.87 9025.16 3027.02
1334.16 9025.16 3026.79
1340.45 9025.16 3026.56
1346.73 9025.16 3026.34
1353.02 9025.16 3026.13
1359.31 9025.16 3025.92
1365.60 9025.16 3025.72
1371.89 9025.16 3025.53
1378.18 9025.16 3025.34
1384.47 9025.16 3025.16
1390.76 9025.16 3024.98
1397.05 9025.16 3024.81
1403.34 9025.16 3024.65
1409.63 9025.16 3024.49
1415.92 9025.16 3024.34
1422.21 9025.16 3024.20
1428.50 9025.16 3024.06
1434.79 9025.16 3023.93
1441.07 9025.16 3023.80
1447.36 9025.16 3023.68
1453.65 9025.16 3023.56
1459.94 9025.16 3023.46
1466.23 9025.16 3023.36
1472.52 9025.16 3023.26
1478.81 9025.16 3023.16
1485.10 9025.16 3023.08
1491.39 9025.16 3023.00
1497.68 9025.16 3022.92
1503.97 9025.16 3022.85
1510.26 9025.16 3022.79
1516.55 9025.16 3022.73
1522.84 9025.16 3022.68
1529.12 9025.16 3022.62
1535.41 9025.16 3022.57
1541.70 9025.16 3022.54
1547.99 9025.16 3022.50
1554.28 9025.16 3022.47
1560.57 9025.16 3022.43
1566.86 9025.16 3022.42
1573.15 9025.16 3022.38
573.150 9150.94 3487.81
579.439 9150.94 3487.17
585.729 9150.94 3486.52
592.018 9150.94 3485.86
598.307 9150.94 3485.21
604.597 9150.94 3484.55
610.886 9150.94 3391.30
617.175 9150.94 3388.34
623.464 9150.94 3385.59
629.754 9150.94 3383.01
636.043 9150.94 3380.56
642.332 9150.94 3378.22
648.622 9150.94 3375.96
654.911 9150.94 3373.76
661.200 9150.94 3371.63
667.490 9150.94 3369.54
673.779 9150.94 3367.48
680.068 9150.94 3365.44
686.358 9150.94 3363.39
692.647 9150.94 3361.36
698.936 9150.94 3359.32
705.225 9150.94 3357.25
711.515 9150.94 3355.16
717.804 9150.94 3353.06
724.093 9150.94 3350.86
730.383 9150.94 3348.66
736.672 9150.94 3346.36
742.961 9150.94 3343.94
749.251 9150.94 3341.44
755.540 9150.94 3338.81
761.829 9150.94 3336.04
768.119 9150.94 3333.06
774.408 9150.94 3329.85
780.697 9150.94 3326.41
786.986 9150.94 3322.60
793.276 9150.94 3318.35
799.565 9150.94 3313.55
805.854 9150.94 3308.09
812.144 9150.94 3301.63
818.433 9150.94 3293.75
824.722 9150.94 3284.21
831.012 9150.94 3271.98
837.301 9150.94 3256.22
843.590 9150.94 3249.51
849.880 9150.94 3248.30
856.169 9150.94 3247.13
862.458 9150.94 3245.95
868.747 9150.94 3244.79
875.037 9150.94 3243.65
881.326 9150.94 3241.98
887.615 9150.94 3241.40
893.905 9150.94 3240.30
900.194 9150.94 3239.20
906.483 9150.94 3238.12
912.773 9150.94 3237.03
919.062 9150.94 3235.97
925.351 9150.94 3234.91
931.641 9150.94 3233.86
937.930 9150.94 3232.81
944.219 9150.94 3231.78
950.508 9150.94 3230.75
956.798 9150.94 3229.72
963.087 9150.94 3228.70
969.376 9150.94 3227.68
975.666 9150.94 3226.67
981.955 9150.94 3225.67
988.244 9150.94 3224.67
994.534 9150.94 3221.61
1000.82 9150.94 3210.71
1007.11 9150.94 3198.95
1013.40 9150.94 3186.28
1019.69 9150.94 3172.72
1025.98 9150.94 3158.31
1032.27 9150.94 3150.02
1038.56 9150.94 3149.24
1044.85 9150.94 3148.45
1051.14 9150.94 3147.66
1057.43 9150.94 3146.86
1063.72 9150.94 3146.06
1070.01 9150.94 3145.26
1076.29 9150.94 3144.44
1082.58 9150.94 3143.62
1088.87 9150.94 3142.80
1095.16 9150.94 3141.96
1101.45 9150.94 3141.12
1107.74 9150.94 3140.27
1114.03 9150.94 3139.41
1120.32 9150.94 3138.54
1126.61 9150.94 3137.67
1132.90 9150.94 3136.78
1139.19 9150.94 3135.89
1145.48 9150.94 3134.98
1151.77 9150.94 3134.07
1158.06 9150.94 3133.14
1164.34 9150.94 3132.20
1170.63 9150.94 3116.84
1176.92 9150.94 3094.20
1183.21 9150.94 3068.38
1189.50 9150.94 3040.02
1195.79 9150.94 3034.69
1202.08 9150.94 3034.34
1208.37 9150.94 3033.99
1214.66 9150.94 3033.66
1220.95 9150.94 3033.32
1227.24 9150.94 3033.00
1233.53 9150.94 3032.68
1239.82 9150.94 3032.36
1246.11 9150.94 3032.05
1252.40 9150.94 3031.75
1258.68 9150.94 3031.45
1264.97 9150.94 3031.16
1271.26 9150.94 3030.88
1277.55 9150.94 3030.60
1283.84 9150.94 3030.32
1290.13 9150.94 3030.06
1296.42 9150.94 3029.79
1302.71 9150.94 3029.54
1309.00 9150.94 3029.29
1315.29 9150.94 3029.05
1321.58 9150.94 3028.82
1327.87 9150.94 3028.59
1334.16 9150.94 3028.37
1340.45 9150.94 3028.15
1346.73 9150.94 3027.94
1353.02 9150.94 3027.74
1359.31 9150.94 3027.54
1365.60 9150.94 3027.35
1371.89 9150.94 3027.17
1378.18 9150.94 3026.99
1384.47 9150.94 3026.82
1390.76 9150.94 3026.66
1397.05 9150.94 3026.50
1403.34 9150.94 3026.35
1409.63 9150.94 3026.20
1415.92 9150.94 3026.07
1422.21 9150.94 3025.93
1428.50 9150.94 3025.81
1434.79 9150.94 3025.69
1441.07 9150.94 3025.58
1447.36 9150.94 3025.47
1453.65 9150.94 3025.37
1459.94 9150.94 3025.26
1466.23 9150.94 3025.18
1472.52 9150.94 3025.09
1478.81 9150.94 3025.01
1485.10 9150.94 3024.94
1491.39 9150.94 3024.87
1497.68 9150.94 3024.81
1503.97 9150.94 3024.75
1510.26 9150.94 3024.70
1516.55 9150.94 3024.63
1522.84 9150.94 3024.61
1529.12 9150.94 3024.58
1535.41 9150.94 3024.54
1541.70 9150.94 3024.51
1547.99 9150.94 3024.49
1554.28 9150.94 3024.47
1560.57 9150.94 3024.44
1566.86 9150.94 3024.44
1573.15 9150.94 3024.44
573.150 9276.73 3488.20
579.439 9276.73 3487.55
585.729 9276.73 3486.90
592.018 9276.73 3486.25
598.307 9276.73 3485.60
604.597 9276.73 3484.94
610.886 9276.73 3484.28
617.175 9276.73 3394.80
623.464 9276.73 3391.52
629.754 9276.73 3388.49
636.043 9276.73 3385.68
642.332 9276.73 3383.03
648.622 9276.73 3380.51
654.911 9276.73 3378.09
661.200 9276.73 3375.76
667.490 9276.73 3373.50
673.779 9276.73 3371.28
680.068 9276.73 3369.11
686.358 9276.73 3366.97
692.647 9276.73 3364.84
698.936 9276.73 3362.72
705.225 9276.73 3360.59
711.515 9276.73 3358.44
717.804 9276.73 3356.28
724.093 9276.73 3354.08
730.383 9276.73 3351.83
736.672 9276.73 3349.52
742.961 9276.73 3347.14
749.251 9276.73 3344.67
755.540 9276.73 3342.09
761.829 9276.73 3339.37
768.119 9276.73 3336.52
774.408 9276.73 3333.47
780.697 9276.73 3330.18
786.986 9276.73 3326.58
793.276 9276.73 3322.67
799.565 9276.73 3318.29
805.854 9276.73 3313.34
812.144 9276.73 3307.59
818.433 9276.73 3300.89
824.722 9276.73 3292.66
831.012 9276.73 3282.68
837.301 9276.73 3269.72
843.590 9276.73 3253.23
849.880 9276.73 3250.47
856.169 9276.73 3249.25
862.458 9276.73 3248.04
868.747 9276.73 3246.86
875.037 9276.73 3245.68
881.326 9276.73 3244.52
887.615 9276.73 3243.37
893.905 9276.73 3242.24
900.194 9276.73 3241.12
906.483 9276.73 3240.00
912.773 9276.73 3238.90
919.062 9276.73 3237.81
925.351 9276.73 3236.73
931.641 9276.73 3235.65
937.930 9276.73 3234.59
944.219 9276.73 3233.53
950.508 9276.73 3232.48
956.798 9276.73 3231.44
963.087 9276.73 3230.40
969.376 9276.73 3229.37
975.666 9276.73 3228.34
981.955 9276.73 3227.32
988.244 9276.73 3226.31
994.534 9276.73 3225.29
1000.82 9276.73 3224.28
1007.11 9276.73 3218.63
1013.40 9276.73 3207.72
1019.69 9276.73 3195.89
1025.98 9276.73 3183.44
1032.27 9276.73 3169.70
1038.56 9276.73 3155.56
1044.85 9276.73 3149.01
1051.14 9276.73 3148.22
1057.43 9276.73 3147.43
1063.72 9276.73 3146.63
1070.01 9276.73 3145.83
1076.29 9276.73 3145.01
1082.58 9276.73 3144.20
1088.87 9276.73 3143.38
1095.16 9276.73 3142.55
1101.45 9276.73 3141.71
1107.74 9276.73 3140.86
1114.03 9276.73 3140.01
1120.32 9276.73 3139.15
1126.61 9276.73 3138.28
1132.90 9276.73 3137.40
1139.19 9276.73 3136.51
1145.48 9276.73 3135.61
1151.77 9276.73 3134.70
1158.06 9276.73 3133.78
1164.34 9276.73 3132.84
1170.63 9276.73 3131.89
1176.92 9276.73 3130.93
1183.21 9276.73 3126.22
1189.50 9276.73 3104.11
1195.79 9276.73 3080.00
1202.08 9276.73 3053.50
1208.37 9276.73 3035.47
1214.66 9276.73 3035.14
1220.95 9276.73 3034.81
1227.24 9276.73 3034.49
1233.53 9276.73 3034.17
1239.82 9276.73 3033.86
1246.11 9276.73 3033.56
1252.40 9276.73 3033.26
1258.68 9276.73 3032.98
1264.97 9276.73 3032.69
1271.26 9276.73 3032.41
1277.55 9276.73 3032.14
1283.84 9276.73 3031.88
1290.13 9276.73 3031.62
1296.42 9276.73 3031.37
1302.71 9276.73 3031.12
1309.00 9276.73 3030.88
1315.29 9276.73 3030.65
1321.58 9276.73 3030.43
1327.87 9276.73 3030.21
1334.16 9276.73 3030.00
1340.45 9276.73 3029.80
1346.73 9276.73 3029.59
1353.02 9276.73 3029.40
1359.31 9276.73 3029.22
1365.60 9276.73 3029.04
1371.89 9276.73 3028.86
1378.18 9276.73 3028.70
1384.47 9276.73 3028.54
1390.76 9276.73 3028.39
1397.05 9276.73 3028.25
1403.34 9276.73 3028.11
1409.63 9276.73 3027.98
1415.92 9276.73 3027.85
1422.21 9276.73 3027.73
1428.50 9276.73 3027.61
1434.79 9276.73 3027.51
1441.07 9276.73 3027.39
1447.36 9276.73 3027.31
1453.65 9276.73 3027.22
1459.94 9276.73 3027.14
1466.23 9276.73 3027.06
1472.52 9276.73 3026.99
1478.81 9276.73 3026.92
1485.10 9276.73 3026.86
1491.39 9276.73 3026.80
1497.68 9276.73 3026.76
1503.97 9276.73 3026.72
1510.26 9276.73 3026.67
1516.55 9276.73 3026.64
1522.84 9276.73 3026.62
1529.12 9276.73 3026.59
1535.41 9276.73 3026.57
1541.70 9276.73 3026.55
1547.99 9276.73 3026.54
1554.28 9276.73 3026.52
1560.57 9276.73 3026.51
1566.86 9276.73 3026.54
1573.15 9276.73 3026.54
573.150 9402.52 3488.59
579.439 9402.52 3487.94
585.729 9402.52 3487.29
592.018 9402.52 3486.64
598.307 9402.52 3485.98
604.597 9402.52 3485.33
610.886 9402.52 3484.67
617.175 9402.52 3484.01
623.464 9402.52 3398.53
629.754 9402.52 3394.87
636.043 9402.52 3391.54
642.332 9402.52 3388.47
648.622 9402.52 3385.59
654.911 9402.52 3382.88
661.200 9402.52 3380.30
667.490 9402.52 3377.82
673.779 9402.52 3375.42
680.068 9402.52 3373.08
686.358 9402.52 3370.80
692.647 9402.52 3368.56
698.936 9402.52 3366.32
705.225 9402.52 3364.09
711.515 9402.52 3361.88
717.804 9402.52 3359.65
724.093 9402.52 3357.41
730.383 9402.52 3355.13
736.672 9402.52 3352.80
742.961 9402.52 3350.42
749.251 9402.52 3347.96
755.540 9402.52 3345.40
761.829 9402.52 3342.77
768.119 9402.52 3339.94
774.408 9402.52 3337.01
780.697 9402.52 3333.86
786.986 9402.52 3330.47
793.276 9402.52 3326.76
799.565 9402.52 3322.71
805.854 9402.52 3318.16
812.144 9402.52 3313.01
818.433 9402.52 3307.10
824.722 9402.52 3300.02
831.012 9402.52 3291.62
837.301 9402.52 3280.89
843.590 9402.52 3267.48
849.880 9402.52 3252.69
856.169 9402.52 3251.42
862.458 9402.52 3250.19
868.747 9402.52 3248.96
875.037 9402.52 3247.76
881.326 9402.52 3246.56
887.615 9402.52 3245.39
893.905 9402.52 3244.22
900.194 9402.52 3243.07
906.483 9402.52 3241.94
912.773 9402.52 3240.81
919.062 9402.52 3239.69
925.351 9402.52 3238.59
931.641 9402.52 3237.49
937.930 9402.52 3236.40
944.219 9402.52 3235.33
950.508 9402.52 3234.26
956.798 9402.52 3233.20
963.087 9402.52 3232.14
969.376 9402.52 3231.10
975.666 9402.52 3230.05
981.955 9402.52 3229.01
988.244 9402.52 3227.98
994.534 9402.52 3226.95
1000.82 9402.52 3225.93
1007.11 9402.52 3224.92
1013.40 9402.52 3223.89
1019.69 9402.52 3215.76
1025.98 9402.52 3204.84
1032.27 9402.52 3192.99
1038.56 9402.52 3180.40
1044.85 9402.52 3167.18
1051.14 9402.52 3153.12
1057.43 9402.52 3147.99
1063.72 9402.52 3147.20
1070.01 9402.52 3146.39
1076.29 9402.52 3145.59
1082.58 9402.52 3144.77
1088.87 9402.52 3143.96
1095.16 9402.52 3143.12
1101.45 9402.52 3142.30
1107.74 9402.52 3141.46
1114.03 9402.52 3140.61
1120.32 9402.52 3139.75
1126.61 9402.52 3138.88
1132.90 9402.52 3138.01
1139.19 9402.52 3137.13
1145.48 9402.52 3136.23
1151.77 9402.52 3135.33
1158.06 9402.52 3134.41
1164.34 9402.52 3133.49
1170.63 9402.52 3132.54
1176.92 9402.52 3131.59
1183.21 9402.52 3130.62
1189.50 9402.52 3129.64
1195.79 9402.52 3128.65
1202.08 9402.52 3113.41
1208.37 9402.52 3090.98
1214.66 9402.52 3066.24
1220.95 9402.52 3039.51
1227.24 9402.52 3036.03
1233.53 9402.52 3035.72
1239.82 9402.52 3035.42
1246.11 9402.52 3035.12
1252.40 9402.52 3034.83
1258.68 9402.52 3034.55
1264.97 9402.52 3034.27
1271.26 9402.52 3034.01
1277.55 9402.52 3033.74
1283.84 9402.52 3033.49
1290.13 9402.52 3033.24
1296.42 9402.52 3032.99
1302.71 9402.52 3032.76
1309.00 9402.52 3032.53
1315.29 9402.52 3032.31
1321.58 9402.52 3032.09
1327.87 9402.52 3031.89
1334.16 9402.52 3031.68
1340.45 9402.52 3031.49
1346.73 9402.52 3031.30
1353.02 9402.52 3031.12
1359.31 9402.52 3030.95
1365.60 9402.52 3030.79
1371.89 9402.52 3030.62
1378.18 9402.52 3030.47
1384.47 9402.52 3030.32
1390.76 9402.52 3030.19
1397.05 9402.52 3030.05
1403.34 9402.52 3029.92
1409.63 9402.52 3029.81
1415.92 9402.52 3029.68
1422.21 9402.52 3029.58
1428.50 9402.52 3029.48
1434.79 9402.52 3029.39
1441.07 9402.52 3029.30
1447.36 9402.52 3029.22
1453.65 9402.52 3029.15
1459.94 9402.52 3029.07
1466.23 9402.52 3029.01
1472.52 9402.52 3028.95
1478.81 9402.52 3028.90
1485.10 9402.52 3028.85
1491.39 9402.52 3028.81
1497.68 9402.52 3028.77
1503.97 9402.52 3028.75
1510.26 9402.52 3028.71
1516.55 9402.52 3028.69
1522.84 9402.52 3028.67
1529.12 9402.52 3028.66
1535.41 9402.52 3028.66
1541.70 9402.52 3028.65
1547.99 9402.52 3028.64
1554.28 9402.52 3028.66
1560.57 9402.52 3028.68
1566.86 9402.52 3028.71
1573.15 9402.52 3028.70
573.150 9528.30 3488.98
579.439 9528.30 3488.33
585.729 9528.30 3487.68
592.018 9528.30 3487.02
598.307 9528.30 3486.38
604.597 9528.30 3485.72
610.886 9528.30 3485.06
617.175 9528.30 3484.40
623.464 9528.30 3483.74
629.754 9528.30 3402.52
636.043 9528.30 3398.42
642.332 9528.30 3394.74
648.622 9528.30 3391.38
654.911 9528.30 3388.27
661.200 9528.30 3385.35
667.490 9528.30 3382.58
673.779 9528.30 3379.94
680.068 9528.30 3377.38
686.358 9528.30 3374.93
692.647 9528.30 3372.52
698.936 9528.30 3370.15
705.225 9528.30 3367.82
711.515 9528.30 3365.51
717.804 9528.30 3363.20
724.093 9528.30 3360.89
730.383 9528.30 3358.56
736.672 9528.30 3356.19
742.961 9528.30 3353.77
749.251 9528.30 3351.32
755.540 9528.30 3348.79
761.829 9528.30 3346.16
768.119 9528.30 3343.42
774.408 9528.30 3340.50
780.697 9528.30 3337.50
786.986 9528.30 3334.24
793.276 9528.30 3330.76
799.565 9528.30 3326.95
805.854 9528.30 3322.74
812.144 9528.30 3318.04
818.433 9528.30 3312.73
824.722 9528.30 3306.55
831.012 9528.30 3299.23
837.301 9528.30 3290.27
843.590 9528.30 3279.13
849.880 9528.30 3265.06
856.169 9528.30 3253.67
862.458 9528.30 3252.38
868.747 9528.30 3251.13
875.037 9528.30 3249.88
881.326 9528.30 3248.67
887.615 9528.30 3247.46
893.905 9528.30 3246.26
900.194 9528.30 3245.08
906.483 9528.30 3243.92
912.773 9528.30 3242.76
919.062 9528.30 3241.62
925.351 9528.30 3240.49
931.641 9528.30 3239.37
937.930 9528.30 3238.26
944.219 9528.30 3237.16
950.508 9528.30 3236.07
956.798 9528.30 3234.99
963.087 9528.30 3233.91
969.376 9528.30 3232.85
975.666 9528.30 3231.79
981.955 9528.30 3230.73
988.244 9528.30 3229.68
994.534 9528.30 3228.64
1000.82 9528.30 3227.60
1007.11 9528.30 3226.57
1013.40 9528.30 3225.54
1019.69 9528.30 3224.51
1025.98 9528.30 3223.16
1032.27 9528.30 3213.01
1038.56 9528.30 3202.14
1044.85 9528.30 3190.42
1051.14 9528.30 3177.84
1057.43 9528.30 3164.73
1063.72 9528.30 3150.97
1070.01 9528.30 3146.96
1076.29 9528.30 3146.16
1082.58 9528.30 3145.35
1088.87 9528.30 3144.53
1095.16 9528.30 3143.71
1101.45 9528.30 3142.89
1107.74 9528.30 3142.04
1114.03 9528.30 3141.20
1120.32 9528.30 3140.35
1126.61 9528.30 3139.49
1132.90 9528.30 3138.62
1139.19 9528.30 3137.74
1145.48 9528.30 3136.85
1151.77 9528.30 3135.95
1158.06 9528.30 3135.04
1164.34 9528.30 3134.12
1170.63 9528.30 3133.19
1176.92 9528.30 3132.24
1183.21 9528.30 3131.28
1189.50 9528.30 3130.31
1195.79 9528.30 3129.32
1202.08 9528.30 3128.32
1208.37 9528.30 3127.30
1214.66 9528.30 3122.22
1220.95 9528.30 3101.23
1227.24 9528.30 3078.35
1233.53 9528.30 3053.39
1239.82 9528.30 3037.03
1246.11 9528.30 3036.74
1252.40 9528.30 3036.45
1258.68 9528.30 3036.18
1264.97 9528.30 3035.91
1271.26 9528.30 3035.65
1277.55 9528.30 3035.40
1283.84 9528.30 3035.15
1290.13 9528.30 3034.91
1296.42 9528.30 3034.68
1302.71 9528.30 3034.45
1309.00 9528.30 3034.24
1315.29 9528.30 3034.02
1321.58 9528.30 3033.82
1327.87 9528.30 3033.62
1334.16 9528.30 3033.43
1340.45 9528.30 3033.25
1346.73 9528.30 3033.07
1353.02 9528.30 3032.90
1359.31 9528.30 3032.75
1365.60 9528.30 3032.59
1371.89 9528.30 3032.44
1378.18 9528.30 3032.30
1384.47 9528.30 3032.17
1390.76 9528.30 3032.05
1397.05 9528.30 3031.92
1403.34 9528.30 3031.81
1409.63 9528.30 3031.70
1415.92 9528.30 3031.60
1422.21 9528.30 3031.51
1428.50 9528.30 3031.42
1434.79 9528.30 3031.34
1441.07 9528.30 3031.26
1447.36 9528.30 3031.20
1453.65 9528.30 3031.13
1459.94 9528.30 3031.08
1466.23 9528.30 3031.02
1472.52 9528.30 3030.98
1478.81 9528.30 3030.94
1485.10 9528.30 3030.91
1491.39 9528.30 3030.88
1497.68 9528.30 3030.85
1503.97 9528.30 3030.83
1510.26 9528.30 3030.82
1516.55 9528.30 3030.82
1522.84 9528.30 3030.80
1529.12 9528.30 3030.81
1535.41 9528.30 3030.80
1541.70 9528.30 3030.82
1547.99 9528.30 3030.83
1554.28 9528.30 3030.86
1560.57 9528.30 3030.87
1566.86 9528.30 3030.90
1573.15 9528.30 3030.93
573.150 9654.09 3489.36
579.439 9654.09 3488.72
585.729 9654.09 3488.07
592.018 9654.09 3487.42
598.307 9654.09 3486.76
604.597 9654.09 3486.11
610.886 9654.09 3485.45
617.175 9654.09 3484.79
623.464 9654.09 3484.13
629.754 9654.09 3483.46
636.043 9654.09 3406.79
642.332 9654.09 3402.19
648.622 9654.09 3398.11
654.911 9654.09 3394.43
661.200 9654.09 3391.05
667.490 9654.09 3387.90
673.779 9654.09 3384.94
680.068 9654.09 3382.12
686.358 9654.09 3379.42
692.647 9654.09 3376.82
698.936 9654.09 3374.28
705.225 9654.09 3371.80
711.515 9654.09 3369.36
717.804 9654.09 3366.95
724.093 9654.09 3364.54
730.383 9654.09 3362.13
736.672 9654.09 3359.72
742.961 9654.09 3357.26
749.251 9654.09 3354.79
755.540 9654.09 3352.24
761.829 9654.09 3349.62
768.119 9654.09 3346.92
774.408 9654.09 3344.08
780.697 9654.09 3341.11
786.986 9654.09 3337.97
793.276 9654.09 3334.61
799.565 9654.09 3331.02
805.854 9654.09 3327.07
812.144 9654.09 3322.75
818.433 9654.09 3317.90
824.722 9654.09 3312.40
831.012 9654.09 3305.96
837.301 9654.09 3298.28
843.590 9654.09 3288.94
849.880 9654.09 3277.31
856.169 9654.09 3262.38
862.458 9654.09 3254.66
868.747 9654.09 3253.36
875.037 9654.09 3252.08
881.326 9654.09 3250.83
887.615 9654.09 3249.58
893.905 9654.09 3248.35
900.194 9654.09 3247.14
906.483 9654.09 3245.95
912.773 9654.09 3244.76
919.062 9654.09 3243.59
925.351 9654.09 3242.43
931.641 9654.09 3241.29
937.930 9654.09 3240.16
944.219 9654.09 3239.04
950.508 9654.09 3237.92
956.798 9654.09 3236.82
963.087 9654.09 3235.72
969.376 9654.09 3234.64
975.666 9654.09 3233.56
981.955 9654.09 3232.48
988.244 9654.09 3231.42
994.534 9654.09 3230.36
1000.82 9654.09 3229.31
1007.11 9654.09 3228.26
1013.40 9654.09 3227.21
1019.69 9654.09 3226.17
1025.98 9654.09 3225.14
1032.27 9654.09 3224.10
1038.56 9654.09 3220.54
1044.85 9654.09 3210.49
1051.14 9654.09 3199.55
1057.43 9654.09 3188.03
1063.72 9654.09 3175.63
1070.01 9654.09 3162.76
1076.29 9654.09 3149.18
1082.58 9654.09 3145.92
1088.87 9654.09 3145.11
1095.16 9654.09 3144.29
1101.45 9654.09 3143.46
1107.74 9654.09 3142.63
1114.03 9654.09 3141.79
1120.32 9654.09 3140.94
1126.61 9654.09 3140.09
1132.90 9654.09 3139.22
1139.19 9654.09 3138.35
1145.48 9654.09 3137.47
1151.77 9654.09 3136.57
1158.06 9654.09 3135.67
1164.34 9654.09 3134.76
1170.63 9654.09 3133.83
1176.92 9654.09 3132.89
1183.21 9654.09 3131.94
1189.50 9654.09 3130.98
1195.79 9654.09 3129.99
1202.08 9654.09 3129.00
1208.37 9654.09 3127.99
1214.66 9654.09 3126.96
1220.95 9654.09 3125.92
1227.24 9654.09 3124.86
1233.53 9654.09 3110.99
1239.82 9654.09 3089.62
1246.11 9654.09 3066.56
1252.40 9654.09 3041.39
1258.68 9654.09 3037.87
1264.97 9654.09 3037.61
1271.26 9654.09 3037.36
1277.55 9654.09 3037.11
1283.84 9654.09 3036.88
1290.13 9654.09 3036.64
1296.42 9654.09 3036.42
1302.71 9654.09 3036.21
1309.00 9654.09 3036.00
1315.29 9654.09 3035.80
1321.58 9654.09 3035.61
1327.87 9654.09 3035.42
1334.16 9654.09 3035.25
1340.45 9654.09 3035.07
1346.73 9654.09 3034.91
1353.02 9654.09 3034.76
1359.31 9654.09 3034.61
1365.60 9654.09 3034.46
1371.89 9654.09 3034.33
1378.18 9654.09 3034.20
1384.47 9654.09 3034.08
1390.76 9654.09 3033.96
1397.05 9654.09 3033.86
1403.34 9654.09 3033.76
1409.63 9654.09 3033.67
1415.92 9654.09 3033.58
1422.21 9654.09 3033.50
1428.50 9654.09 3033.42
1434.79 9654.09 3033.36
1441.07 9654.09 3033.28
1447.36 9654.09 3033.24
1453.65 9654.09 3033.19
1459.94 9654.09 3033.15
1466.23 9654.09 3033.11
1472.52 9654.09 3033.08
1478.81 9654.09 3033.05
1485.10 9654.09 3033.03
1491.39 9654.09 3033.01
1497.68 9654.09 3033.01
1503.97 9654.09 3032.98
1510.26 9654.09 3032.99
1516.55 9654.09 3032.99
1522.84 9654.09 3033.00
1529.12 9654.09 3033.02
1535.41 9654.09 3033.04
1541.70 9654.09 3033.07
1547.99 9654.09 3033.12
1554.28 9654.09 3033.12
1560.57 9654.09 3033.15
1566.86 9654.09 3033.19
1573.15 9654.09 3033.24
573.150 9779.87 3489.75
579.439 9779.87 3489.10
585.729 9779.87 3488.45
592.018 9779.87 3487.81
598.307 9779.87 3487.15
604.597 9779.87 3486.49
610.886 9779.87 3485.84
617.175 9779.87 3485.18
623.464 9779.87 3484.52
629.754 9779.87 3483.86
636.043 9779.87 3483.19
642.332 9779.87 3411.40
648.622 9779.87 3406.20
654.911 9779.87 3401.67
661.200 9779.87 3397.63
667.490 9779.87 3393.95
673.779 9779.87 3390.55
680.068 9779.87 3387.38
686.358 9779.87 3384.37
692.647 9779.87 3381.50
698.936 9779.87 3378.75
705.225 9779.87 3376.08
711.515 9779.87 3373.48
717.804 9779.87 3370.93
724.093 9779.87 3368.41
730.383 9779.87 3365.90
736.672 9779.87 3363.41
742.961 9779.87 3360.88
749.251 9779.87 3358.36
755.540 9779.87 3355.79
761.829 9779.87 3353.16
768.119 9779.87 3350.45
774.408 9779.87 3347.64
780.697 9779.87 3344.75
786.986 9779.87 3341.68
793.276 9779.87 3338.46
799.565 9779.87 3335.02
805.854 9779.87 3331.28
812.144 9779.87 3327.23
818.433 9779.87 3322.73
824.722 9779.87 3317.71
831.012 9779.87 3311.95
837.301 9779.87 3305.28
843.590 9779.87 3297.36
849.880 9779.87 3287.58
856.169 9779.87 3275.27
862.458 9779.87 3259.72
868.747 9779.87 3255.65
875.037 9779.87 3254.34
881.326 9779.87 3253.04
887.615 9779.87 3251.77
893.905 9779.87 3250.50
900.194 9779.87 3249.26
906.483 9779.87 3248.03
912.773 9779.87 3246.81
919.062 9779.87 3245.62
925.351 9779.87 3244.43
931.641 9779.87 3243.26
937.930 9779.87 3242.10
944.219 9779.87 3240.95
950.508 9779.87 3239.82
956.798 9779.87 3238.69
963.087 9779.87 3237.57
969.376 9779.87 3236.47
975.666 9779.87 3235.37
981.955 9779.87 3234.28
988.244 9779.87 3233.19
994.534 9779.87 3232.12
1000.82 9779.87 3231.04
1007.11 9779.87 3229.97
1013.40 9779.87 3228.92
1019.69 9779.87 3227.87
1025.98 9779.87 3226.81
1032.27 9779.87 3225.76
1038.56 9779.87 3224.72
1044.85 9779.87 3223.67
1051.14 9779.87 3218.00
1057.43 9779.87 3208.21
1063.72 9779.87 3197.19
1070.01 9779.87 3185.67
1076.29 9779.87 3173.55
1082.58 9779.87 3161.14
1088.87 9779.87 3147.85
1095.16 9779.87 3144.86
1101.45 9779.87 3144.04
1107.74 9779.87 3143.21
1114.03 9779.87 3142.38
1120.32 9779.87 3141.54
1126.61 9779.87 3140.68
1132.90 9779.87 3139.83
1139.19 9779.87 3138.96
1145.48 9779.87 3138.08
1151.77 9779.87 3137.19
1158.06 9779.87 3136.29
1164.34 9779.87 3135.38
1170.63 9779.87 3134.47
1176.92 9779.87 3133.53
1183.21 9779.87 3132.59
1189.50 9779.87 3131.63
1195.79 9779.87 3130.66
1202.08 9779.87 3129.67
1208.37 9779.87 3128.67
1214.66 9779.87 3127.66
1220.95 9779.87 3126.62
1227.24 9779.87 3125.57
1233.53 9779.87 3124.50
1239.82 9779.87 3123.41
1246.11 9779.87 3120.10
1252.40 9779.87 3100.08
1258.68 9779.87 3078.73
1264.97 9779.87 3055.43
1271.26 9779.87 3039.13
1277.55 9779.87 3038.89
1283.84 9779.87 3038.67
1290.13 9779.87 3038.45
1296.42 9779.87 3038.24
1302.71 9779.87 3038.03
1309.00 9779.87 3037.84
1315.29 9779.87 3037.65
1321.58 9779.87 3037.46
1327.87 9779.87 3037.29
1334.16 9779.87 3037.13
1340.45 9779.87 3036.96
1346.73 9779.87 3036.82
1353.02 9779.87 3036.67
1359.31 9779.87 3036.54
1365.60 9779.87 3036.41
1371.89 9779.87 3036.29
1378.18 9779.87 3036.17
1384.47 9779.87 3036.07
1390.76 9779.87 3035.96
1397.05 9779.87 3035.87
1403.34 9779.87 3035.79
1409.63 9779.87 3035.70
1415.92 9779.87 3035.63
1422.21 9779.87 3035.57
1428.50 9779.87 3035.51
1434.79 9779.87 3035.46
1441.07 9779.87 3035.40
1447.36 9779.87 3035.36
1453.65 9779.87 3035.33
1459.94 9779.87 3035.29
1466.23 9779.87 3035.27
1472.52 9779.87 3035.26
1478.81 9779.87 3035.23
1485.10 9779.87 3035.23
1491.39 9779.87 3035.23
1497.68 9779.87 3035.23
1503.97 9779.87 3035.24
1510.26 9779.87 3035.25
1516.55 9779.87 3035.27
1522.84 9779.87 3035.28
1529.12 9779.87 3035.32
1535.41 9779.87 3035.36
1541.70 9779.87 3035.37
1547.99 9779.87 3035.41
1554.28 9779.87 3035.46
1560.57 9779.87 3035.52
1566.86 9779.87 3035.56
1573.15 9779.87 3035.61
573.150 9905.66 3490.14
579.439 9905.66 3489.49
585.729 9905.66 3488.84
592.018 9905.66 3488.20
598.307 9905.66 3487.54
604.597 9905.66 3486.89
610.886 9905.66 3486.23
617.175 9905.66 3485.57
623.464 9905.66 3484.91
629.754 9905.66 3484.25
636.043 9905.66 3483.58
642.332 9905.66 3482.92
648.622 9905.66 3416.37
654.911 9905.66 3410.47
661.200 9905.66 3405.42
667.490 9905.66 3400.97
673.779 9905.66 3396.97
680.068 9905.66 3393.30
686.358 9905.66 3389.89
692.647 9905.66 3386.69
698.936 9905.66 3383.65
705.225 9905.66 3380.74
711.515 9905.66 3377.93
717.804 9905.66 3375.20
724.093 9905.66 3372.53
730.383 9905.66 3369.90
736.672 9905.66 3367.29
742.961 9905.66 3364.69
749.251 9905.66 3362.09
755.540 9905.66 3359.47
761.829 9905.66 3356.80
768.119 9905.66 3354.09
774.408 9905.66 3351.31
780.697 9905.66 3348.41
786.986 9905.66 3345.40
793.276 9905.66 3342.26
799.565 9905.66 3338.94
805.854 9905.66 3335.38
812.144 9905.66 3331.54
818.433 9905.66 3327.35
824.722 9905.66 3322.73
831.012 9905.66 3317.49
837.301 9905.66 3311.56
843.590 9905.66 3304.62
849.880 9905.66 3296.28
856.169 9905.66 3286.11
862.458 9905.66 3273.31
868.747 9905.66 3258.03
875.037 9905.66 3256.66
881.326 9905.66 3255.33
887.615 9905.66 3254.01
893.905 9905.66 3252.71
900.194 9905.66 3251.43
906.483 9905.66 3250.16
912.773 9905.66 3248.92
919.062 9905.66 3247.68
925.351 9905.66 3246.48
931.641 9905.66 3245.28
937.930 9905.66 3244.09
944.219 9905.66 3242.92
950.508 9905.66 3241.76
956.798 9905.66 3240.60
963.087 9905.66 3239.46
969.376 9905.66 3238.34
975.666 9905.66 3237.21
981.955 9905.66 3236.10
988.244 9905.66 3235.00
994.534 9905.66 3233.90
1000.82 9905.66 3232.82
1007.11 9905.66 3231.73
1013.40 9905.66 3230.66
1019.69 9905.66 3229.57
1025.98 9905.66 3228.52
1032.27 9905.66 3227.47
1038.56 9905.66 3226.40
1044.85 9905.66 3225.34
1051.14 9905.66 3224.28
1057.43 9905.66 3223.22
1063.72 9905.66 3215.74
1070.01 9905.66 3205.70
1076.29 9905.66 3195.00
1082.58 9905.66 3183.82
1088.87 9905.66 3172.08
1095.16 9905.66 3159.77
1101.45 9905.66 3146.41
1107.74 9905.66 3143.80
1114.03 9905.66 3142.96
1120.32 9905.66 3142.12
1126.61 9905.66 3141.28
1132.90 9905.66 3140.42
1139.19 9905.66 3139.56
1145.48 9905.66 3138.69
1151.77 9905.66 3137.81
1158.06 9905.66 3136.91
1164.34 9905.66 3136.01
1170.63 9905.66 3135.10
1176.92 9905.66 3134.18
1183.21 9905.66 3133.23
1189.50 9905.66 3132.28
1195.79 9905.66 3131.32
1202.08 9905.66 3130.35
1208.37 9905.66 3129.35
1214.66 9905.66 3128.34
1220.95 9905.66 3127.32
1227.24 9905.66 3126.28
1233.53 9905.66 3125.22
1239.82 9905.66 3124.14
1246.11 9905.66 3123.04
1252.40 9905.66 3121.92
1258.68 9905.66 3120.78
1264.97 9905.66 3110.12
1271.26 9905.66 3090.33
1277.55 9905.66 3068.57
1283.84 9905.66 3045.30
1290.13 9905.66 3040.32
1296.42 9905.66 3040.12
1302.71 9905.66 3039.93
1309.00 9905.66 3039.74
1315.29 9905.66 3039.57
1321.58 9905.66 3039.40
1327.87 9905.66 3039.24
1334.16 9905.66 3039.08
1340.45 9905.66 3038.94
1346.73 9905.66 3038.80
1353.02 9905.66 3038.66
1359.31 9905.66 3038.54
1365.60 9905.66 3038.43
1371.89 9905.66 3038.32
1378.18 9905.66 3038.23
1384.47 9905.66 3038.13
1390.76 9905.66 3038.04
1397.05 9905.66 3037.96
1403.34 9905.66 3037.89
1409.63 9905.66 3037.81
1415.92 9905.66 3037.76
1422.21 9905.66 3037.71
1428.50 9905.66 3037.67
1434.79 9905.66 3037.62
1441.07 9905.66 3037.59
1447.36 9905.66 3037.56
1453.65 9905.66 3037.53
1459.94 9905.66 3037.51
1466.23 9905.66 3037.50
1472.52 9905.66 3037.51
1478.81 9905.66 3037.51
1485.10 9905.66 3037.51
1491.39 9905.66 3037.52
1497.68 9905.66 3037.54
1503.97 9905.66 3037.56
1510.26 9905.66 3037.58
1516.55 9905.66 3037.61
1522.84 9905.66 3037.65
1529.12 9905.66 3037.68
1535.41 9905.66 3037.73
1541.70 9905.66 3037.75
1547.99 9905.66 3037.83
1554.28 9905.66 3037.88
1560.57 9905.66 3037.94
1566.86 9905.66 3037.99
1573.15 9905.66 3038.07
573.150 10031.4 3490.52
579.439 10031.4 3489.88
585.729 10031.4 3489.23
592.018 10031.4 3488.58
598.307 10031.4 3487.93
604.597 10031.4 3487.28
610.886 10031.4 3486.62
617.175 10031.4 3485.96
623.464 10031.4 3485.30
629.754 10031.4 3484.64
636.043 10031.4 3483.97
642.332 10031.4 3483.31
648.622 10031.4 3482.64
654.911 10031.4 3421.78
661.200 10031.4 3415.04
667.490 10031.4 3409.39
673.779 10031.4 3404.49
680.068 10031.4 3400.12
686.358 10031.4 3396.15
692.647 10031.4 3392.50
698.936 10031.4 3389.08
705.225 10031.4 3385.85
711.515 10031.4 3382.78
717.804 10031.4 3379.82
724.093 10031.4 3376.96
730.383 10031.4 3374.17
736.672 10031.4 3371.42
742.961 10031.4 3368.71
749.251 10031.4 3366.01
755.540 10031.4 3363.31
761.829 10031.4 3360.59
768.119 10031.4 3357.83
774.408 10031.4 3355.03
780.697 10031.4 3352.15
786.986 10031.4 3349.18
793.276 10031.4 3346.08
799.565 10031.4 3342.86
805.854 10031.4 3339.39
812.144 10031.4 3335.75
818.433 10031.4 3331.77
824.722 10031.4 3327.45
831.012 10031.4 3322.67
837.301 10031.4 3317.27
843.590 10031.4 3311.10
849.880 10031.4 3303.85
856.169 10031.4 3295.23
862.458 10031.4 3284.59
868.747 10031.4 3271.12
875.037 10031.4 3259.06
881.326 10031.4 3257.68
887.615 10031.4 3256.32
893.905 10031.4 3254.98
900.194 10031.4 3253.66
906.483 10031.4 3252.36
912.773 10031.4 3251.08
919.062 10031.4 3249.82
925.351 10031.4 3248.56
931.641 10031.4 3247.34
937.930 10031.4 3246.13
944.219 10031.4 3244.93
950.508 10031.4 3243.75
956.798 10031.4 3242.56
963.087 10031.4 3241.39
969.376 10031.4 3240.24
975.666 10031.4 3239.10
981.955 10031.4 3237.97
988.244 10031.4 3236.85
994.534 10031.4 3235.73
1000.82 10031.4 3234.62
1007.11 10031.4 3233.53
1013.40 10031.4 3232.43
1019.69 10031.4 3231.34
1025.98 10031.4 3230.26
1032.27 10031.4 3229.19
1038.56 10031.4 3228.11
1044.85 10031.4 3227.03
1051.14 10031.4 3225.97
1057.43 10031.4 3224.89
1063.72 10031.4 3223.82
1070.01 10031.4 3222.74
1076.29 10031.4 3213.50
1082.58 10031.4 3203.76
1088.87 10031.4 3193.17
1095.16 10031.4 3182.38
1101.45 10031.4 3170.69
1107.74 10031.4 3158.41
1114.03 10031.4 3145.41
1120.32 10031.4 3142.71
1126.61 10031.4 3141.87
1132.90 10031.4 3141.02
1139.19 10031.4 3140.16
1145.48 10031.4 3139.29
1151.77 10031.4 3138.43
1158.06 10031.4 3137.53
1164.34 10031.4 3136.63
1170.63 10031.4 3135.73
1176.92 10031.4 3134.81
1183.21 10031.4 3133.88
1189.50 10031.4 3132.93
1195.79 10031.4 3131.98
1202.08 10031.4 3131.01
1208.37 10031.4 3130.02
1214.66 10031.4 3129.03
1220.95 10031.4 3128.01
1227.24 10031.4 3126.98
1233.53 10031.4 3125.93
1239.82 10031.4 3124.86
1246.11 10031.4 3123.78
1252.40 10031.4 3122.67
1258.68 10031.4 3121.54
1264.97 10031.4 3120.39
1271.26 10031.4 3119.21
1277.55 10031.4 3118.02
1283.84 10031.4 3100.92
1290.13 10031.4 3080.73
1296.42 10031.4 3059.24
1302.71 10031.4 3041.90
1309.00 10031.4 3041.73
1315.29 10031.4 3041.56
1321.58 10031.4 3041.41
1327.87 10031.4 3041.26
1334.16 10031.4 3041.12
1340.45 10031.4 3040.99
1346.73 10031.4 3040.86
1353.02 10031.4 3040.75
1359.31 10031.4 3040.63
1365.60 10031.4 3040.54
1371.89 10031.4 3040.44
1378.18 10031.4 3040.35
1384.47 10031.4 3040.27
1390.76 10031.4 3040.20
1397.05 10031.4 3040.14
1403.34 10031.4 3040.08
1409.63 10031.4 3040.03
1415.92 10031.4 3039.98
1422.21 10031.4 3039.94
1428.50 10031.4 3039.91
1434.79 10031.4 3039.88
1441.07 10031.4 3039.80
1447.36 10031.4 3039.84
1453.65 10031.4 3039.84
1459.94 10031.4 3039.83
1466.23 10031.4 3039.84
1472.52 10031.4 3039.85
1478.81 10031.4 3039.86
1485.10 10031.4 3039.88
1491.39 10031.4 3039.90
1497.68 10031.4 3039.93
1503.97 10031.4 3039.97
1510.26 10031.4 3040.00
1516.55 10031.4 3040.02
1522.84 10031.4 3040.09
1529.12 10031.4 3040.13
1535.41 10031.4 3040.20
1541.70 10031.4 3040.26
1547.99 10031.4 3040.32
1554.28 10031.4 3040.38
1560.57 10031.4 3040.43
1566.86 10031.4 3040.52
1573.15 10031.4 3040.60
573.150 10157.2 3490.91
579.439 10157.2 3490.27
585.729 10157.2 3489.62
592.018 10157.2 3488.97
598.307 10157.2 3488.32
604.597 10157.2 3487.67
610.886 10157.2 3487.01
617.175 10157.2 3486.35
623.464 10157.2 3485.69
629.754 10157.2 3485.03
636.043 10157.2 3484.37
642.332 10157.2 3483.70
648.622 10157.2 3483.03
654.911 10157.2 3482.36
661.200 10157.2 3427.70
667.490 10157.2 3419.94
673.779 10157.2 3413.60
680.068 10157.2 3408.18
686.358 10157.2 3403.41
692.647 10157.2 3399.12
698.936 10157.2 3395.19
705.225 10157.2 3391.54
711.515 10157.2 3388.12
717.804 10157.2 3384.87
724.093 10157.2 3381.76
730.383 10157.2 3378.75
736.672 10157.2 3375.83
742.961 10157.2 3372.96
749.251 10157.2 3370.14
755.540 10157.2 3367.34
761.829 10157.2 3364.53
768.119 10157.2 3361.72
774.408 10157.2 3358.88
780.697 10157.2 3355.97
786.986 10157.2 3353.00
793.276 10157.2 3349.96
799.565 10157.2 3346.75
805.854 10157.2 3343.41
812.144 10157.2 3339.88
818.433 10157.2 3336.10
824.722 10157.2 3332.02
831.012 10157.2 3327.56
837.301 10157.2 3322.61
843.590 10157.2 3317.04
849.880 10157.2 3310.61
856.169 10157.2 3303.07
862.458 10157.2 3294.01
868.747 10157.2 3282.86
875.037 10157.2 3268.79
881.326 10157.2 3260.10
887.615 10157.2 3258.69
893.905 10157.2 3257.31
900.194 10157.2 3255.96
906.483 10157.2 3254.62
912.773 10157.2 3253.28
919.062 10157.2 3252.00
925.351 10157.2 3250.72
931.641 10157.2 3249.46
937.930 10157.2 3248.22
944.219 10157.2 3246.98
950.508 10157.2 3245.77
956.798 10157.2 3244.57
963.087 10157.2 3243.38
969.376 10157.2 3242.20
975.666 10157.2 3241.03
981.955 10157.2 3239.88
988.244 10157.2 3238.73
994.534 10157.2 3237.60
1000.82 10157.2 3236.47
1007.11 10157.2 3235.35
1013.40 10157.2 3234.24
1019.69 10157.2 3233.13
1025.98 10157.2 3232.03
1032.27 10157.2 3230.94
1038.56 10157.2 3229.85
1044.85 10157.2 3228.77
1051.14 10157.2 3227.68
1057.43 10157.2 3226.60
1063.72 10157.2 3225.52
1070.01 10157.2 3224.43
1076.29 10157.2 3223.32
1082.58 10157.2 3220.55
1088.87 10157.2 3211.37
1095.16 10157.2 3201.91
1101.45 10157.2 3191.72
1107.74 10157.2 3180.82
1114.03 10157.2 3169.42
1120.32 10157.2 3157.07
1126.61 10157.2 3144.24
1132.90 10157.2 3141.61
1139.19 10157.2 3140.76
1145.48 10157.2 3139.89
1151.77 10157.2 3139.02
1158.06 10157.2 3138.14
1164.34 10157.2 3137.25
1170.63 10157.2 3136.35
1176.92 10157.2 3135.44
1183.21 10157.2 3134.52
1189.50 10157.2 3133.58
1195.79 10157.2 3132.63
1202.08 10157.2 3131.67
1208.37 10157.2 3130.69
1214.66 10157.2 3129.70
1220.95 10157.2 3128.69
1227.24 10157.2 3127.68
1233.53 10157.2 3126.64
1239.82 10157.2 3125.58
1246.11 10157.2 3124.50
1252.40 10157.2 3123.40
1258.68 10157.2 3122.29
1264.97 10157.2 3121.15
1271.26 10157.2 3120.00
1277.55 10157.2 3118.81
1283.84 10157.2 3117.60
1290.13 10157.2 3116.37
1296.42 10157.2 3110.67
1302.71 10157.2 3092.20
1309.00 10157.2 3072.13
1315.29 10157.2 3050.78
1321.58 10157.2 3043.50
1327.87 10157.2 3043.37
1334.16 10157.2 3043.25
1340.45 10157.2 3043.13
1346.73 10157.2 3043.02
1353.02 10157.2 3042.91
1359.31 10157.2 3042.81
1365.60 10157.2 3042.73
1371.89 10157.2 3042.65
1378.18 10157.2 3042.58
1384.47 10157.2 3042.51
1390.76 10157.2 3042.45
1397.05 10157.2 3042.40
1403.34 10157.2 3042.36
1409.63 10157.2 3042.32
1415.92 10157.2 3042.29
1422.21 10157.2 3042.27
1428.50 10157.2 3042.25
1434.79 10157.2 3042.23
1441.07 10157.2 3042.22
1447.36 10157.2 3042.21
1453.65 10157.2 3042.23
1459.94 10157.2 3042.24
1466.23 10157.2 3042.26
1472.52 10157.2 3042.28
1478.81 10157.2 3042.31
1485.10 10157.2 3042.34
1491.39 10157.2 3042.37
1497.68 10157.2 3042.42
1503.97 10157.2 3042.46
1510.26 10157.2 3042.49
1516.55 10157.2 3042.56
1522.84 10157.2 3042.61
1529.12 10157.2 3042.68
1535.41 10157.2 3042.74
1541.70 10157.2 3042.82
1547.99 10157.2 3042.89
1554.28 10157.2 3042.97
1560.57 10157.2 3043.06
1566.86 10157.2 3043.14
1573.15 10157.2 3043.23
573.150 10283.0 3491.30
579.439 10283.0 3490.65
585.729 10283.0 3490.01
592.018 10283.0 3489.36
598.307 10283.0 3488.71
604.597 10283.0 3488.05
610.886 10283.0 3487.40
617.175 10283.0 3486.74
623.464 10283.0 3486.08
629.754 10283.0 3485.42
636.043 10283.0 3484.76
642.332 10283.0 3484.09
648.622 10283.0 3483.43
654.911 10283.0 3482.76
661.200 10283.0 3482.09
667.490 10283.0 3434.23
673.779 10283.0 3425.22
680.068 10283.0 3418.06
686.358 10283.0 3412.06
692.647 10283.0 3406.83
698.936 10283.0 3402.20
705.225 10283.0 3397.98
711.515 10283.0 3394.09
717.804 10283.0 3390.45
724.093 10283.0 3387.02
730.383 10283.0 3383.74
736.672 10283.0 3380.59
742.961 10283.0 3377.52
749.251 10283.0 3374.54
755.540 10283.0 3371.60
761.829 10283.0 3368.69
768.119 10283.0 3365.79
774.408 10283.0 3362.87
780.697 10283.0 3359.93
786.986 10283.0 3356.94
793.276 10283.0 3353.86
799.565 10283.0 3350.71
805.854 10283.0 3347.43
812.144 10283.0 3344.01
818.433 10283.0 3340.34
824.722 10283.0 3336.45
831.012 10283.0 3332.24
837.301 10283.0 3327.65
843.590 10283.0 3322.49
849.880 10283.0 3316.73
856.169 10283.0 3310.10
862.458 10283.0 3302.23
868.747 10283.0 3292.77
875.037 10283.0 3281.14
881.326 10283.0 3266.44
887.615 10283.0 3261.14
893.905 10283.0 3259.72
900.194 10283.0 3258.31
906.483 10283.0 3256.94
912.773 10283.0 3255.58
919.062 10283.0 3254.25
925.351 10283.0 3252.93
931.641 10283.0 3251.64
937.930 10283.0 3250.36
944.219 10283.0 3249.10
950.508 10283.0 3247.85
956.798 10283.0 3246.61
963.087 10283.0 3245.40
969.376 10283.0 3244.19
975.666 10283.0 3243.00
981.955 10283.0 3241.82
988.244 10283.0 3240.65
994.534 10283.0 3239.50
1000.82 10283.0 3238.35
1007.11 10283.0 3237.21
1013.40 10283.0 3236.08
1019.69 10283.0 3234.96
1025.98 10283.0 3233.84
1032.27 10283.0 3232.73
1038.56 10283.0 3231.62
1044.85 10283.0 3230.53
1051.14 10283.0 3229.43
1057.43 10283.0 3228.34
1063.72 10283.0 3227.24
1070.01 10283.0 3226.14
1076.29 10283.0 3225.03
1082.58 10283.0 3223.91
1088.87 10283.0 3222.66
1095.16 10283.0 3218.72
1101.45 10283.0 3209.79
1107.74 10283.0 3200.41
1114.03 10283.0 3190.34
1120.32 10283.0 3179.65
1126.61 10283.0 3168.17
1132.90 10283.0 3156.02
1139.19 10283.0 3143.20
1145.48 10283.0 3140.49
1151.77 10283.0 3139.63
1158.06 10283.0 3138.75
1164.34 10283.0 3137.87
1170.63 10283.0 3136.97
1176.92 10283.0 3136.07
1183.21 10283.0 3135.15
1189.50 10283.0 3134.22
1195.79 10283.0 3133.28
1202.08 10283.0 3132.32
1208.37 10283.0 3131.35
1214.66 10283.0 3130.37
1220.95 10283.0 3129.37
1227.24 10283.0 3128.36
1233.53 10283.0 3127.33
1239.82 10283.0 3126.29
1246.11 10283.0 3125.22
1252.40 10283.0 3124.14
1258.68 10283.0 3123.03
1264.97 10283.0 3121.91
1271.26 10283.0 3120.76
1277.55 10283.0 3119.59
1283.84 10283.0 3118.40
1290.13 10283.0 3117.18
1296.42 10283.0 3115.94
1302.71 10283.0 3114.67
1309.00 10283.0 3113.37
1315.29 10283.0 3102.69
1321.58 10283.0 3084.20
1327.87 10283.0 3064.39
1334.16 10283.0 3045.46
1340.45 10283.0 3045.37
1346.73 10283.0 3045.25
1353.02 10283.0 3045.18
1359.31 10283.0 3045.10
1365.60 10283.0 3045.02
1371.89 10283.0 3044.95
1378.18 10283.0 3044.90
1384.47 10283.0 3044.85
1390.76 10283.0 3044.80
1397.05 10283.0 3044.76
1403.34 10283.0 3044.73
1409.63 10283.0 3044.71
1415.92 10283.0 3044.69
1422.21 10283.0 3044.68
1428.50 10283.0 3044.69
1434.79 10283.0 3044.68
1441.07 10283.0 3044.69
1447.36 10283.0 3044.70
1453.65 10283.0 3044.72
1459.94 10283.0 3044.74
1466.23 10283.0 3044.77
1472.52 10283.0 3044.80
1478.81 10283.0 3044.85
1485.10 10283.0 3044.89
1491.39 10283.0 3044.95
1497.68 10283.0 3044.97
1503.97 10283.0 3045.05
1510.26 10283.0 3045.10
1516.55 10283.0 3045.18
1522.84 10283.0 3045.23
1529.12 10283.0 3045.32
1535.41 10283.0 3045.40
1541.70 10283.0 3045.48
1547.99 10283.0 3045.56
1554.28 10283.0 3045.64
1560.57 10283.0 3045.74
1566.86 10283.0 3045.84
1573.15 10283.0 3045.94
573.150 10408.8 3491.68
579.439 10408.8 3491.04
585.729 10408.8 3490.39
592.018 10408.8 3489.75
598.307 10408.8 3489.10
604.597 10408.8 3488.44
610.886 10408.8 3487.79
617.175 10408.8 3487.13
623.464 10408.8 3486.48
629.754 10408.8 3485.81
636.043 10408.8 3485.15
642.332 10408.8 3484.49
648.622 10408.8 3483.82
654.911 10408.8 3483.15
661.200 10408.8 3482.48
667.490 10408.8 3481.80
673.779 10408.8 3441.50
680.068 10408.8 3430.93
686.358 10408.8 3422.82
692.647 10408.8 3416.15
698.936 10408.8 3410.43
705.225 10408.8 3405.40
711.515 10408.8 3400.86
717.804 10408.8 3396.70
724.093 10408.8 3392.85
730.383 10408.8 3389.21
736.672 10408.8 3385.76
742.961 10408.8 3382.46
749.251 10408.8 3379.26
755.540 10408.8 3376.13
761.829 10408.8 3373.08
768.119 10408.8 3370.06
774.408 10408.8 3367.06
780.697 10408.8 3364.03
786.986 10408.8 3361.00
793.276 10408.8 3357.91
799.565 10408.8 3354.74
805.854 10408.8 3351.48
812.144 10408.8 3348.09
818.433 10408.8 3344.56
824.722 10408.8 3340.78
831.012 10408.8 3336.79
837.301 10408.8 3332.46
843.590 10408.8 3327.69
849.880 10408.8 3322.41
856.169 10408.8 3316.43
862.458 10408.8 3309.51
868.747 10408.8 3301.35
875.037 10408.8 3291.44
881.326 10408.8 3279.16
887.615 10408.8 3263.87
893.905 10408.8 3262.19
900.194 10408.8 3260.75
906.483 10408.8 3259.32
912.773 10408.8 3257.93
919.062 10408.8 3256.55
925.351 10408.8 3255.20
931.641 10408.8 3253.87
937.930 10408.8 3252.55
944.219 10408.8 3251.26
950.508 10408.8 3249.98
956.798 10408.8 3248.72
963.087 10408.8 3247.47
969.376 10408.8 3246.24
975.666 10408.8 3245.02
981.955 10408.8 3243.82
988.244 10408.8 3242.62
994.534 10408.8 3241.44
1000.82 10408.8 3240.26
1007.11 10408.8 3239.11
1013.40 10408.8 3237.96
1019.69 10408.8 3236.82
1025.98 10408.8 3235.69
1032.27 10408.8 3234.56
1038.56 10408.8 3233.43
1044.85 10408.8 3232.32
1051.14 10408.8 3231.20
1057.43 10408.8 3230.10
1063.72 10408.8 3228.99
1070.01 10408.8 3227.88
1076.29 10408.8 3226.77
1082.58 10408.8 3225.64
1088.87 10408.8 3224.46
1095.16 10408.8 3223.19
1101.45 10408.8 3222.24
1107.74 10408.8 3217.21
1114.03 10408.8 3208.47
1120.32 10408.8 3198.88
1126.61 10408.8 3188.92
1132.90 10408.8 3178.23
1139.19 10408.8 3167.01
1145.48 10408.8 3154.84
1151.77 10408.8 3142.19
1158.06 10408.8 3139.36
1164.34 10408.8 3138.47
1170.63 10408.8 3137.59
1176.92 10408.8 3136.69
1183.21 10408.8 3135.78
1189.50 10408.8 3134.86
1195.79 10408.8 3133.93
1202.08 10408.8 3132.97
1208.37 10408.8 3132.01
1214.66 10408.8 3131.04
1220.95 10408.8 3130.05
1227.24 10408.8 3129.05
1233.53 10408.8 3128.03
1239.82 10408.8 3126.99
1246.11 10408.8 3125.93
1252.40 10408.8 3124.86
1258.68 10408.8 3123.77
1264.97 10408.8 3122.66
1271.26 10408.8 3121.52
1277.55 10408.8 3120.36
1283.84 10408.8 3119.19
1290.13 10408.8 3117.98
1296.42 10408.8 3116.76
1302.71 10408.8 3115.50
1309.00 10408.8 3114.22
1315.29 10408.8 3112.91
1321.58 10408.8 3111.58
1327.87 10408.8 3110.20
1334.16 10408.8 3095.23
1340.45 10408.8 3076.91
1346.73 10408.8 3057.41
1353.02 10408.8 3047.54
1359.31 10408.8 3047.47
1365.60 10408.8 3047.42
1371.89 10408.8 3047.37
1378.18 10408.8 3047.32
1384.47 10408.8 3047.29
1390.76 10408.8 3047.26
1397.05 10408.8 3047.23
1403.34 10408.8 3047.22
1409.63 10408.8 3047.21
1415.92 10408.8 3047.21
1422.21 10408.8 3047.20
1428.50 10408.8 3047.21
1434.79 10408.8 3047.24
1441.07 10408.8 3047.25
1447.36 10408.8 3047.27
1453.65 10408.8 3047.31
1459.94 10408.8 3047.35
1466.23 10408.8 3047.32
1472.52 10408.8 3047.43
1478.81 10408.8 3047.48
1485.10 10408.8 3047.55
1491.39 10408.8 3047.59
1497.68 10408.8 3047.67
1503.97 10408.8 3047.74
1510.26 10408.8 3047.81
1516.55 10408.8 3047.89
1522.84 10408.8 3047.97
1529.12 10408.8 3048.06
1535.41 10408.8 3048.15
1541.70 10408.8 3048.25
1547.99 10408.8 3048.33
1554.28 10408.8 3048.43
1560.57 10408.8 3048.53
1566.86 10408.8 3048.65
1573.15 10408.8 3048.79
573.150 10534.6 3492.07
579.439 10534.6 3491.42
585.729 10534.6 3490.78
592.018 10534.6 3490.13
598.307 10534.6 3489.48
604.597 10534.6 3488.83
610.886 10534.6 3488.18
617.175 10534.6 3487.53
623.464 10534.6 3486.86
629.754 10534.6 3486.21
636.043 10534.6 3485.54
642.332 10534.6 3484.88
648.622 10534.6 3484.21
654.911 10534.6 3483.55
661.200 10534.6 3482.87
667.490 10534.6 3482.20
673.779 10534.6 3481.53
680.068 10534.6 3449.70
686.358 10534.6 3437.15
692.647 10534.6 3427.89
698.936 10534.6 3420.46
705.225 10534.6 3414.19
711.515 10534.6 3408.73
717.804 10534.6 3403.85
724.093 10534.6 3399.41
730.383 10534.6 3395.31
736.672 10534.6 3391.47
742.961 10534.6 3387.84
749.251 10534.6 3384.37
755.540 10534.6 3381.02
761.829 10534.6 3377.78
768.119 10534.6 3374.59
774.408 10534.6 3371.44
780.697 10534.6 3368.33
786.986 10534.6 3365.21
793.276 10534.6 3362.07
799.565 10534.6 3358.89
805.854 10534.6 3355.63
812.144 10534.6 3352.26
818.433 10534.6 3348.78
824.722 10534.6 3345.12
831.012 10534.6 3341.25
837.301 10534.6 3337.12
843.590 10534.6 3332.64
849.880 10534.6 3327.74
856.169 10534.6 3322.26
862.458 10534.6 3316.06
868.747 10534.6 3308.88
875.037 10534.6 3300.36
881.326 10534.6 3290.05
887.615 10534.6 3277.25
893.905 10534.6 3264.74
900.194 10534.6 3263.25
906.483 10534.6 3261.79
912.773 10534.6 3260.34
919.062 10534.6 3258.93
925.351 10534.6 3257.54
931.641 10534.6 3256.16
937.930 10534.6 3254.81
944.219 10534.6 3253.48
950.508 10534.6 3252.17
956.798 10534.6 3250.87
963.087 10534.6 3249.60
969.376 10534.6 3248.38
975.666 10534.6 3247.11
981.955 10534.6 3245.86
988.244 10534.6 3244.64
994.534 10534.6 3243.45
1000.82 10534.6 3242.24
1007.11 10534.6 3241.05
1013.40 10534.6 3239.88
1019.69 10534.6 3238.72
1025.98 10534.6 3237.55
1032.27 10534.6 3236.42
1038.56 10534.6 3235.28
1044.85 10534.6 3234.14
1051.14 10534.6 3233.02
1057.43 10534.6 3231.89
1063.72 10534.6 3230.77
1070.01 10534.6 3229.65
1076.29 10534.6 3228.51
1082.58 10534.6 3227.40
1088.87 10534.6 3226.24
1095.16 10534.6 3224.94
1101.45 10534.6 3223.87
1107.74 10534.6 3222.91
1114.03 10534.6 3221.96
1120.32 10534.6 3215.78
1126.61 10534.6 3207.05
1132.90 10534.6 3197.65
1139.19 10534.6 3187.83
1145.48 10534.6 3177.07
1151.77 10534.6 3165.70
1158.06 10534.6 3153.85
1164.34 10534.6 3141.27
1170.63 10534.6 3138.20
1176.92 10534.6 3137.31
1183.21 10534.6 3136.40
1189.50 10534.6 3135.49
1195.79 10534.6 3134.56
1202.08 10534.6 3133.63
1208.37 10534.6 3132.66
1214.66 10534.6 3131.70
1220.95 10534.6 3130.71
1227.24 10534.6 3129.72
1233.53 10534.6 3128.71
1239.82 10534.6 3127.69
1246.11 10534.6 3126.64
1252.40 10534.6 3125.58
1258.68 10534.6 3124.50
1264.97 10534.6 3123.40
1271.26 10534.6 3122.28
1277.55 10534.6 3121.13
1283.84 10534.6 3119.97
1290.13 10534.6 3118.78
1296.42 10534.6 3117.57
1302.71 10534.6 3116.33
1309.00 10534.6 3115.06
1315.29 10534.6 3113.77
1321.58 10534.6 3112.45
1327.87 10534.6 3111.10
1334.16 10534.6 3109.73
1340.45 10534.6 3108.32
1346.73 10534.6 3105.38
1353.02 10534.6 3088.45
1359.31 10534.6 3070.41
1365.60 10534.6 3051.16
1371.89 10534.6 3049.88
1378.18 10534.6 3049.86
1384.47 10534.6 3049.84
1390.76 10534.6 3049.82
1397.05 10534.6 3049.81
1403.34 10534.6 3049.81
1409.63 10534.6 3049.81
1415.92 10534.6 3049.81
1422.21 10534.6 3049.84
1428.50 10534.6 3049.87
1434.79 10534.6 3049.89
1441.07 10534.6 3049.94
1447.36 10534.6 3049.96
1453.65 10534.6 3050.01
1459.94 10534.6 3050.05
1466.23 10534.6 3050.11
1472.52 10534.6 3050.17
1478.81 10534.6 3050.23
1485.10 10534.6 3050.31
1491.39 10534.6 3050.37
1497.68 10534.6 3050.45
1503.97 10534.6 3050.53
1510.26 10534.6 3050.62
1516.55 10534.6 3050.70
1522.84 10534.6 3050.79
1529.12 10534.6 3050.90
1535.41 10534.6 3051.00
1541.70 10534.6 3051.11
1547.99 10534.6 3051.21
1554.28 10534.6 3051.32
1560.57 10534.6 3051.43
1566.86 10534.6 3051.54
1573.15 10534.6 3051.66
573.150 10660.4 3492.46
579.439 10660.4 3491.81
585.729 10660.4 3491.17
592.018 10660.4 3490.52
598.307 10660.4 3489.87
604.597 10660.4 3489.22
610.886 10660.4 3488.57
617.175 10660.4 3487.91
623.464 10660.4 3487.26
629.754 10660.4 3486.60
636.043 10660.4 3485.93
642.332 10660.4 3485.27
648.622 10660.4 3484.61
654.911 10660.4 3483.94
661.200 10660.4 3483.27
667.490 10660.4 3482.60
673.779 10660.4 3481.93
680.068 10660.4 3481.25
686.358 10660.4 3459.09
692.647 10660.4 3443.95
698.936 10660.4 3433.32
705.225 10660.4 3425.01
711.515 10660.4 3418.12
717.804 10660.4 3412.19
724.093 10660.4 3406.94
730.383 10660.4 3402.20
736.672 10660.4 3397.84
742.961 10660.4 3393.78
749.251 10660.4 3389.96
755.540 10660.4 3386.32
761.829 10660.4 3382.82
768.119 10660.4 3379.44
774.408 10660.4 3376.13
780.697 10660.4 3372.87
786.986 10660.4 3369.63
793.276 10660.4 3366.40
799.565 10660.4 3363.16
805.854 10660.4 3359.87
812.144 10660.4 3356.50
818.433 10660.4 3353.04
824.722 10660.4 3349.45
831.012 10660.4 3345.66
837.301 10660.4 3341.67
843.590 10660.4 3337.44
849.880 10660.4 3332.82
856.169 10660.4 3327.76
862.458 10660.4 3322.06
868.747 10660.4 3315.66
875.037 10660.4 3308.19
881.326 10660.4 3299.32
887.615 10660.4 3288.57
893.905 10660.4 3275.30
900.194 10660.4 3265.83
906.483 10660.4 3264.33
912.773 10660.4 3262.83
919.062 10660.4 3261.37
925.351 10660.4 3259.92
931.641 10660.4 3258.52
937.930 10660.4 3257.12
944.219 10660.4 3255.76
950.508 10660.4 3254.40
956.798 10660.4 3253.08
963.087 10660.4 3251.78
969.376 10660.4 3250.48
975.666 10660.4 3249.19
981.955 10660.4 3247.94
988.244 10660.4 3246.70
994.534 10660.4 3245.46
1000.82 10660.4 3244.25
1007.11 10660.4 3243.04
1013.40 10660.4 3241.84
1019.69 10660.4 3240.66
1025.98 10660.4 3239.48
1032.27 10660.4 3238.32
1038.56 10660.4 3237.16
1044.85 10660.4 3236.01
1051.14 10660.4 3234.86
1057.43 10660.4 3233.72
1063.72 10660.4 3232.59
1070.01 10660.4 3231.45
1076.29 10660.4 3230.32
1082.58 10660.4 3229.18
1088.87 10660.4 3228.02
1095.16 10660.4 3226.81
1101.45 10660.4 3225.53
1107.74 10660.4 3224.56
1114.03 10660.4 3223.57
1120.32 10660.4 3222.63
1126.61 10660.4 3221.68
1132.90 10660.4 3214.39
1139.19 10660.4 3205.64
1145.48 10660.4 3196.39
1151.77 10660.4 3186.47
1158.06 10660.4 3175.82
1164.34 10660.4 3164.67
1170.63 10660.4 3152.80
1176.92 10660.4 3140.29
1183.21 10660.4 3137.02
1189.50 10660.4 3136.11
1195.79 10660.4 3135.19
1202.08 10660.4 3134.26
1208.37 10660.4 3133.31
1214.66 10660.4 3132.36
1220.95 10660.4 3131.38
1227.24 10660.4 3130.40
1233.53 10660.4 3129.39
1239.82 10660.4 3128.38
1246.11 10660.4 3127.34
1252.40 10660.4 3126.29
1258.68 10660.4 3125.22
1264.97 10660.4 3124.13
1271.26 10660.4 3123.02
1277.55 10660.4 3121.89
1283.84 10660.4 3120.74
1290.13 10660.4 3119.57
1296.42 10660.4 3118.36
1302.71 10660.4 3117.14
1309.00 10660.4 3115.89
1315.29 10660.4 3114.62
1321.58 10660.4 3113.32
1327.87 10660.4 3111.99
1334.16 10660.4 3110.63
1340.45 10660.4 3109.24
1346.73 10660.4 3107.82
1353.02 10660.4 3106.37
1359.31 10660.4 3104.89
1365.60 10660.4 3098.96
1371.89 10660.4 3082.31
1378.18 10660.4 3064.58
1384.47 10660.4 3052.51
1390.76 10660.4 3052.51
1397.05 10660.4 3052.49
1403.34 10660.4 3052.52
1409.63 10660.4 3052.52
1415.92 10660.4 3052.56
1422.21 10660.4 3052.59
1428.50 10660.4 3052.63
1434.79 10660.4 3052.66
1441.07 10660.4 3052.71
1447.36 10660.4 3052.77
1453.65 10660.4 3052.82
1459.94 10660.4 3052.89
1466.23 10660.4 3052.95
1472.52 10660.4 3053.02
1478.81 10660.4 3053.10
1485.10 10660.4 3053.18
1491.39 10660.4 3053.28
1497.68 10660.4 3053.35
1503.97 10660.4 3053.44
1510.26 10660.4 3053.54
1516.55 10660.4 3053.64
1522.84 10660.4 3053.76
1529.12 10660.4 3053.85
1535.41 10660.4 3053.95
1541.70 10660.4 3054.07
1547.99 10660.4 3054.18
1554.28 10660.4 3054.31
1560.57 10660.4 3054.45
1566.86 10660.4 3054.55
1573.15 10660.4 3054.68
573.150 10786.2 3492.84
579.439 10786.2 3492.20
585.729 10786.2 3491.55
592.018 10786.2 3490.90
598.307 10786.2 3490.26
604.597 10786.2 3489.61
610.886 10786.2 3488.96
617.175 10786.2 3488.30
623.464 10786.2 3487.65
629.754 10786.2 3486.99
636.043 10786.2 3486.32
642.332 10786.2 3485.66
648.622 10786.2 3485.00
654.911 10786.2 3484.33
661.200 10786.2 3483.66
667.490 10786.2 3482.99
673.779 10786.2 3482.32
680.068 10786.2 3481.65
686.358 10786.2 3480.97
692.647 10786.2 3470.09
698.936 10786.2 3451.44
705.225 10786.2 3439.15
711.515 10786.2 3429.83
717.804 10786.2 3422.24
724.093 10786.2 3415.79
730.383 10786.2 3410.14
736.672 10786.2 3405.07
742.961 10786.2 3400.45
749.251 10786.2 3396.16
755.540 10786.2 3392.13
761.829 10786.2 3388.32
768.119 10786.2 3384.66
774.408 10786.2 3381.13
780.697 10786.2 3377.68
786.986 10786.2 3374.30
793.276 10786.2 3370.95
799.565 10786.2 3367.61
805.854 10786.2 3364.26
812.144 10786.2 3360.86
818.433 10786.2 3357.38
824.722 10786.2 3353.83
831.012 10786.2 3350.13
837.301 10786.2 3346.24
843.590 10786.2 3342.15
849.880 10786.2 3337.75
856.169 10786.2 3333.00
862.458 10786.2 3327.75
868.747 10786.2 3321.90
875.037 10786.2 3315.24
881.326 10786.2 3307.47
887.615 10786.2 3298.28
893.905 10786.2 3287.05
900.194 10786.2 3273.19
906.483 10786.2 3266.93
912.773 10786.2 3265.38
919.062 10786.2 3263.88
925.351 10786.2 3262.40
931.641 10786.2 3260.95
937.930 10786.2 3259.51
944.219 10786.2 3258.10
950.508 10786.2 3256.71
956.798 10786.2 3255.35
963.087 10786.2 3254.01
969.376 10786.2 3252.69
975.666 10786.2 3251.38
981.955 10786.2 3250.08
988.244 10786.2 3248.81
994.534 10786.2 3247.55
1000.82 10786.2 3246.30
1007.11 10786.2 3245.07
1013.40 10786.2 3243.85
1019.69 10786.2 3242.64
1025.98 10786.2 3241.44
1032.27 10786.2 3240.26
1038.56 10786.2 3239.08
1044.85 10786.2 3237.89
1051.14 10786.2 3236.74
1057.43 10786.2 3235.59
1063.72 10786.2 3234.42
1070.01 10786.2 3233.29
1076.29 10786.2 3232.14
1082.58 10786.2 3230.98
1088.87 10786.2 3229.83
1095.16 10786.2 3228.63
1101.45 10786.2 3227.23
1107.74 10786.2 3226.23
1114.03 10786.2 3225.26
1120.32 10786.2 3224.29
1126.61 10786.2 3223.31
1132.90 10786.2 3222.34
1139.19 10786.2 3221.14
1145.48 10786.2 3213.10
1151.77 10786.2 3204.33
1158.06 10786.2 3195.06
1164.34 10786.2 3185.24
1170.63 10786.2 3174.69
1176.92 10786.2 3163.71
1183.21 10786.2 3151.81
1189.50 10786.2 3139.47
1195.79 10786.2 3135.82
1202.08 10786.2 3134.90
1208.37 10786.2 3133.96
1214.66 10786.2 3133.01
1220.95 10786.2 3132.04
1227.24 10786.2 3131.06
1233.53 10786.2 3130.07
1239.82 10786.2 3129.06
1246.11 10786.2 3128.04
1252.40 10786.2 3126.99
1258.68 10786.2 3125.93
1264.97 10786.2 3124.86
1271.26 10786.2 3123.76
1277.55 10786.2 3122.64
1283.84 10786.2 3121.50
1290.13 10786.2 3120.34
1296.42 10786.2 3119.16
1302.71 10786.2 3117.95
1309.00 10786.2 3116.72
1315.29 10786.2 3115.46
1321.58 10786.2 3114.17
1327.87 10786.2 3112.86
1334.16 10786.2 3111.52
1340.45 10786.2 3110.16
1346.73 10786.2 3108.75
1353.02 10786.2 3107.32
1359.31 10786.2 3105.86
1365.60 10786.2 3104.37
1371.89 10786.2 3102.84
1378.18 10786.2 3101.28
1384.47 10786.2 3093.14
1390.76 10786.2 3076.77
1397.05 10786.2 3059.41
1403.34 10786.2 3055.36
1409.63 10786.2 3055.39
1415.92 10786.2 3055.43
1422.21 10786.2 3055.47
1428.50 10786.2 3055.52
1434.79 10786.2 3055.57
1441.07 10786.2 3055.63
1447.36 10786.2 3055.70
1453.65 10786.2 3055.77
1459.94 10786.2 3055.84
1466.23 10786.2 3055.91
1472.52 10786.2 3056.02
1478.81 10786.2 3056.08
1485.10 10786.2 3056.19
1491.39 10786.2 3056.27
1497.68 10786.2 3056.37
1503.97 10786.2 3056.47
1510.26 10786.2 3056.57
1516.55 10786.2 3056.68
1522.84 10786.2 3056.80
1529.12 10786.2 3056.90
1535.41 10786.2 3057.03
1541.70 10786.2 3057.15
1547.99 10786.2 3057.28
1554.28 10786.2 3057.40
1560.57 10786.2 3057.54
1566.86 10786.2 3057.65
1573.15 10786.2 3057.80
573.150 10911.9 3493.22
579.439 10911.9 3492.58
585.729 10911.9 3491.94
592.018 10911.9 3491.29
598.307 10911.9 3490.65
604.597 10911.9 3490.00
610.886 10911.9 3489.34
617.175 10911.9 3488.69
623.464 10911.9 3488.03
629.754 10911.9 3487.38
636.043 10911.9 3486.72
642.332 10911.9 3486.05
648.622 10911.9 3485.39
654.911 10911.9 3484.72
661.200 10911.9 3484.05
667.490 10911.9 3483.38
673.779 10911.9 3482.71
680.068 10911.9 3482.04
686.358 10911.9 3481.36
692.647 10911.9 3480.69
698.936 10911.9 3480.01
705.225 10911.9 3459.76
711.515 10911.9 3445.42
717.804 10911.9 3434.93
724.093 10911.9 3426.56
730.383 10911.9 3419.54
736.672 10911.9 3413.46
742.961 10911.9 3408.04
749.251 10911.9 3403.13
755.540 10911.9 3398.59
761.829 10911.9 3394.36
768.119 10911.9 3390.36
774.408 10911.9 3386.53
780.697 10911.9 3382.85
786.986 10911.9 3379.27
793.276 10911.9 3375.75
799.565 10911.9 3372.29
805.854 10911.9 3368.84
812.144 10911.9 3365.36
818.433 10911.9 3361.86
824.722 10911.9 3358.29
831.012 10911.9 3354.60
837.301 10911.9 3350.79
843.590 10911.9 3346.79
849.880 10911.9 3342.58
856.169 10911.9 3338.07
862.458 10911.9 3333.15
868.747 10911.9 3327.74
875.037 10911.9 3321.69
881.326 10911.9 3314.82
887.615 10911.9 3306.76
893.905 10911.9 3297.13
900.194 10911.9 3285.44
906.483 10911.9 3270.92
912.773 10911.9 3268.03
919.062 10911.9 3266.47
925.351 10911.9 3264.94
931.641 10911.9 3263.45
937.930 10911.9 3261.96
944.219 10911.9 3260.51
950.508 10911.9 3259.09
956.798 10911.9 3257.68
963.087 10911.9 3256.30
969.376 10911.9 3254.94
975.666 10911.9 3253.60
981.955 10911.9 3252.27
988.244 10911.9 3250.97
994.534 10911.9 3249.68
1000.82 10911.9 3248.41
1007.11 10911.9 3247.14
1013.40 10911.9 3245.90
1019.69 10911.9 3244.67
1025.98 10911.9 3243.44
1032.27 10911.9 3242.22
1038.56 10911.9 3241.03
1044.85 10911.9 3239.84
1051.14 10911.9 3238.66
1057.43 10911.9 3237.48
1063.72 10911.9 3236.32
1070.01 10911.9 3235.16
1076.29 10911.9 3234.00
1082.58 10911.9 3232.83
1088.87 10911.9 3231.67
1095.16 10911.9 3230.48
1101.45 10911.9 3229.24
1107.74 10911.9 3227.95
1114.03 10911.9 3226.97
1120.32 10911.9 3225.97
1126.61 10911.9 3224.99
1132.90 10911.9 3224.01
1139.19 10911.9 3223.03
1145.48 10911.9 3222.06
1151.77 10911.9 3219.70
1158.06 10911.9 3211.69
1164.34 10911.9 3202.96
1170.63 10911.9 3193.95
1176.92 10911.9 3184.10
1183.21 10911.9 3173.67
1189.50 10911.9 3162.57
1195.79 10911.9 3151.07
1202.08 10911.9 3138.65
1208.37 10911.9 3134.60
1214.66 10911.9 3133.65
1220.95 10911.9 3132.69
1227.24 10911.9 3131.73
1233.53 10911.9 3130.73
1239.82 10911.9 3129.74
1246.11 10911.9 3128.72
1252.40 10911.9 3127.69
1258.68 10911.9 3126.64
1264.97 10911.9 3125.58
1271.26 10911.9 3124.49
1277.55 10911.9 3123.39
1283.84 10911.9 3122.26
1290.13 10911.9 3121.11
1296.42 10911.9 3119.94
1302.71 10911.9 3118.75
1309.00 10911.9 3117.53
1315.29 10911.9 3116.28
1321.58 10911.9 3115.02
1327.87 10911.9 3113.72
1334.16 10911.9 3112.40
1340.45 10911.9 3111.05
1346.73 10911.9 3109.67
1353.02 10911.9 3108.26
1359.31 10911.9 3106.82
1365.60 10911.9 3105.34
1371.89 10911.9 3103.84
1378.18 10911.9 3102.30
1384.47 10911.9 3100.74
1390.76 10911.9 3099.14
1397.05 10911.9 3097.50
1403.34 10911.9 3087.86
1409.63 10911.9 3071.74
1415.92 10911.9 3058.43
1422.21 10911.9 3058.49
1428.50 10911.9 3058.55
1434.79 10911.9 3058.61
1441.07 10911.9 3058.68
1447.36 10911.9 3058.75
1453.65 10911.9 3058.84
1459.94 10911.9 3058.92
1466.23 10911.9 3059.00
1472.52 10911.9 3059.10
1478.81 10911.9 3059.20
1485.10 10911.9 3059.29
1491.39 10911.9 3059.40
1497.68 10911.9 3059.51
1503.97 10911.9 3059.61
1510.26 10911.9 3059.73
1516.55 10911.9 3059.86
1522.84 10911.9 3059.98
1529.12 10911.9 3060.09
1535.41 10911.9 3060.24
1541.70 10911.9 3060.36
1547.99 10911.9 3060.49
1554.28 10911.9 3060.62
1560.57 10911.9 3060.76
1566.86 10911.9 3060.90
1573.15 10911.9 3061.05
573.150 11037.7 3493.61
579.439 11037.7 3492.97
585.729 11037.7 3492.33
592.018 11037.7 3491.68
598.307 11037.7 3491.03
604.597 11037.7 3490.38
610.886 11037.7 3489.73
617.175 11037.7 3489.08
623.464 11037.7 3488.42
629.754 11037.7 3487.77
636.043 11037.7 3487.11
642.332 11037.7 3486.44
648.622 11037.7 3485.78
654.911 11037.7 3485.12
661.200 11037.7 3484.45
667.490 11037.7 3483.78
673.779 11037.7 3483.11
680.068 11037.7 3482.44
686.358 11037.7 3481.76
692.647 11037.7 3481.09
698.936 11037.7 3480.42
705.225 11037.7 3479.74
711.515 11037.7 3469.10
717.804 11037.7 3452.20
724.093 11037.7 3440.34
730.383 11037.7 3431.09
736.672 11037.7 3423.46
742.961 11037.7 3416.89
749.251 11037.7 3411.10
755.540 11037.7 3405.88
761.829 11037.7 3401.09
768.119 11037.7 3396.63
774.408 11037.7 3392.44
780.697 11037.7 3388.44
786.986 11037.7 3384.61
793.276 11037.7 3380.88
799.565 11037.7 3377.24
805.854 11037.7 3373.64
812.144 11037.7 3370.07
818.433 11037.7 3366.49
824.722 11037.7 3362.88
831.012 11037.7 3359.19
837.301 11037.7 3355.39
843.590 11037.7 3351.48
849.880 11037.7 3347.36
856.169 11037.7 3343.01
862.458 11037.7 3338.34
868.747 11037.7 3333.29
875.037 11037.7 3327.70
881.326 11037.7 3321.44
887.615 11037.7 3314.28
893.905 11037.7 3305.90
900.194 11037.7 3295.88
906.483 11037.7 3283.74
912.773 11037.7 3270.76
919.062 11037.7 3269.14
925.351 11037.7 3267.57
931.641 11037.7 3266.00
937.930 11037.7 3264.48
944.219 11037.7 3263.00
950.508 11037.7 3261.53
956.798 11037.7 3260.08
963.087 11037.7 3258.66
969.376 11037.7 3257.26
975.666 11037.7 3255.89
981.955 11037.7 3254.52
988.244 11037.7 3253.19
994.534 11037.7 3251.86
1000.82 11037.7 3250.56
1007.11 11037.7 3249.27
1013.40 11037.7 3247.99
1019.69 11037.7 3246.74
1025.98 11037.7 3245.49
1032.27 11037.7 3244.24
1038.56 11037.7 3243.03
1044.85 11037.7 3241.82
1051.14 11037.7 3240.61
1057.43 11037.7 3239.42
1063.72 11037.7 3238.22
1070.01 11037.7 3237.05
1076.29 11037.7 3235.88
1082.58 11037.7 3234.70
1088.87 11037.7 3233.53
1095.16 11037.7 3232.34
1101.45 11037.7 3231.12
1107.74 11037.7 3229.68
1114.03 11037.7 3228.68
1120.32 11037.7 3227.68
1126.61 11037.7 3226.69
1132.90 11037.7 3225.70
1139.19 11037.7 3224.72
1145.48 11037.7 3223.73
1151.77 11037.7 3222.75
1158.06 11037.7 3221.77
1164.34 11037.7 3218.49
1170.63 11037.7 3210.35
1176.92 11037.7 3201.71
1183.21 11037.7 3192.66
1189.50 11037.7 3182.98
1195.79 11037.7 3172.59
1202.08 11037.7 3161.70
1208.37 11037.7 3150.08
1214.66 11037.7 3137.85
1220.95 11037.7 3133.34
1227.24 11037.7 3132.38
1233.53 11037.7 3131.40
1239.82 11037.7 3130.41
1246.11 11037.7 3129.41
1252.40 11037.7 3128.38
1258.68 11037.7 3127.35
1264.97 11037.7 3126.29
1271.26 11037.7 3125.21
1277.55 11037.7 3124.12
1283.84 11037.7 3123.01
1290.13 11037.7 3121.87
1296.42 11037.7 3120.71
1302.71 11037.7 3119.53
1309.00 11037.7 3118.33
1315.29 11037.7 3117.10
1321.58 11037.7 3115.85
1327.87 11037.7 3114.57
1334.16 11037.7 3113.25
1340.45 11037.7 3111.93
1346.73 11037.7 3110.57
1353.02 11037.7 3109.18
1359.31 11037.7 3107.76
1365.60 11037.7 3106.31
1371.89 11037.7 3104.83
1378.18 11037.7 3103.31
1384.47 11037.7 3101.76
1390.76 11037.7 3100.19
1397.05 11037.7 3098.58
1403.34 11037.7 3096.94
1409.63 11037.7 3095.26
1415.92 11037.7 3093.56
1422.21 11037.7 3083.07
1428.50 11037.7 3067.50
1434.79 11037.7 3061.79
1441.07 11037.7 3061.88
1447.36 11037.7 3061.96
1453.65 11037.7 3062.05
1459.94 11037.7 3062.15
1466.23 11037.7 3062.24
1472.52 11037.7 3062.34
1478.81 11037.7 3062.45
1485.10 11037.7 3062.55
1491.39 11037.7 3062.66
1497.68 11037.7 3062.78
1503.97 11037.7 3062.91
1510.26 11037.7 3063.02
1516.55 11037.7 3063.16
1522.84 11037.7 3063.29
1529.12 11037.7 3063.41
1535.41 11037.7 3063.54
1541.70 11037.7 3063.69
1547.99 11037.7 3063.82
1554.28 11037.7 3063.96
1560.57 11037.7 3064.10
1566.86 11037.7 3064.26
1573.15 11037.7 3064.40
573.150 11163.5 3494.00
579.439 11163.5 3493.35
585.729 11163.5 3492.71
592.018 11163.5 3492.07
598.307 11163.5 3491.42
604.597 11163.5 3490.77
610.886 11163.5 3490.12
617.175 11163.5 3489.47
623.464 11163.5 3488.81
629.754 11163.5 3488.15
636.043 11163.5 3487.50
642.332 11163.5 3486.84
648.622 11163.5 3486.17
654.911 11163.5 3485.51
661.200 11163.5 3484.84
667.490 11163.5 3484.17
673.779 11163.5 3483.50
680.068 11163.5 3482.83
686.358 11163.5 3482.16
692.647 11163.5 3481.48
698.936 11163.5 3480.79
705.225 11163.5 3480.14
711.515 11163.5 3479.47
717.804 11163.5 3478.79
724.093 11163.5 3459.56
730.383 11163.5 3446.09
736.672 11163.5 3435.86
742.961 11163.5 3427.53
749.251 11163.5 3420.45
755.540 11163.5 3414.26
761.829 11163.5 3408.71
768.119 11163.5 3403.65
774.408 11163.5 3398.96
780.697 11163.5 3394.57
786.986 11163.5 3390.39
793.276 11163.5 3386.38
799.565 11163.5 3382.52
805.854 11163.5 3378.74
812.144 11163.5 3375.02
818.433 11163.5 3371.31
824.722 11163.5 3367.63
831.012 11163.5 3363.89
837.301 11163.5 3360.09
843.590 11163.5 3356.20
849.880 11163.5 3352.15
856.169 11163.5 3347.92
862.458 11163.5 3343.42
868.747 11163.5 3338.63
875.037 11163.5 3333.41
881.326 11163.5 3327.66
887.615 11163.5 3321.17
893.905 11163.5 3313.77
900.194 11163.5 3305.09
906.483 11163.5 3294.67
912.773 11163.5 3281.90
919.062 11163.5 3271.89
925.351 11163.5 3270.26
931.641 11163.5 3268.66
937.930 11163.5 3267.08
944.219 11163.5 3265.46
950.508 11163.5 3264.03
956.798 11163.5 3262.24
963.087 11163.5 3261.08
969.376 11163.5 3259.64
975.666 11163.5 3258.23
981.955 11163.5 3256.82
988.244 11163.5 3255.45
994.534 11163.5 3254.09
1000.82 11163.5 3252.77
1007.11 11163.5 3251.44
1013.40 11163.5 3250.15
1019.69 11163.5 3248.85
1025.98 11163.5 3247.58
1032.27 11163.5 3246.33
1038.56 11163.5 3245.07
1044.85 11163.5 3243.84
1051.14 11163.5 3242.62
1057.43 11163.5 3241.40
1063.72 11163.5 3240.20
1070.01 11163.5 3238.99
1076.29 11163.5 3237.81
1082.58 11163.5 3236.62
1088.87 11163.5 3235.42
1095.16 11163.5 3234.23
1101.45 11163.5 3233.03
1107.74 11163.5 3231.74
1114.03 11163.5 3230.43
1120.32 11163.5 3229.43
1126.61 11163.5 3228.42
1132.90 11163.5 3227.42
1139.19 11163.5 3226.43
1145.48 11163.5 3225.43
1151.77 11163.5 3224.44
1158.06 11163.5 3223.46
1164.34 11163.5 3222.48
1170.63 11163.5 3221.49
1176.92 11163.5 3217.10
1183.21 11163.5 3209.08
1189.50 11163.5 3200.59
1195.79 11163.5 3191.59
1202.08 11163.5 3181.84
1208.37 11163.5 3171.56
1214.66 11163.5 3160.69
1220.95 11163.5 3149.28
1227.24 11163.5 3137.20
1233.53 11163.5 3132.07
1239.82 11163.5 3131.08
1246.11 11163.5 3130.08
1252.40 11163.5 3129.07
1258.68 11163.5 3128.04
1264.97 11163.5 3126.99
1271.26 11163.5 3125.93
1277.55 11163.5 3124.85
1283.84 11163.5 3123.74
1290.13 11163.5 3122.62
1296.42 11163.5 3121.48
1302.71 11163.5 3120.31
1309.00 11163.5 3119.12
1315.29 11163.5 3117.91
1321.58 11163.5 3116.68
1327.87 11163.5 3115.41
1334.16 11163.5 3114.13
1340.45 11163.5 3112.80
1346.73 11163.5 3111.47
1353.02 11163.5 3110.09
1359.31 11163.5 3108.69
1365.60 11163.5 3107.25
1371.89 11163.5 3105.80
1378.18 11163.5 3104.30
1384.47 11163.5 3102.78
1390.76 11163.5 3101.22
1397.05 11163.5 3099.64
1403.34 11163.5 3098.02
1409.63 11163.5 3096.37
1415.92 11163.5 3094.68
1422.21 11163.5 3092.97
1428.50 11163.5 3091.22
1434.79 11163.5 3089.43
1441.07 11163.5 3078.79
1447.36 11163.5 3065.29
1453.65 11163.5 3065.42
1459.94 11163.5 3065.51
1466.23 11163.5 3065.61
1472.52 11163.5 3065.73
1478.81 11163.5 3065.84
1485.10 11163.5 3065.95
1491.39 11163.5 3066.08
1497.68 11163.5 3066.20
1503.97 11163.5 3066.33
1510.26 11163.5 3066.44
1516.55 11163.5 3066.58
1522.84 11163.5 3066.72
1529.12 11163.5 3066.87
1535.41 11163.5 3066.99
1541.70 11163.5 3067.15
1547.99 11163.5 3067.29
1554.28 11163.5 3067.43
1560.57 11163.5 3067.11
1566.86 11163.5 3066.42
1573.15 11163.5 3065.73
573.150 11289.3 3494.38
579.439 11289.3 3493.74
585.729 11289.3 3493.10
592.018 11289.3 3492.45
598.307 11289.3 3491.81
604.597 11289.3 3491.16
610.886 11289.3 3490.51
617.175 11289.3 3489.86
623.464 11289.3 3489.20
629.754 11289.3 3488.55
636.043 11289.3 3487.88
642.332 11289.3 3487.23
648.622 11289.3 3486.56
654.911 11289.3 3485.90
661.200 11289.3 3485.23
667.490 11289.3 3484.56
673.779 11289.3 3483.90
680.068 11289.3 3483.23
686.358 11289.3 3482.55
692.647 11289.3 3481.88
698.936 11289.3 3481.17
705.225 11289.3 3480.54
711.515 11289.3 3479.87
717.804 11289.3 3479.19
724.093 11289.3 3478.51
730.383 11289.3 3467.56
736.672 11289.3 3452.21
742.961 11289.3 3440.86
749.251 11289.3 3431.77
755.540 11289.3 3424.14
761.829 11289.3 3417.51
768.119 11289.3 3411.64
774.408 11289.3 3406.28
780.697 11289.3 3401.34
786.986 11289.3 3396.74
793.276 11289.3 3392.37
799.565 11289.3 3388.21
805.854 11289.3 3384.18
812.144 11289.3 3380.26
818.433 11289.3 3376.41
824.722 11289.3 3372.61
831.012 11289.3 3368.77
837.301 11289.3 3364.92
843.590 11289.3 3361.01
849.880 11289.3 3357.00
856.169 11289.3 3352.83
862.458 11289.3 3348.47
868.747 11289.3 3343.86
875.037 11289.3 3338.91
881.326 11289.3 3333.47
887.615 11289.3 3327.56
893.905 11289.3 3320.89
900.194 11289.3 3313.15
906.483 11289.3 3304.15
912.773 11289.3 3293.37
919.062 11289.3 3280.09
925.351 11289.3 3273.04
931.641 11289.3 3271.38
937.930 11289.3 3269.82
944.219 11289.3 3268.15
950.508 11289.3 3266.61
956.798 11289.3 3265.07
963.087 11289.3 3263.56
969.376 11289.3 3262.08
975.666 11289.3 3260.63
981.955 11289.3 3259.20
988.244 11289.3 3257.79
994.534 11289.3 3256.40
1000.82 11289.3 3255.02
1007.11 11289.3 3253.68
1013.40 11289.3 3252.35
1019.69 11289.3 3251.03
1025.98 11289.3 3249.73
1032.27 11289.3 3248.44
1038.56 11289.3 3247.17
1044.85 11289.3 3245.91
1051.14 11289.3 3244.66
1057.43 11289.3 3243.42
1063.72 11289.3 3242.20
1070.01 11289.3 3240.98
1076.29 11289.3 3239.76
1082.58 11289.3 3238.56
1088.87 11289.3 3237.36
1095.16 11289.3 3236.15
1101.45 11289.3 3234.93
1107.74 11289.3 3233.68
1114.03 11289.3 3232.26
1120.32 11289.3 3231.19
1126.61 11289.3 3230.18
1132.90 11289.3 3229.17
1139.19 11289.3 3228.16
1145.48 11289.3 3227.16
1151.77 11289.3 3226.16
1158.06 11289.3 3225.17
1164.34 11289.3 3224.18
1170.63 11289.3 3223.18
1176.92 11289.3 3222.15
1183.21 11289.3 3221.21
1189.50 11289.3 3215.81
1195.79 11289.3 3207.81
1202.08 11289.3 3199.46
1208.37 11289.3 3190.19
1214.66 11289.3 3180.76
1220.95 11289.3 3170.45
1227.24 11289.3 3159.88
1233.53 11289.3 3148.47
1239.82 11289.3 3136.44
1246.11 11289.3 3130.76
1252.40 11289.3 3129.75
1258.68 11289.3 3128.73
1264.97 11289.3 3127.69
1271.26 11289.3 3126.64
1277.55 11289.3 3125.57
1283.84 11289.3 3124.48
1290.13 11289.3 3123.37
1296.42 11289.3 3122.23
1302.71 11289.3 3121.08
1309.00 11289.3 3119.91
1315.29 11289.3 3118.71
1321.58 11289.3 3117.49
1327.87 11289.3 3116.24
1334.16 11289.3 3114.97
1340.45 11289.3 3113.67
1346.73 11289.3 3112.34
1353.02 11289.3 3110.99
1359.31 11289.3 3109.61
1365.60 11289.3 3108.20
1371.89 11289.3 3106.75
1378.18 11289.3 3105.28
1384.47 11289.3 3103.78
1390.76 11289.3 3102.25
1397.05 11289.3 3100.68
1403.34 11289.3 3099.08
1409.63 11289.3 3097.46
1415.92 11289.3 3095.80
1422.21 11289.3 3094.10
1428.50 11289.3 3092.38
1434.79 11289.3 3090.61
1441.07 11289.3 3088.82
1447.36 11289.3 3087.00
1453.65 11289.3 3085.14
1459.94 11289.3 3074.96
1466.23 11289.3 3069.14
1472.52 11289.3 3069.26
1478.81 11289.3 3069.39
1485.10 11289.3 3069.51
1491.39 11289.3 3069.63
1497.68 11289.3 3069.76
1503.97 11289.3 3069.90
1510.26 11289.3 3070.03
1516.55 11289.3 3070.17
1522.84 11289.3 3070.30
1529.12 11289.3 3070.45
1535.41 11289.3 3070.39
1541.70 11289.3 3069.70
1547.99 11289.3 3069.01
1554.28 11289.3 3068.32
1560.57 11289.3 3067.63
1566.86 11289.3 3066.94
1573.15 11289.3 3066.25
573.150 11415.1 3494.76
579.439 11415.1 3494.12
585.729 11415.1 3493.49
592.018 11415.1 3492.84
598.307 11415.1 3492.19
604.597 11415.1 3491.54
610.886 11415.1 3490.90
617.175 11415.1 3490.24
623.464 11415.1 3489.59
629.754 11415.1 3488.93
636.043 11415.1 3488.28
642.332 11415.1 3487.62
648.622 11415.1 3486.96
654.911 11415.1 3486.29
661.200 11415.1 3485.62
667.490 11415.1 3484.96
673.779 11415.1 3484.29
680.068 11415.1 3483.62
686.358 11415.1 3482.95
692.647 11415.1 3482.27
698.936 11415.1 3481.61
705.225 11415.1 3480.94
711.515 11415.1 3480.27
717.804 11415.1 3479.59
724.093 11415.1 3478.92
730.383 11415.1 3478.24
736.672 11415.1 3476.31
742.961 11415.1 3458.74
749.251 11415.1 3446.12
755.540 11415.1 3436.20
761.829 11415.1 3427.97
768.119 11415.1 3420.89
774.408 11415.1 3414.63
780.697 11415.1 3408.97
786.986 11415.1 3403.79
793.276 11415.1 3398.96
799.565 11415.1 3394.40
805.854 11415.1 3390.06
812.144 11415.1 3385.88
818.433 11415.1 3381.81
824.722 11415.1 3377.82
831.012 11415.1 3373.88
837.301 11415.1 3369.94
843.590 11415.1 3365.97
849.880 11415.1 3361.94
856.169 11415.1 3357.80
862.458 11415.1 3353.52
868.747 11415.1 3349.00
875.037 11415.1 3344.27
881.326 11415.1 3339.14
887.615 11415.1 3333.61
893.905 11415.1 3327.47
900.194 11415.1 3320.52
906.483 11415.1 3312.62
912.773 11415.1 3303.17
919.062 11415.1 3291.89
925.351 11415.1 3278.12
931.641 11415.1 3274.20
937.930 11415.1 3272.52
944.219 11415.1 3270.89
950.508 11415.1 3269.25
956.798 11415.1 3267.72
963.087 11415.1 3266.12
969.376 11415.1 3264.60
975.666 11415.1 3263.10
981.955 11415.1 3261.79
988.244 11415.1 3260.18
994.534 11415.1 3258.75
1000.82 11415.1 3257.35
1007.11 11415.1 3255.97
1013.40 11415.1 3254.61
1019.69 11415.1 3253.25
1025.98 11415.1 3251.92
1032.27 11415.1 3250.62
1038.56 11415.1 3249.31
1044.85 11415.1 3248.02
1051.14 11415.1 3246.75
1057.43 11415.1 3245.49
1063.72 11415.1 3244.24
1070.01 11415.1 3243.00
1076.29 11415.1 3241.76
1082.58 11415.1 3240.54
1088.87 11415.1 3239.32
1095.16 11415.1 3238.10
1101.45 11415.1 3236.86
1107.74 11415.1 3235.63
1114.03 11415.1 3234.30
1120.32 11415.1 3233.00
1126.61 11415.1 3231.97
1132.90 11415.1 3230.95
1139.19 11415.1 3229.93
1145.48 11415.1 3228.92
1151.77 11415.1 3227.91
1158.06 11415.1 3226.91
1164.34 11415.1 3225.90
1170.63 11415.1 3224.91
1176.92 11415.1 3223.91
1183.21 11415.1 3222.91
1189.50 11415.1 3221.92
1195.79 11415.1 3220.94
1202.08 11415.1 3214.57
1208.37 11415.1 3206.70
1214.66 11415.1 3198.25
1220.95 11415.1 3189.25
1227.24 11415.1 3179.73
1233.53 11415.1 3169.63
1239.82 11415.1 3158.90
1246.11 11415.1 3147.66
1252.40 11415.1 3135.75
1258.68 11415.1 3129.42
1264.97 11415.1 3128.39
1271.26 11415.1 3127.34
1277.55 11415.1 3126.28
1283.84 11415.1 3125.20
1290.13 11415.1 3124.10
1296.42 11415.1 3122.97
1302.71 11415.1 3121.84
1309.00 11415.1 3120.69
1315.29 11415.1 3119.50
1321.58 11415.1 3118.29
1327.87 11415.1 3117.06
1334.16 11415.1 3115.80
1340.45 11415.1 3114.52
1346.73 11415.1 3113.21
1353.02 11415.1 3111.88
1359.31 11415.1 3110.51
1365.60 11415.1 3109.12
1371.89 11415.1 3107.70
1378.18 11415.1 3106.24
1384.47 11415.1 3104.77
1390.76 11415.1 3103.25
1397.05 11415.1 3101.71
1403.34 11415.1 3100.13
1409.63 11415.1 3098.53
1415.92 11415.1 3096.89
1422.21 11415.1 3095.22
1428.50 11415.1 3093.52
1434.79 11415.1 3091.78
1441.07 11415.1 3090.02
1447.36 11415.1 3088.22
1453.65 11415.1 3086.38
1459.94 11415.1 3084.52
1466.23 11415.1 3082.62
1472.52 11415.1 3080.68
1478.81 11415.1 3073.09
1485.10 11415.1 3073.23
1491.39 11415.1 3073.35
1497.68 11415.1 3073.48
1503.97 11415.1 3073.62
1510.26 11415.1 3073.64
1516.55 11415.1 3072.95
1522.84 11415.1 3072.31
1529.12 11415.1 3071.58
1535.41 11415.1 3070.90
1541.70 11415.1 3070.21
1547.99 11415.1 3069.52
1554.28 11415.1 3068.83
1560.57 11415.1 3068.15
1566.86 11415.1 3067.45
1573.15 11415.1 3066.76
573.150 11540.9 3495.14
579.439 11540.9 3494.51
585.729 11540.9 3493.87
592.018 11540.9 3493.23
598.307 11540.9 3492.58
604.597 11540.9 3491.94
610.886 11540.9 3491.29
617.175 11540.9 3490.63
623.464 11540.9 3489.98
629.754 11540.9 3489.33
636.043 11540.9 3488.67
642.332 11540.9 3488.01
648.622 11540.9 3487.35
654.911 11540.9 3486.68
661.200 11540.9 3486.02
667.490 11540.9 3485.35
673.779 11540.9 3484.68
680.068 11540.9 3484.01
686.358 11540.9 3483.34
692.647 11540.9 3482.67
698.936 11540.9 3482.00
705.225 11540.9 3481.34
711.515 11540.9 3480.68
717.804 11540.9 3479.99
724.093 11540.9 3479.32
730.383 11540.9 3478.64
736.672 11540.9 3477.96
742.961 11540.9 3477.28
749.251 11540.9 3465.69
755.540 11540.9 3451.66
761.829 11540.9 3440.82
768.119 11540.9 3431.94
774.408 11540.9 3424.36
780.697 11540.9 3417.71
786.986 11540.9 3411.74
793.276 11540.9 3406.28
799.565 11540.9 3401.22
805.854 11540.9 3396.47
812.144 11540.9 3391.94
818.433 11540.9 3387.60
824.722 11540.9 3383.38
831.012 11540.9 3379.25
837.301 11540.9 3375.18
843.590 11540.9 3371.10
849.880 11540.9 3367.01
856.169 11540.9 3362.87
862.458 11540.9 3358.60
868.747 11540.9 3354.19
875.037 11540.9 3349.58
881.326 11540.9 3344.67
887.615 11540.9 3339.42
893.905 11540.9 3333.68
900.194 11540.9 3327.32
906.483 11540.9 3320.20
912.773 11540.9 3311.93
919.062 11540.9 3302.15
925.351 11540.9 3290.44
931.641 11540.9 3277.11
937.930 11540.9 3275.38
944.219 11540.9 3273.65
950.508 11540.9 3272.00
956.798 11540.9 3270.36
963.087 11540.9 3268.76
969.376 11540.9 3267.19
975.666 11540.9 3265.64
981.955 11540.9 3264.14
988.244 11540.9 3262.64
994.534 11540.9 3261.20
1000.82 11540.9 3259.73
1007.11 11540.9 3258.31
1013.40 11540.9 3256.91
1019.69 11540.9 3255.53
1025.98 11540.9 3254.17
1032.27 11540.9 3252.82
1038.56 11540.9 3251.50
1044.85 11540.9 3250.17
1051.14 11540.9 3248.88
1057.43 11540.9 3247.59
1063.72 11540.9 3246.33
1070.01 11540.9 3245.06
1076.29 11540.9 3243.81
1082.58 11540.9 3242.55
1088.87 11540.9 3241.32
1095.16 11540.9 3240.09
1101.45 11540.9 3238.85
1107.74 11540.9 3237.60
1114.03 11540.9 3236.34
1120.32 11540.9 3234.86
1126.61 11540.9 3233.80
1132.90 11540.9 3232.76
1139.19 11540.9 3231.72
1145.48 11540.9 3230.71
1151.77 11540.9 3229.69
1158.06 11540.9 3228.67
1164.34 11540.9 3227.66
1170.63 11540.9 3226.65
1176.92 11540.9 3225.65
1183.21 11540.9 3224.64
1189.50 11540.9 3223.65
1195.79 11540.9 3222.65
1202.08 11540.9 3221.66
1208.37 11540.9 3220.66
1214.66 11540.9 3213.39
1220.95 11540.9 3205.53
1227.24 11540.9 3197.02
1233.53 11540.9 3188.17
1239.82 11540.9 3178.71
1246.11 11540.9 3168.60
1252.40 11540.9 3158.04
1258.68 11540.9 3146.83
1264.97 11540.9 3134.90
1271.26 11540.9 3128.04
1277.55 11540.9 3126.99
1283.84 11540.9 3125.92
1290.13 11540.9 3124.83
1296.42 11540.9 3123.73
1302.71 11540.9 3122.60
1309.00 11540.9 3121.45
1315.29 11540.9 3120.28
1321.58 11540.9 3119.08
1327.87 11540.9 3117.87
1334.16 11540.9 3116.63
1340.45 11540.9 3115.36
1346.73 11540.9 3114.07
1353.02 11540.9 3112.75
1359.31 11540.9 3111.40
1365.60 11540.9 3110.03
1371.89 11540.9 3108.63
1378.18 11540.9 3107.20
1384.47 11540.9 3105.73
1390.76 11540.9 3104.24
1397.05 11540.9 3102.72
1403.34 11540.9 3101.17
1409.63 11540.9 3099.58
1415.92 11540.9 3097.97
1422.21 11540.9 3096.32
1428.50 11540.9 3094.64
1434.79 11540.9 3092.93
1441.07 11540.9 3091.19
1447.36 11540.9 3089.41
1453.65 11540.9 3087.61
1459.94 11540.9 3085.76
1466.23 11540.9 3083.89
1472.52 11540.9 3081.98
1478.81 11540.9 3080.03
1485.10 11540.9 3078.06
1491.39 11540.9 3076.19
1497.68 11540.9 3075.55
1503.97 11540.9 3074.83
1510.26 11540.9 3074.15
1516.55 11540.9 3073.46
1522.84 11540.9 3072.78
1529.12 11540.9 3072.10
1535.41 11540.9 3071.41
1541.70 11540.9 3070.72
1547.99 11540.9 3070.04
1554.28 11540.9 3069.35
1560.57 11540.9 3068.66
1566.86 11540.9 3067.97
1573.15 11540.9 3067.28
573.150 11666.7 3495.53
579.439 11666.7 3494.89
585.729 11666.7 3494.25
592.018 11666.7 3493.61
598.307 11666.7 3492.97
604.597 11666.7 3492.32
610.886 11666.7 3491.67
617.175 11666.7 3491.02
623.464 11666.7 3490.37
629.754 11666.7 3489.72
636.043 11666.7 3489.06
642.332 11666.7 3488.40
648.622 11666.7 3487.74
654.911 11666.7 3487.07
661.200 11666.7 3486.41
667.490 11666.7 3485.75
673.779 11666.7 3485.08
680.068 11666.7 3484.41
686.358 11666.7 3483.74
692.647 11666.7 3483.06
698.936 11666.7 3482.40
705.225 11666.7 3481.73
711.515 11666.7 3481.06
717.804 11666.7 3480.39
724.093 11666.7 3479.72
730.383 11666.7 3479.04
736.672 11666.7 3478.37
742.961 11666.7 3477.68
749.251 11666.7 3477.00
755.540 11666.7 3473.13
761.829 11666.7 3457.48
768.119 11666.7 3445.64
774.408 11666.7 3436.05
780.697 11666.7 3427.95
786.986 11666.7 3420.88
793.276 11666.7 3414.58
799.565 11666.7 3408.84
805.854 11666.7 3403.54
812.144 11666.7 3398.57
818.433 11666.7 3393.87
824.722 11666.7 3389.36
831.012 11666.7 3384.99
837.301 11666.7 3380.71
843.590 11666.7 3376.50
849.880 11666.7 3372.30
856.169 11666.7 3368.08
862.458 11666.7 3363.80
868.747 11666.7 3359.40
875.037 11666.7 3354.88
881.326 11666.7 3350.11
887.615 11666.7 3345.06
893.905 11666.7 3339.67
900.194 11666.7 3333.75
906.483 11666.7 3327.18
912.773 11666.7 3319.75
919.062 11666.7 3311.22
925.351 11666.7 3301.10
931.641 11666.7 3288.91
937.930 11666.7 3278.33
944.219 11666.7 3276.55
950.508 11666.7 3274.88
956.798 11666.7 3273.14
963.087 11666.7 3271.48
969.376 11666.7 3269.85
975.666 11666.7 3268.29
981.955 11666.7 3266.70
988.244 11666.7 3265.17
994.534 11666.7 3263.66
1000.82 11666.7 3262.18
1007.11 11666.7 3260.74
1013.40 11666.7 3259.29
1019.69 11666.7 3257.89
1025.98 11666.7 3256.47
1032.27 11666.7 3255.09
1038.56 11666.7 3253.74
1044.85 11666.7 3252.40
1051.14 11666.7 3251.07
1057.43 11666.7 3249.75
1063.72 11666.7 3248.46
1070.01 11666.7 3247.17
1076.29 11666.7 3245.89
1082.58 11666.7 3244.64
1088.87 11666.7 3243.37
1095.16 11666.7 3242.12
1101.45 11666.7 3240.86
1107.74 11666.7 3239.60
1114.03 11666.7 3238.33
1120.32 11666.7 3236.97
1126.61 11666.7 3235.64
1132.90 11666.7 3234.60
1139.19 11666.7 3233.56
1145.48 11666.7 3232.53
1151.77 11666.7 3231.49
1158.06 11666.7 3230.47
1164.34 11666.7 3229.45
1170.63 11666.7 3228.44
1176.92 11666.7 3227.41
1183.21 11666.7 3226.41
1189.50 11666.7 3225.39
1195.79 11666.7 3224.39
1202.08 11666.7 3223.40
1208.37 11666.7 3222.38
1214.66 11666.7 3221.39
1220.95 11666.7 3219.64
1227.24 11666.7 3212.16
1233.53 11666.7 3204.38
1239.82 11666.7 3195.84
1246.11 11666.7 3187.12
1252.40 11666.7 3177.66
1258.68 11666.7 3167.70
1264.97 11666.7 3157.12
1271.26 11666.7 3146.04
1277.55 11666.7 3134.32
1283.84 11666.7 3126.63
1290.13 11666.7 3125.55
1296.42 11666.7 3124.46
1302.71 11666.7 3123.34
1309.00 11666.7 3122.21
1315.29 11666.7 3121.05
1321.58 11666.7 3119.87
1327.87 11666.7 3118.67
1334.16 11666.7 3117.43
1340.45 11666.7 3116.19
1346.73 11666.7 3114.91
1353.02 11666.7 3113.61
1359.31 11666.7 3112.28
1365.60 11666.7 3110.92
1371.89 11666.7 3109.54
1378.18 11666.7 3108.13
1384.47 11666.7 3106.69
1390.76 11666.7 3105.22
1397.05 11666.7 3103.72
1403.34 11666.7 3102.18
1409.63 11666.7 3100.62
1415.92 11666.7 3099.03
1422.21 11666.7 3097.41
1428.50 11666.7 3095.75
1434.79 11666.7 3094.06
1441.07 11666.7 3092.34
1447.36 11666.7 3090.59
1453.65 11666.7 3088.81
1459.94 11666.7 3086.99
1466.23 11666.7 3085.15
1472.52 11666.7 3083.26
1478.81 11666.7 3081.35
1485.10 11666.7 3079.39
1491.39 11666.7 3077.40
1497.68 11666.7 3076.02
1503.97 11666.7 3075.34
1510.26 11666.7 3074.66
1516.55 11666.7 3073.97
1522.84 11666.7 3073.29
1529.12 11666.7 3072.61
1535.41 11666.7 3071.92
1541.70 11666.7 3071.24
1547.99 11666.7 3070.55
1554.28 11666.7 3069.86
1560.57 11666.7 3069.17
1566.86 11666.7 3068.49
1573.15 11666.7 3067.79
573.150 11792.5 3495.92
579.439 11792.5 3495.28
585.729 11792.5 3494.64
592.018 11792.5 3494.00
598.307 11792.5 3493.35
604.597 11792.5 3492.71
610.886 11792.5 3492.06
617.175 11792.5 3491.41
623.464 11792.5 3490.76
629.754 11792.5 3490.10
636.043 11792.5 3489.45
642.332 11792.5 3488.79
648.622 11792.5 3488.13
654.911 11792.5 3487.47
661.200 11792.5 3486.80
667.490 11792.5 3486.14
673.779 11792.5 3485.47
680.068 11792.5 3484.80
686.358 11792.5 3484.13
692.647 11792.5 3483.46
698.936 11792.5 3482.80
705.225 11792.5 3482.13
711.515 11792.5 3481.46
717.804 11792.5 3480.79
724.093 11792.5 3480.12
730.383 11792.5 3479.46
736.672 11792.5 3478.76
742.961 11792.5 3478.08
749.251 11792.5 3477.39
755.540 11792.5 3476.71
761.829 11792.5 3476.02
768.119 11792.5 3463.61
774.408 11792.5 3450.66
780.697 11792.5 3440.31
786.986 11792.5 3431.65
793.276 11792.5 3424.15
799.565 11792.5 3417.49
805.854 11792.5 3411.46
812.144 11792.5 3405.91
818.433 11792.5 3400.73
824.722 11792.5 3395.83
831.012 11792.5 3391.14
837.301 11792.5 3386.61
843.590 11792.5 3382.19
849.880 11792.5 3377.83
856.169 11792.5 3373.51
862.458 11792.5 3369.15
868.747 11792.5 3364.75
875.037 11792.5 3360.24
881.326 11792.5 3355.57
887.615 11792.5 3350.67
893.905 11792.5 3345.49
900.194 11792.5 3339.89
906.483 11792.5 3333.78
912.773 11792.5 3327.03
919.062 11792.5 3319.34
925.351 11792.5 3310.47
931.641 11792.5 3300.07
937.930 11792.5 3287.29
944.219 11792.5 3279.53
950.508 11792.5 3277.74
956.798 11792.5 3275.99
963.087 11792.5 3274.29
969.376 11792.5 3272.60
975.666 11792.5 3270.96
981.955 11792.5 3269.35
988.244 11792.5 3267.77
994.534 11792.5 3266.21
1000.82 11792.5 3264.69
1007.11 11792.5 3263.21
1013.40 11792.5 3261.72
1019.69 11792.5 3260.27
1025.98 11792.5 3258.84
1032.27 11792.5 3257.43
1038.56 11792.5 3256.02
1044.85 11792.5 3254.66
1051.14 11792.5 3253.30
1057.43 11792.5 3251.97
1063.72 11792.5 3250.64
1070.01 11792.5 3249.34
1076.29 11792.5 3248.03
1082.58 11792.5 3246.73
1088.87 11792.5 3245.46
1095.16 11792.5 3244.18
1101.45 11792.5 3242.92
1107.74 11792.5 3241.65
1114.03 11792.5 3240.37
1120.32 11792.5 3239.03
1126.61 11792.5 3237.55
1132.90 11792.5 3236.48
1139.19 11792.5 3235.41
1145.48 11792.5 3234.38
1151.77 11792.5 3233.33
1158.06 11792.5 3232.29
1164.34 11792.5 3231.26
1170.63 11792.5 3230.24
1176.92 11792.5 3229.21
1183.21 11792.5 3228.17
1189.50 11792.5 3227.17
1195.79 11792.5 3226.16
1202.08 11792.5 3225.15
1208.37 11792.5 3224.15
1214.66 11792.5 3223.14
1220.95 11792.5 3222.13
1227.24 11792.5 3221.14
1233.53 11792.5 3218.44
1239.82 11792.5 3211.04
1246.11 11792.5 3203.14
1252.40 11792.5 3194.89
1258.68 11792.5 3186.00
1264.97 11792.5 3176.72
1271.26 11792.5 3166.83
1277.55 11792.5 3156.34
1283.84 11792.5 3145.35
1290.13 11792.5 3133.63
1296.42 11792.5 3125.18
1302.71 11792.5 3124.08
1309.00 11792.5 3122.96
1315.29 11792.5 3121.81
1321.58 11792.5 3120.65
1327.87 11792.5 3119.46
1334.16 11792.5 3118.24
1340.45 11792.5 3117.01
1346.73 11792.5 3115.75
1353.02 11792.5 3114.46
1359.31 11792.5 3113.15
1365.60 11792.5 3111.82
1371.89 11792.5 3110.45
1378.18 11792.5 3109.05
1384.47 11792.5 3107.64
1390.76 11792.5 3106.18
1397.05 11792.5 3104.70
1403.34 11792.5 3103.20
1409.63 11792.5 3101.65
1415.92 11792.5 3100.08
1422.21 11792.5 3098.48
1428.50 11792.5 3096.84
1434.79 11792.5 3095.18
1441.07 11792.5 3093.47
1447.36 11792.5 3091.75
1453.65 11792.5 3089.97
1459.94 11792.5 3088.20
1466.23 11792.5 3086.38
1472.52 11792.5 3084.53
1478.81 11792.5 3082.62
1485.10 11792.5 3080.70
1491.39 11792.5 3078.75
1497.68 11792.5 3076.75
1503.97 11792.5 3075.85
1510.26 11792.5 3075.17
1516.55 11792.5 3074.48
1522.84 11792.5 3073.80
1529.12 11792.5 3073.12
1535.41 11792.5 3072.43
1541.70 11792.5 3071.75
1547.99 11792.5 3071.06
1554.28 11792.5 3070.37
1560.57 11792.5 3069.69
1566.86 11792.5 3069.00
1573.15 11792.5 3068.31
573.150 11918.2 3496.30
579.439 11918.2 3495.66
585.729 11918.2 3495.02
592.018 11918.2 3494.38
598.307 11918.2 3493.74
604.597 11918.2 3493.09
610.886 11918.2 3492.44
617.175 11918.2 3491.80
623.464 11918.2 3491.15
629.754 11918.2 3490.49
636.043 11918.2 3489.84
642.332 11918.2 3489.18
648.622 11918.2 3488.52
654.911 11918.2 3487.86
661.200 11918.2 3487.20
667.490 11918.2 3486.53
673.779 11918.2 3485.87
680.068 11918.2 3485.19
686.358 11918.2 3484.52
692.647 11918.2 3483.85
698.936 11918.2 3483.19
705.225 11918.2 3482.52
711.515 11918.2 3481.86
717.804 11918.2 3481.19
724.093 11918.2 3480.52
730.383 11918.2 3479.84
736.672 11918.2 3479.17
742.961 11918.2 3478.48
749.251 11918.2 3477.80
755.540 11918.2 3477.11
761.829 11918.2 3476.42
768.119 11918.2 3475.73
774.408 11918.2 3470.05
780.697 11918.2 3455.90
786.986 11918.2 3444.74
793.276 11918.2 3435.47
799.565 11918.2 3427.51
805.854 11918.2 3420.48
812.144 11918.2 3414.14
818.433 11918.2 3408.33
824.722 11918.2 3402.93
831.012 11918.2 3397.82
837.301 11918.2 3392.95
843.590 11918.2 3388.26
849.880 11918.2 3383.69
856.169 11918.2 3379.20
862.458 11918.2 3374.72
868.747 11918.2 3370.24
875.037 11918.2 3365.71
881.326 11918.2 3361.06
887.615 11918.2 3356.25
893.905 11918.2 3351.20
900.194 11918.2 3345.88
906.483 11918.2 3340.13
912.773 11918.2 3333.83
919.062 11918.2 3326.82
925.351 11918.2 3318.91
931.641 11918.2 3309.67
937.930 11918.2 3298.83
944.219 11918.2 3285.61
950.508 11918.2 3280.76
956.798 11918.2 3278.95
963.087 11918.2 3277.18
969.376 11918.2 3275.47
975.666 11918.2 3273.75
981.955 11918.2 3272.09
988.244 11918.2 3270.48
994.534 11918.2 3268.88
1000.82 11918.2 3267.28
1007.11 11918.2 3265.76
1013.40 11918.2 3264.22
1019.69 11918.2 3262.73
1025.98 11918.2 3261.26
1032.27 11918.2 3259.82
1038.56 11918.2 3258.39
1044.85 11918.2 3256.99
1051.14 11918.2 3255.59
1057.43 11918.2 3254.23
1063.72 11918.2 3252.87
1070.01 11918.2 3251.52
1076.29 11918.2 3250.21
1082.58 11918.2 3248.90
1088.87 11918.2 3247.61
1095.16 11918.2 3246.29
1101.45 11918.2 3245.02
1107.74 11918.2 3243.73
1114.03 11918.2 3242.44
1120.32 11918.2 3241.13
1126.61 11918.2 3239.71
1132.90 11918.2 3238.38
1139.19 11918.2 3237.32
1145.48 11918.2 3236.27
1151.77 11918.2 3235.21
1158.06 11918.2 3234.16
1164.34 11918.2 3233.09
1170.63 11918.2 3232.07
1176.92 11918.2 3231.06
1183.21 11918.2 3230.02
1189.50 11918.2 3228.99
1195.79 11918.2 3227.96
1202.08 11918.2 3226.92
1208.37 11918.2 3225.93
1214.66 11918.2 3224.91
1220.95 11918.2 3223.90
1227.24 11918.2 3222.89
1233.53 11918.2 3221.90
1239.82 11918.2 3220.89
1246.11 11918.2 3217.19
1252.40 11918.2 3209.80
1258.68 11918.2 3202.00
1264.97 11918.2 3193.69
1271.26 11918.2 3185.04
1277.55 11918.2 3175.61
1283.84 11918.2 3165.78
1290.13 11918.2 3155.55
1296.42 11918.2 3144.42
1302.71 11918.2 3132.84
1309.00 11918.2 3123.70
1315.29 11918.2 3122.57
1321.58 11918.2 3121.42
1327.87 11918.2 3120.24
1334.16 11918.2 3119.04
1340.45 11918.2 3117.82
1346.73 11918.2 3116.57
1353.02 11918.2 3115.31
1359.31 11918.2 3114.01
1365.60 11918.2 3112.69
1371.89 11918.2 3111.34
1378.18 11918.2 3109.97
1384.47 11918.2 3108.56
1390.76 11918.2 3107.13
1397.05 11918.2 3105.67
1403.34 11918.2 3104.18
1409.63 11918.2 3102.66
1415.92 11918.2 3101.11
1422.21 11918.2 3099.53
1428.50 11918.2 3097.92
1434.79 11918.2 3096.27
1441.07 11918.2 3094.60
1447.36 11918.2 3092.89
1453.65 11918.2 3091.16
1459.94 11918.2 3089.39
1466.23 11918.2 3087.59
1472.52 11918.2 3085.76
1478.81 11918.2 3083.89
1485.10 11918.2 3081.99
1491.39 11918.2 3080.06
1497.68 11918.2 3078.09
1503.97 11918.2 3076.35
1510.26 11918.2 3075.69
1516.55 11918.2 3074.99
1522.84 11918.2 3074.31
1529.12 11918.2 3073.63
1535.41 11918.2 3072.94
1541.70 11918.2 3072.26
1547.99 11918.2 3071.58
1554.28 11918.2 3070.89
1560.57 11918.2 3070.20
1566.86 11918.2 3069.51
1573.15 11918.2 3068.82
573.150 12044.0 3496.68
579.439 12044.0 3496.05
585.729 12044.0 3495.41
592.018 12044.0 3494.77
598.307 12044.0 3494.12
604.597 12044.0 3493.48
610.886 12044.0 3492.83
617.175 12044.0 3492.18
623.464 12044.0 3491.53
629.754 12044.0 3490.88
636.043 12044.0 3490.23
642.332 12044.0 3489.57
648.622 12044.0 3488.91
654.911 12044.0 3488.25
661.200 12044.0 3487.59
667.490 12044.0 3486.92
673.779 12044.0 3486.26
680.068 12044.0 3485.59
686.358 12044.0 3484.92
692.647 12044.0 3484.25
698.936 12044.0 3483.59
705.225 12044.0 3482.92
711.515 12044.0 3482.25
717.804 12044.0 3481.58
724.093 12044.0 3480.92
730.383 12044.0 3480.25
736.672 12044.0 3479.57
742.961 12044.0 3478.89
749.251 12044.0 3478.20
755.540 12044.0 3477.52
761.829 12044.0 3476.84
768.119 12044.0 3476.14
774.408 12044.0 3475.45
780.697 12044.0 3474.75
786.986 12044.0 3461.36
793.276 12044.0 3449.32
799.565 12044.0 3439.42
805.854 12044.0 3430.95
812.144 12044.0 3423.55
818.433 12044.0 3416.89
824.722 12044.0 3410.81
831.012 12044.0 3405.16
837.301 12044.0 3399.86
843.590 12044.0 3394.81
849.880 12044.0 3389.95
856.169 12044.0 3385.22
862.458 12044.0 3380.58
868.747 12044.0 3375.97
875.037 12044.0 3371.35
881.326 12044.0 3366.67
887.615 12044.0 3361.90
893.905 12044.0 3356.95
900.194 12044.0 3351.74
906.483 12044.0 3346.25
912.773 12044.0 3340.32
919.062 12044.0 3333.83
925.351 12044.0 3326.61
931.641 12044.0 3318.41
937.930 12044.0 3308.87
944.219 12044.0 3297.54
950.508 12044.0 3283.88
956.798 12044.0 3282.00
963.087 12044.0 3280.17
969.376 12044.0 3278.37
975.666 12044.0 3276.61
981.955 12044.0 3274.90
988.244 12044.0 3273.21
994.534 12044.0 3271.57
1000.82 12044.0 3269.96
1007.11 12044.0 3268.36
1013.40 12044.0 3266.80
1019.69 12044.0 3265.26
1025.98 12044.0 3263.76
1032.27 12044.0 3262.27
1038.56 12044.0 3260.81
1044.85 12044.0 3259.36
1051.14 12044.0 3257.95
1057.43 12044.0 3256.55
1063.72 12044.0 3255.16
1070.01 12044.0 3253.80
1076.29 12044.0 3252.45
1082.58 12044.0 3251.10
1088.87 12044.0 3249.78
1095.16 12044.0 3248.46
1101.45 12044.0 3247.16
1107.74 12044.0 3245.85
1114.03 12044.0 3244.55
1120.32 12044.0 3243.23
1126.61 12044.0 3241.87
1132.90 12044.0 3240.35
1139.19 12044.0 3239.25
1145.48 12044.0 3238.18
1151.77 12044.0 3237.12
1158.06 12044.0 3236.06
1164.34 12044.0 3235.00
1170.63 12044.0 3233.93
1176.92 12044.0 3232.90
1183.21 12044.0 3231.86
1189.50 12044.0 3230.82
1195.79 12044.0 3229.78
1202.08 12044.0 3228.76
1208.37 12044.0 3227.73
1214.66 12044.0 3226.68
1220.95 12044.0 3225.70
1227.24 12044.0 3224.68
1233.53 12044.0 3223.66
1239.82 12044.0 3222.66
1246.11 12044.0 3221.65
1252.40 12044.0 3220.65
1258.68 12044.0 3215.95
1264.97 12044.0 3208.66
1271.26 12044.0 3200.91
1277.55 12044.0 3192.64
1283.84 12044.0 3183.92
1290.13 12044.0 3174.63
1296.42 12044.0 3164.97
1302.71 12044.0 3154.59
1309.00 12044.0 3143.74
1315.29 12044.0 3132.31
1321.58 12044.0 3122.18
1327.87 12044.0 3121.01
1334.16 12044.0 3119.83
1340.45 12044.0 3118.62
1346.73 12044.0 3117.39
1353.02 12044.0 3116.14
1359.31 12044.0 3114.85
1365.60 12044.0 3113.55
1371.89 12044.0 3112.22
1378.18 12044.0 3110.87
1384.47 12044.0 3109.47
1390.76 12044.0 3108.06
1397.05 12044.0 3106.63
1403.34 12044.0 3105.15
1409.63 12044.0 3103.65
1415.92 12044.0 3102.12
1422.21 12044.0 3100.56
1428.50 12044.0 3098.98
1434.79 12044.0 3097.35
1441.07 12044.0 3095.70
1447.36 12044.0 3094.02
1453.65 12044.0 3092.31
1459.94 12044.0 3090.56
1466.23 12044.0 3088.79
1472.52 12044.0 3086.98
1478.81 12044.0 3085.13
1485.10 12044.0 3083.26
1491.39 12044.0 3081.36
1497.68 12044.0 3079.42
1503.97 12044.0 3077.44
1510.26 12044.0 3076.18
1516.55 12044.0 3075.50
1522.84 12044.0 3074.82
1529.12 12044.0 3074.14
1535.41 12044.0 3073.45
1541.70 12044.0 3072.77
1547.99 12044.0 3072.09
1554.28 12044.0 3071.40
1560.57 12044.0 3070.71
1566.86 12044.0 3070.03
1573.15 12044.0 3069.34
573.150 12169.8 3497.07
579.439 12169.8 3496.43
585.729 12169.8 3495.79
592.018 12169.8 3495.15
598.307 12169.8 3494.51
604.597 12169.8 3493.87
610.886 12169.8 3493.22
617.175 12169.8 3492.57
623.464 12169.8 3491.92
629.754 12169.8 3491.27
636.043 12169.8 3490.62
642.332 12169.8 3489.96
648.622 12169.8 3489.30
654.911 12169.8 3488.64
661.200 12169.8 3487.98
667.490 12169.8 3487.32
673.779 12169.8 3486.65
680.068 12169.8 3485.98
686.358 12169.8 3485.31
692.647 12169.8 3484.64
698.936 12169.8 3483.98
705.225 12169.8 3483.32
711.515 12169.8 3482.65
717.804 12169.8 3481.99
724.093 12169.8 3481.31
730.383 12169.8 3480.64
736.672 12169.8 3479.96
742.961 12169.8 3479.29
749.251 12169.8 3478.61
755.540 12169.8 3477.92
761.829 12169.8 3477.24
768.119 12169.8 3476.55
774.408 12169.8 3475.85
780.697 12169.8 3475.17
786.986 12169.8 3474.46
793.276 12169.8 3467.04
799.565 12169.8 3454.06
805.854 12169.8 3443.49
812.144 12169.8 3434.53
818.433 12169.8 3426.70
824.722 12169.8 3419.71
831.012 12169.8 3413.35
837.301 12169.8 3407.45
843.590 12169.8 3401.93
849.880 12169.8 3396.69
856.169 12169.8 3391.66
862.458 12169.8 3386.76
868.747 12169.8 3381.97
875.037 12169.8 3377.23
881.326 12169.8 3372.46
887.615 12169.8 3367.65
893.905 12169.8 3362.73
900.194 12169.8 3357.58
906.483 12169.8 3352.33
912.773 12169.8 3346.63
919.062 12169.8 3340.54
925.351 12169.8 3333.83
931.641 12169.8 3326.39
937.930 12169.8 3317.87
944.219 12169.8 3307.99
950.508 12169.8 3296.25
956.798 12169.8 3285.14
963.087 12169.8 3283.26
969.376 12169.8 3281.41
975.666 12169.8 3279.62
981.955 12169.8 3277.82
988.244 12169.8 3276.06
994.534 12169.8 3274.36
1000.82 12169.8 3272.69
1007.11 12169.8 3271.06
1013.40 12169.8 3269.44
1019.69 12169.8 3267.87
1025.98 12169.8 3266.31
1032.27 12169.8 3264.79
1038.56 12169.8 3263.29
1044.85 12169.8 3261.82
1051.14 12169.8 3260.33
1057.43 12169.8 3258.92
1063.72 12169.8 3257.51
1070.01 12169.8 3256.11
1076.29 12169.8 3254.70
1082.58 12169.8 3253.37
1088.87 12169.8 3252.01
1095.16 12169.8 3250.68
1101.45 12169.8 3249.32
1107.74 12169.8 3248.01
1114.03 12169.8 3246.70
1120.32 12169.8 3245.37
1126.61 12169.8 3244.01
1132.90 12169.8 3242.56
1139.19 12169.8 3241.22
1145.48 12169.8 3240.14
1151.77 12169.8 3239.05
1158.06 12169.8 3237.98
1164.34 12169.8 3236.93
1170.63 12169.8 3235.85
1176.92 12169.8 3234.78
1183.21 12169.8 3233.74
1189.50 12169.8 3232.69
1195.79 12169.8 3231.64
1202.08 12169.8 3230.60
1208.37 12169.8 3229.56
1214.66 12169.8 3228.54
1220.95 12169.8 3227.52
1227.24 12169.8 3226.49
1233.53 12169.8 3225.47
1239.82 12169.8 3224.46
1246.11 12169.8 3223.44
1252.40 12169.8 3222.43
1258.68 12169.8 3221.42
1264.97 12169.8 3220.41
1271.26 12169.8 3214.80
1277.55 12169.8 3207.47
1283.84 12169.8 3199.71
1290.13 12169.8 3191.57
1296.42 12169.8 3182.80
1302.71 12169.8 3173.72
1309.00 12169.8 3163.99
1315.29 12169.8 3153.81
1321.58 12169.8 3142.89
1327.87 12169.8 3131.55
1334.16 12169.8 3120.61
1340.45 12169.8 3119.41
1346.73 12169.8 3118.20
1353.02 12169.8 3116.96
1359.31 12169.8 3115.69
1365.60 12169.8 3114.41
1371.89 12169.8 3113.09
1378.18 12169.8 3111.75
1384.47 12169.8 3110.38
1390.76 12169.8 3108.99
1397.05 12169.8 3107.57
1403.34 12169.8 3106.11
1409.63 12169.8 3104.63
1415.92 12169.8 3103.12
1422.21 12169.8 3101.59
1428.50 12169.8 3100.02
1434.79 12169.8 3098.42
1441.07 12169.8 3096.79
1447.36 12169.8 3095.13
1453.65 12169.8 3093.44
1459.94 12169.8 3091.72
1466.23 12169.8 3089.97
1472.52 12169.8 3088.18
1478.81 12169.8 3086.36
1485.10 12169.8 3084.52
1491.39 12169.8 3082.64
1497.68 12169.8 3080.71
1503.97 12169.8 3078.77
1510.26 12169.8 3076.78
1516.55 12169.8 3076.01
1522.84 12169.8 3075.33
1529.12 12169.8 3074.65
1535.41 12169.8 3073.96
1541.70 12169.8 3073.28
1547.99 12169.8 3072.60
1554.28 12169.8 3071.91
1560.57 12169.8 3071.22
1566.86 12169.8 3070.54
1573.15 12169.8 3069.85
573.150 12295.6 3497.45
579.439 12295.6 3496.81
585.729 12295.6 3496.17
592.018 12295.6 3495.54
598.307 12295.6 3494.90
604.597 12295.6 3494.25
610.886 12295.6 3493.61
617.175 12295.6 3492.96
623.464 12295.6 3492.31
629.754 12295.6 3491.66
636.043 12295.6 3491.00
642.332 12295.6 3490.35
648.622 12295.6 3489.69
654.911 12295.6 3489.03
661.200 12295.6 3488.37
667.490 12295.6 3487.71
673.779 12295.6 3487.04
680.068 12295.6 3486.37
686.358 12295.6 3485.71
692.647 12295.6 3485.03
698.936 12295.6 3484.38
705.225 12295.6 3483.71
711.515 12295.6 3483.03
717.804 12295.6 3482.38
724.093 12295.6 3481.71
730.383 12295.6 3481.04
736.672 12295.6 3480.37
742.961 12295.6 3479.68
749.251 12295.6 3479.01
755.540 12295.6 3478.34
761.829 12295.6 3477.64
768.119 12295.6 3476.96
774.408 12295.6 3476.26
780.697 12295.6 3475.56
786.986 12295.6 3474.86
793.276 12295.6 3474.17
799.565 12295.6 3472.96
805.854 12295.6 3458.92
812.144 12295.6 3447.69
818.433 12295.6 3438.19
824.722 12295.6 3429.91
831.012 12295.6 3422.59
837.301 12295.6 3415.93
843.590 12295.6 3409.79
849.880 12295.6 3404.05
856.169 12295.6 3398.61
862.458 12295.6 3393.40
868.747 12295.6 3388.35
875.037 12295.6 3383.40
881.326 12295.6 3378.50
887.615 12295.6 3373.60
893.905 12295.6 3368.65
900.194 12295.6 3363.57
906.483 12295.6 3358.35
912.773 12295.6 3352.85
919.062 12295.6 3347.03
925.351 12295.6 3340.75
931.641 12295.6 3333.83
937.930 12295.6 3326.11
944.219 12295.6 3317.32
950.508 12295.6 3307.10
956.798 12295.6 3294.91
963.087 12295.6 3286.47
969.376 12295.6 3284.50
975.666 12295.6 3282.64
981.955 12295.6 3280.81
988.244 12295.6 3279.00
994.534 12295.6 3277.24
1000.82 12295.6 3275.53
1007.11 12295.6 3273.83
1013.40 12295.6 3272.18
1019.69 12295.6 3270.55
1025.98 12295.6 3268.96
1032.27 12295.6 3267.38
1038.56 12295.6 3265.84
1044.85 12295.6 3264.33
1051.14 12295.6 3262.81
1057.43 12295.6 3261.37
1063.72 12295.6 3259.92
1070.01 12295.6 3258.48
1076.29 12295.6 3257.07
1082.58 12295.6 3255.68
1088.87 12295.6 3254.29
1095.16 12295.6 3252.93
1101.45 12295.6 3251.57
1107.74 12295.6 3250.23
1114.03 12295.6 3248.88
1120.32 12295.6 3247.55
1126.61 12295.6 3246.20
1132.90 12295.6 3244.79
1139.19 12295.6 3243.24
1145.48 12295.6 3242.14
1151.77 12295.6 3241.04
1158.06 12295.6 3239.94
1164.34 12295.6 3238.86
1170.63 12295.6 3237.79
1176.92 12295.6 3236.71
1183.21 12295.6 3235.65
1189.50 12295.6 3234.59
1195.79 12295.6 3233.54
1202.08 12295.6 3232.51
1208.37 12295.6 3231.44
1214.66 12295.6 3230.41
1220.95 12295.6 3229.37
1227.24 12295.6 3228.34
1233.53 12295.6 3227.31
1239.82 12295.6 3226.28
1246.11 12295.6 3225.25
1252.40 12295.6 3224.25
1258.68 12295.6 3223.23
1264.97 12295.6 3222.22
1271.26 12295.6 3221.20
1277.55 12295.6 3220.20
1283.84 12295.6 3213.59
1290.13 12295.6 3206.34
1296.42 12295.6 3198.57
1302.71 12295.6 3190.48
1309.00 12295.6 3181.80
1315.29 12295.6 3172.71
1321.58 12295.6 3163.05
1327.87 12295.6 3152.88
1334.16 12295.6 3142.17
1340.45 12295.6 3130.83
1346.73 12295.6 3118.99
1353.02 12295.6 3117.77
1359.31 12295.6 3116.52
1365.60 12295.6 3115.25
1371.89 12295.6 3113.95
1378.18 12295.6 3112.63
1384.47 12295.6 3111.27
1390.76 12295.6 3109.90
1397.05 12295.6 3108.50
1403.34 12295.6 3107.06
1409.63 12295.6 3105.60
1415.92 12295.6 3104.11
1422.21 12295.6 3102.59
1428.50 12295.6 3101.04
1434.79 12295.6 3099.47
1441.07 12295.6 3097.86
1447.36 12295.6 3096.22
1453.65 12295.6 3094.55
1459.94 12295.6 3092.86
1466.23 12295.6 3091.13
1472.52 12295.6 3089.36
1478.81 12295.6 3087.57
1485.10 12295.6 3085.75
1491.39 12295.6 3083.89
1497.68 12295.6 3082.00
1503.97 12295.6 3080.08
1510.26 12295.6 3078.11
1516.55 12295.6 3076.51
1522.84 12295.6 3075.83
1529.12 12295.6 3075.15
1535.41 12295.6 3074.47
1541.70 12295.6 3073.79
1547.99 12295.6 3073.11
1554.28 12295.6 3072.42
1560.57 12295.6 3071.74
1566.86 12295.6 3071.05
1573.15 12295.6 3070.37
573.150 12421.4 3497.83
579.439 12421.4 3497.20
585.729 12421.4 3496.56
592.018 12421.4 3495.92
598.307 12421.4 3495.28
604.597 12421.4 3494.64
610.886 12421.4 3493.99
617.175 12421.4 3493.35
623.464 12421.4 3492.70
629.754 12421.4 3492.05
636.043 12421.4 3491.39
642.332 12421.4 3490.74
648.622 12421.4 3490.08
654.911 12421.4 3489.42
661.200 12421.4 3488.76
667.490 12421.4 3488.10
673.779 12421.4 3487.43
680.068 12421.4 3486.77
686.358 12421.4 3486.10
692.647 12421.4 3485.43
698.936 12421.4 3484.77
705.225 12421.4 3484.11
711.515 12421.4 3483.44
717.804 12421.4 3482.78
724.093 12421.4 3482.11
730.383 12421.4 3481.44
736.672 12421.4 3480.76
742.961 12421.4 3480.09
749.251 12421.4 3479.41
755.540 12421.4 3478.73
761.829 12421.4 3478.05
768.119 12421.4 3477.36
774.408 12421.4 3476.67
780.697 12421.4 3475.97
786.986 12421.4 3475.26
793.276 12421.4 3474.57
799.565 12421.4 3473.87
805.854 12421.4 3473.15
812.144 12421.4 3464.07
818.433 12421.4 3452.03
824.722 12421.4 3441.96
831.012 12421.4 3433.26
837.301 12421.4 3425.55
843.590 12421.4 3418.59
849.880 12421.4 3412.19
856.169 12421.4 3406.22
862.458 12421.4 3400.57
868.747 12421.4 3395.18
875.037 12421.4 3389.95
881.326 12421.4 3384.84
887.615 12421.4 3379.80
893.905 12421.4 3374.75
900.194 12421.4 3369.67
906.483 12421.4 3364.43
912.773 12421.4 3359.04
919.062 12421.4 3353.40
925.351 12421.4 3347.40
931.641 12421.4 3340.92
937.930 12421.4 3333.80
944.219 12421.4 3325.85
950.508 12421.4 3316.74
956.798 12421.4 3306.23
963.087 12421.4 3293.50
969.376 12421.4 3287.76
975.666 12421.4 3285.81
981.955 12421.4 3283.90
988.244 12421.4 3282.04
994.534 12421.4 3280.22
1000.82 12421.4 3278.43
1007.11 12421.4 3276.69
1013.40 12421.4 3274.98
1019.69 12421.4 3273.31
1025.98 12421.4 3271.67
1032.27 12421.4 3270.05
1038.56 12421.4 3268.47
1044.85 12421.4 3266.91
1051.14 12421.4 3265.39
1057.43 12421.4 3263.87
1063.72 12421.4 3262.39
1070.01 12421.4 3260.91
1076.29 12421.4 3259.48
1082.58 12421.4 3258.05
1088.87 12421.4 3256.63
1095.16 12421.4 3255.24
1101.45 12421.4 3253.86
1107.74 12421.4 3252.50
1114.03 12421.4 3251.13
1120.32 12421.4 3249.77
1126.61 12421.4 3248.41
1132.90 12421.4 3247.02
1139.19 12421.4 3245.50
1145.48 12421.4 3244.17
1151.77 12421.4 3243.06
1158.06 12421.4 3241.95
1164.34 12421.4 3240.86
1170.63 12421.4 3239.76
1176.92 12421.4 3238.68
1183.21 12421.4 3237.60
1189.50 12421.4 3236.52
1195.79 12421.4 3235.47
1202.08 12421.4 3234.41
1208.37 12421.4 3233.34
1214.66 12421.4 3232.29
1220.95 12421.4 3231.25
1227.24 12421.4 3230.21
1233.53 12421.4 3229.18
1239.82 12421.4 3228.13
1246.11 12421.4 3227.11
1252.40 12421.4 3226.10
1258.68 12421.4 3225.07
1264.97 12421.4 3224.04
1271.26 12421.4 3223.02
1277.55 12421.4 3221.99
1283.84 12421.4 3220.96
1290.13 12421.4 3219.35
1296.42 12421.4 3212.45
1302.71 12421.4 3205.18
1309.00 12421.4 3197.47
1315.29 12421.4 3189.35
1321.58 12421.4 3180.79
1327.87 12421.4 3171.76
1334.16 12421.4 3162.16
1340.45 12421.4 3151.94
1346.73 12421.4 3141.34
1353.02 12421.4 3130.14
1359.31 12421.4 3118.32
1365.60 12421.4 3116.08
1371.89 12421.4 3114.80
1378.18 12421.4 3113.49
1384.47 12421.4 3112.15
1390.76 12421.4 3110.80
1397.05 12421.4 3109.41
1403.34 12421.4 3107.99
1409.63 12421.4 3106.55
1415.92 12421.4 3105.09
1422.21 12421.4 3103.58
1428.50 12421.4 3102.06
1434.79 12421.4 3100.51
1441.07 12421.4 3098.92
1447.36 12421.4 3097.30
1453.65 12421.4 3095.66
1459.94 12421.4 3093.98
1466.23 12421.4 3092.27
1472.52 12421.4 3090.54
1478.81 12421.4 3088.77
1485.10 12421.4 3086.96
1491.39 12421.4 3085.13
1497.68 12421.4 3083.26
1503.97 12421.4 3081.37
1510.26 12421.4 3079.44
1516.55 12421.4 3077.47
1522.84 12421.4 3076.34
1529.12 12421.4 3075.66
1535.41 12421.4 3074.98
1541.70 12421.4 3074.30
1547.99 12421.4 3073.62
1554.28 12421.4 3072.93
1560.57 12421.4 3072.25
1566.86 12421.4 3071.56
1573.15 12421.4 3070.88
573.150 12547.2 3498.21
579.439 12547.2 3497.58
585.729 12547.2 3496.95
592.018 12547.2 3496.31
598.307 12547.2 3495.67
604.597 12547.2 3495.02
610.886 12547.2 3494.38
617.175 12547.2 3493.73
623.464 12547.2 3493.08
629.754 12547.2 3492.44
636.043 12547.2 3491.78
642.332 12547.2 3491.13
648.622 12547.2 3490.47
654.911 12547.2 3489.82
661.200 12547.2 3489.15
667.490 12547.2 3488.49
673.779 12547.2 3487.83
680.068 12547.2 3487.16
686.358 12547.2 3486.49
692.647 12547.2 3485.82
698.936 12547.2 3485.17
705.225 12547.2 3484.50
711.515 12547.2 3483.83
717.804 12547.2 3483.18
724.093 12547.2 3482.51
730.383 12547.2 3481.84
736.672 12547.2 3481.17
742.961 12547.2 3480.49
749.251 12547.2 3479.81
755.540 12547.2 3479.13
761.829 12547.2 3478.45
768.119 12547.2 3477.76
774.408 12547.2 3477.07
780.697 12547.2 3476.39
786.986 12547.2 3475.69
793.276 12547.2 3474.99
799.565 12547.2 3474.28
805.854 12547.2 3473.57
812.144 12547.2 3472.85
818.433 12547.2 3469.32
824.722 12547.2 3456.49
831.012 12547.2 3445.83
837.301 12547.2 3436.66
843.590 12547.2 3428.58
849.880 12547.2 3421.30
856.169 12547.2 3414.63
862.458 12547.2 3408.42
868.747 12547.2 3402.57
875.037 12547.2 3396.98
881.326 12547.2 3391.58
887.615 12547.2 3386.32
893.905 12547.2 3381.11
900.194 12547.2 3375.90
906.483 12547.2 3370.65
912.773 12547.2 3365.29
919.062 12547.2 3359.74
925.351 12547.2 3353.93
931.641 12547.2 3347.77
937.930 12547.2 3341.10
944.219 12547.2 3333.76
950.508 12547.2 3325.52
956.798 12547.2 3316.17
963.087 12547.2 3305.10
969.376 12547.2 3292.06
975.666 12547.2 3289.09
981.955 12547.2 3287.10
988.244 12547.2 3285.22
994.534 12547.2 3283.30
1000.82 12547.2 3281.45
1007.11 12547.2 3279.65
1013.40 12547.2 3277.89
1019.69 12547.2 3276.15
1025.98 12547.2 3274.46
1032.27 12547.2 3272.80
1038.56 12547.2 3271.16
1044.85 12547.2 3269.55
1051.14 12547.2 3268.00
1057.43 12547.2 3266.44
1063.72 12547.2 3264.92
1070.01 12547.2 3263.42
1076.29 12547.2 3261.94
1082.58 12547.2 3260.48
1088.87 12547.2 3259.04
1095.16 12547.2 3257.61
1101.45 12547.2 3256.20
1107.74 12547.2 3254.81
1114.03 12547.2 3253.45
1120.32 12547.2 3252.04
1126.61 12547.2 3250.66
1132.90 12547.2 3249.27
1139.19 12547.2 3247.82
1145.48 12547.2 3246.25
1151.77 12547.2 3245.12
1158.06 12547.2 3244.00
1164.34 12547.2 3242.88
1170.63 12547.2 3241.78
1176.92 12547.2 3240.68
1183.21 12547.2 3239.59
1189.50 12547.2 3238.50
1195.79 12547.2 3237.44
1202.08 12547.2 3236.39
1208.37 12547.2 3235.29
1214.66 12547.2 3234.23
1220.95 12547.2 3233.16
1227.24 12547.2 3232.12
1233.53 12547.2 3231.07
1239.82 12547.2 3230.04
1246.11 12547.2 3228.99
1252.40 12547.2 3227.96
1258.68 12547.2 3226.94
1264.97 12547.2 3225.90
1271.26 12547.2 3224.88
1277.55 12547.2 3223.86
1283.84 12547.2 3222.83
1290.13 12547.2 3221.81
1296.42 12547.2 3220.81
1302.71 12547.2 3217.72
1309.00 12547.2 3211.30
1315.29 12547.2 3203.99
1321.58 12547.2 3196.36
1327.87 12547.2 3188.19
1334.16 12547.2 3179.69
1340.45 12547.2 3170.75
1346.73 12547.2 3161.11
1353.02 12547.2 3151.10
1359.31 12547.2 3140.52
1365.60 12547.2 3129.34
1371.89 12547.2 3117.63
1378.18 12547.2 3114.35
1384.47 12547.2 3113.03
1390.76 12547.2 3111.69
1397.05 12547.2 3110.31
1403.34 12547.2 3108.92
1409.63 12547.2 3107.49
1415.92 12547.2 3106.04
1422.21 12547.2 3104.57
1428.50 12547.2 3103.06
1434.79 12547.2 3101.52
1441.07 12547.2 3099.96
1447.36 12547.2 3098.36
1453.65 12547.2 3096.74
1459.94 12547.2 3095.08
1466.23 12547.2 3093.40
1472.52 12547.2 3091.69
1478.81 12547.2 3089.94
1485.10 12547.2 3088.16
1491.39 12547.2 3086.35
1497.68 12547.2 3084.51
1503.97 12547.2 3082.65
1510.26 12547.2 3080.73
1516.55 12547.2 3078.79
1522.84 12547.2 3076.85
1529.12 12547.2 3076.13
1535.41 12547.2 3075.52
1541.70 12547.2 3074.81
1547.99 12547.2 3074.13
1554.28 12547.2 3073.44
1560.57 12547.2 3072.76
1566.86 12547.2 3072.08
1573.15 12547.2 3071.39
573.150 12673.0 3498.60
579.439 12673.0 3497.97
585.729 12673.0 3497.33
592.018 12673.0 3496.69
598.307 12673.0 3496.05
604.597 12673.0 3495.41
610.886 12673.0 3494.76
617.175 12673.0 3494.12
623.464 12673.0 3493.47
629.754 12673.0 3492.82
636.043 12673.0 3492.17
642.332 12673.0 3491.52
648.622 12673.0 3490.86
654.911 12673.0 3490.20
661.200 12673.0 3489.54
667.490 12673.0 3488.88
673.779 12673.0 3488.22
680.068 12673.0 3487.55
686.358 12673.0 3486.89
692.647 12673.0 3486.22
698.936 12673.0 3485.56
705.225 12673.0 3484.89
711.515 12673.0 3484.23
717.804 12673.0 3483.57
724.093 12673.0 3482.90
730.383 12673.0 3482.24
736.672 12673.0 3481.56
742.961 12673.0 3480.89
749.251 12673.0 3480.21
755.540 12673.0 3479.54
761.829 12673.0 3478.87
768.119 12673.0 3478.17
774.408 12673.0 3477.48
780.697 12673.0 3476.79
786.986 12673.0 3476.09
793.276 12673.0 3475.39
799.565 12673.0 3474.69
805.854 12673.0 3473.98
812.144 12673.0 3473.27
818.433 12673.0 3472.56
824.722 12673.0 3471.82
831.012 12673.0 3461.09
837.301 12673.0 3449.81
843.590 12673.0 3440.16
849.880 12673.0 3431.69
856.169 12673.0 3424.08
862.458 12673.0 3417.13
868.747 12673.0 3410.68
875.037 12673.0 3404.61
881.326 12673.0 3398.83
887.615 12673.0 3393.26
893.905 12673.0 3387.82
900.194 12673.0 3382.42
906.483 12673.0 3377.09
912.773 12673.0 3371.69
919.062 12673.0 3366.19
925.351 12673.0 3360.48
931.641 12673.0 3354.50
937.930 12673.0 3348.12
944.219 12673.0 3341.22
950.508 12673.0 3333.72
956.798 12673.0 3325.24
963.087 12673.0 3315.48
969.376 12673.0 3304.08
975.666 12673.0 3292.49
981.955 12673.0 3290.44
988.244 12673.0 3288.43
994.534 12673.0 3286.48
1000.82 12673.0 3284.56
1007.11 12673.0 3282.70
1013.40 12673.0 3280.88
1019.69 12673.0 3279.04
1025.98 12673.0 3277.33
1032.27 12673.0 3275.64
1038.56 12673.0 3273.95
1044.85 12673.0 3272.30
1051.14 12673.0 3270.68
1057.43 12673.0 3269.09
1063.72 12673.0 3267.52
1070.01 12673.0 3265.98
1076.29 12673.0 3264.49
1082.58 12673.0 3262.97
1088.87 12673.0 3261.50
1095.16 12673.0 3260.05
1101.45 12673.0 3258.60
1107.74 12673.0 3257.18
1114.03 12673.0 3255.77
1120.32 12673.0 3254.36
1126.61 12673.0 3252.98
1132.90 12673.0 3251.57
1139.19 12673.0 3250.14
1145.48 12673.0 3248.52
1151.77 12673.0 3247.23
1158.06 12673.0 3246.08
1164.34 12673.0 3244.96
1170.63 12673.0 3243.84
1176.92 12673.0 3242.72
1183.21 12673.0 3241.62
1189.50 12673.0 3240.52
1195.79 12673.0 3239.43
1202.08 12673.0 3238.33
1208.37 12673.0 3237.28
1214.66 12673.0 3236.20
1220.95 12673.0 3235.12
1227.24 12673.0 3234.07
1233.53 12673.0 3233.00
1239.82 12673.0 3231.95
1246.11 12673.0 3230.91
1252.40 12673.0 3229.86
1258.68 12673.0 3228.82
1264.97 12673.0 3227.79
1271.26 12673.0 3226.75
1277.55 12673.0 3225.72
1283.84 12673.0 3224.69
1290.13 12673.0 3223.67
1296.42 12673.0 3222.65
1302.71 12673.0 3221.62
1309.00 12673.0 3220.61
1315.29 12673.0 3216.86
1321.58 12673.0 3210.03
1327.87 12673.0 3202.79
1334.16 12673.0 3195.20
1340.45 12673.0 3187.17
1346.73 12673.0 3178.63
1353.02 12673.0 3169.67
1359.31 12673.0 3160.17
1365.60 12673.0 3150.24
1371.89 12673.0 3139.74
1378.18 12673.0 3128.68
1384.47 12673.0 3117.03
1390.76 12673.0 3112.56
1397.05 12673.0 3111.21
1403.34 12673.0 3109.83
1409.63 12673.0 3108.43
1415.92 12673.0 3106.98
1422.21 12673.0 3105.53
1428.50 12673.0 3104.05
1434.79 12673.0 3102.53
1441.07 12673.0 3100.98
1447.36 12673.0 3099.41
1453.65 12673.0 3097.81
1459.94 12673.0 3096.17
1466.23 12673.0 3094.51
1472.52 12673.0 3092.82
1478.81 12673.0 3091.09
1485.10 12673.0 3089.34
1491.39 12673.0 3087.55
1497.68 12673.0 3085.74
1503.97 12673.0 3083.89
1510.26 12673.0 3082.01
1516.55 12673.0 3080.09
1522.84 12673.0 3078.14
1529.12 12673.0 3076.68
1535.41 12673.0 3076.00
1541.70 12673.0 3075.31
1547.99 12673.0 3074.63
1554.28 12673.0 3073.95
1560.57 12673.0 3073.27
1566.86 12673.0 3072.59
1573.15 12673.0 3071.90
573.150 12798.7 3498.98
579.439 12798.7 3498.35
585.729 12798.7 3497.71
592.018 12798.7 3497.08
598.307 12798.7 3496.43
604.597 12798.7 3495.79
610.886 12798.7 3495.15
617.175 12798.7 3494.51
623.464 12798.7 3493.86
629.754 12798.7 3493.21
636.043 12798.7 3492.56
642.332 12798.7 3491.91
648.622 12798.7 3491.25
654.911 12798.7 3490.59
661.200 12798.7 3489.93
667.490 12798.7 3489.27
673.779 12798.7 3488.61
680.068 12798.7 3487.95
686.358 12798.7 3487.28
692.647 12798.7 3486.61
698.936 12798.7 3485.95
705.225 12798.7 3485.29
711.515 12798.7 3484.63
717.804 12798.7 3483.97
724.093 12798.7 3483.30
730.383 12798.7 3482.63
736.672 12798.7 3481.97
742.961 12798.7 3481.29
749.251 12798.7 3480.62
755.540 12798.7 3479.94
761.829 12798.7 3479.26
768.119 12798.7 3478.57
774.408 12798.7 3477.89
780.697 12798.7 3477.19
786.986 12798.7 3476.50
793.276 12798.7 3475.80
799.565 12798.7 3475.09
805.854 12798.7 3474.39
812.144 12798.7 3473.73
818.433 12798.7 3472.97
824.722 12798.7 3472.25
831.012 12798.7 3471.52
837.301 12798.7 3465.83
843.590 12798.7 3453.90
849.880 12798.7 3443.75
856.169 12798.7 3434.87
862.458 12798.7 3426.93
868.747 12798.7 3419.69
875.037 12798.7 3412.99
881.326 12798.7 3406.70
887.615 12798.7 3400.71
893.905 12798.7 3394.95
900.194 12798.7 3389.36
906.483 12798.7 3383.81
912.773 12798.7 3378.30
919.062 12798.7 3372.74
925.351 12798.7 3367.07
931.641 12798.7 3361.21
937.930 12798.7 3355.05
944.219 12798.7 3348.53
950.508 12798.7 3341.46
956.798 12798.7 3333.65
963.087 12798.7 3324.86
969.376 12798.7 3314.79
975.666 12798.7 3302.99
981.955 12798.7 3293.89
988.244 12798.7 3291.81
994.534 12798.7 3289.77
1000.82 12798.7 3287.80
1007.11 12798.7 3285.88
1013.40 12798.7 3283.97
1019.69 12798.7 3282.13
1025.98 12798.7 3280.32
1032.27 12798.7 3278.55
1038.56 12798.7 3276.80
1044.85 12798.7 3275.12
1051.14 12798.7 3273.45
1057.43 12798.7 3271.82
1063.72 12798.7 3270.20
1070.01 12798.7 3268.63
1076.29 12798.7 3267.06
1082.58 12798.7 3265.54
1088.87 12798.7 3264.02
1095.16 12798.7 3262.53
1101.45 12798.7 3261.07
1107.74 12798.7 3259.62
1114.03 12798.7 3258.17
1120.32 12798.7 3256.74
1126.61 12798.7 3255.33
1132.90 12798.7 3253.91
1139.19 12798.7 3252.45
1145.48 12798.7 3250.97
1151.77 12798.7 3249.38
1158.06 12798.7 3248.22
1164.34 12798.7 3247.07
1170.63 12798.7 3245.92
1176.92 12798.7 3244.81
1183.21 12798.7 3243.69
1189.50 12798.7 3242.57
1195.79 12798.7 3241.47
1202.08 12798.7 3240.37
1208.37 12798.7 3239.28
1214.66 12798.7 3238.20
1220.95 12798.7 3237.11
1227.24 12798.7 3236.02
1233.53 12798.7 3234.97
1239.82 12798.7 3233.91
1246.11 12798.7 3232.85
1252.40 12798.7 3231.80
1258.68 12798.7 3230.75
1264.97 12798.7 3229.71
1271.26 12798.7 3228.66
1277.55 12798.7 3227.63
1283.84 12798.7 3226.60
1290.13 12798.7 3225.55
1296.42 12798.7 3224.53
1302.71 12798.7 3223.51
1309.00 12798.7 3222.48
1315.29 12798.7 3221.46
1321.58 12798.7 3220.43
1327.87 12798.7 3215.72
1334.16 12798.7 3208.80
1340.45 12798.7 3201.64
1346.73 12798.7 3194.03
1353.02 12798.7 3185.91
1359.31 12798.7 3177.50
1365.60 12798.7 3168.64
1371.89 12798.7 3159.19
1378.18 12798.7 3149.36
1384.47 12798.7 3138.88
1390.76 12798.7 3127.79
1397.05 12798.7 3116.32
1403.34 12798.7 3110.73
1409.63 12798.7 3109.34
1415.92 12798.7 3107.93
1422.21 12798.7 3106.48
1428.50 12798.7 3105.02
1434.79 12798.7 3103.52
1441.07 12798.7 3102.00
1447.36 12798.7 3100.44
1453.65 12798.7 3098.86
1459.94 12798.7 3097.25
1466.23 12798.7 3095.61
1472.52 12798.7 3093.93
1478.81 12798.7 3092.23
1485.10 12798.7 3090.51
1491.39 12798.7 3088.74
1497.68 12798.7 3086.94
1503.97 12798.7 3085.13
1510.26 12798.7 3083.26
1516.55 12798.7 3081.37
1522.84 12798.7 3079.45
1529.12 12798.7 3077.49
1535.41 12798.7 3076.50
1541.70 12798.7 3075.82
1547.99 12798.7 3075.14
1554.28 12798.7 3074.46
1560.57 12798.7 3073.78
1566.86 12798.7 3073.09
1573.15 12798.7 3072.41
573.150 12924.5 3499.36
579.439 12924.5 3498.73
585.729 12924.5 3498.09
592.018 12924.5 3497.46
598.307 12924.5 3496.82
604.597 12924.5 3496.18
610.886 12924.5 3495.54
617.175 12924.5 3494.89
623.464 12924.5 3494.24
629.754 12924.5 3493.59
636.043 12924.5 3492.94
642.332 12924.5 3492.29
648.622 12924.5 3491.64
654.911 12924.5 3490.98
661.200 12924.5 3490.32
667.490 12924.5 3489.66
673.779 12924.5 3489.00
680.068 12924.5 3488.34
686.358 12924.5 3487.67
692.647 12924.5 3487.01
698.936 12924.5 3486.35
705.225 12924.5 3485.69
711.515 12924.5 3485.02
717.804 12924.5 3484.36
724.093 12924.5 3483.70
730.383 12924.5 3483.04
736.672 12924.5 3482.36
742.961 12924.5 3481.69
749.251 12924.5 3481.02
755.540 12924.5 3480.35
761.829 12924.5 3479.66
768.119 12924.5 3478.98
774.408 12924.5 3478.28
780.697 12924.5 3477.60
786.986 12924.5 3476.90
793.276 12924.5 3476.21
799.565 12924.5 3475.51
805.854 12924.5 3474.81
812.144 12924.5 3474.10
818.433 12924.5 3473.38
824.722 12924.5 3472.67
831.012 12924.5 3471.93
837.301 12924.5 3471.20
843.590 12924.5 3470.47
849.880 12924.5 3458.10
856.169 12924.5 3447.43
862.458 12924.5 3438.13
868.747 12924.5 3429.84
875.037 12924.5 3422.31
881.326 12924.5 3415.35
887.615 12924.5 3408.81
893.905 12924.5 3402.64
900.194 12924.5 3396.68
906.483 12924.5 3390.81
912.773 12924.5 3385.20
919.062 12924.5 3379.53
925.351 12924.5 3373.81
931.641 12924.5 3367.98
937.930 12924.5 3361.95
944.219 12924.5 3355.62
950.508 12924.5 3348.89
956.798 12924.5 3341.61
963.087 12924.5 3333.59
969.376 12924.5 3324.56
975.666 12924.5 3314.13
981.955 12924.5 3301.95
988.244 12924.5 3295.29
994.534 12924.5 3293.20
1000.82 12924.5 3291.14
1007.11 12924.5 3289.14
1013.40 12924.5 3287.18
1019.69 12924.5 3285.26
1025.98 12924.5 3283.39
1032.27 12924.5 3281.57
1038.56 12924.5 3279.77
1044.85 12924.5 3278.03
1051.14 12924.5 3276.30
1057.43 12924.5 3274.62
1063.72 12924.5 3272.98
1070.01 12924.5 3271.31
1076.29 12924.5 3269.74
1082.58 12924.5 3268.17
1088.87 12924.5 3266.62
1095.16 12924.5 3265.10
1101.45 12924.5 3263.59
1107.74 12924.5 3262.10
1114.03 12924.5 3260.64
1120.32 12924.5 3259.18
1126.61 12924.5 3257.73
1132.90 12924.5 3256.29
1139.19 12924.5 3254.85
1145.48 12924.5 3253.38
1151.77 12924.5 3251.66
1158.06 12924.5 3250.45
1164.34 12924.5 3249.23
1170.63 12924.5 3248.08
1176.92 12924.5 3246.93
1183.21 12924.5 3245.80
1189.50 12924.5 3244.66
1195.79 12924.5 3243.55
1202.08 12924.5 3242.44
1208.37 12924.5 3241.33
1214.66 12924.5 3240.23
1220.95 12924.5 3239.14
1227.24 12924.5 3238.05
1233.53 12924.5 3236.98
1239.82 12924.5 3235.90
1246.11 12924.5 3234.82
1252.40 12924.5 3233.78
1258.68 12924.5 3232.71
1264.97 12924.5 3231.66
1271.26 12924.5 3230.61
1277.55 12924.5 3229.56
1283.84 12924.5 3228.53
1290.13 12924.5 3227.48
1296.42 12924.5 3226.45
1302.71 12924.5 3225.41
1309.00 12924.5 3224.38
1315.29 12924.5 3223.34
1321.58 12924.5 3222.30
1327.87 12924.5 3221.27
1334.16 12924.5 3220.29
1340.45 12924.5 3214.46
1346.73 12924.5 3207.60
1353.02 12924.5 3200.45
1359.31 12924.5 3192.82
1365.60 12924.5 3184.80
1371.89 12924.5 3176.47
1378.18 12924.5 3167.61
1384.47 12924.5 3158.21
1390.76 12924.5 3148.33
1397.05 12924.5 3137.97
1403.34 12924.5 3126.96
1409.63 12924.5 3115.48
1415.92 12924.5 3108.85
1422.21 12924.5 3107.43
1428.50 12924.5 3105.97
1434.79 12924.5 3104.49
1441.07 12924.5 3102.99
1447.36 12924.5 3101.46
1453.65 12924.5 3099.90
1459.94 12924.5 3098.30
1466.23 12924.5 3096.68
1472.52 12924.5 3095.04
1478.81 12924.5 3093.36
1485.10 12924.5 3091.65
1491.39 12924.5 3089.91
1497.68 12924.5 3088.14
1503.97 12924.5 3086.33
1510.26 12924.5 3084.50
1516.55 12924.5 3082.64
1522.84 12924.5 3080.74
1529.12 12924.5 3078.81
1535.41 12924.5 3077.01
1541.70 12924.5 3076.33
1547.99 12924.5 3075.65
1554.28 12924.5 3074.97
1560.57 12924.5 3074.29
1566.86 12924.5 3073.61
1573.15 12924.5 3072.92
573.150 13050.3 3499.75
579.439 13050.3 3499.11
585.729 13050.3 3498.48
592.018 13050.3 3497.84
598.307 13050.3 3497.20
604.597 13050.3 3496.56
610.886 13050.3 3495.92
617.175 13050.3 3495.28
623.464 13050.3 3494.63
629.754 13050.3 3493.98
636.043 13050.3 3493.33
642.332 13050.3 3492.68
648.622 13050.3 3492.03
654.911 13050.3 3491.37
661.200 13050.3 3490.71
667.490 13050.3 3490.06
673.779 13050.3 3489.39
680.068 13050.3 3488.73
686.358 13050.3 3488.06
692.647 13050.3 3487.40
698.936 13050.3 3486.74
705.225 13050.3 3486.08
711.515 13050.3 3485.41
717.804 13050.3 3484.76
724.093 13050.3 3484.10
730.383 13050.3 3483.44
736.672 13050.3 3482.76
742.961 13050.3 3482.09
749.251 13050.3 3481.42
755.540 13050.3 3480.74
761.829 13050.3 3480.07
768.119 13050.3 3479.38
774.408 13050.3 3478.70
780.697 13050.3 3478.01
786.986 13050.3 3477.32
793.276 13050.3 3476.63
799.565 13050.3 3475.92
805.854 13050.3 3475.22
812.144 13050.3 3474.52
818.433 13050.3 3473.80
824.722 13050.3 3473.08
831.012 13050.3 3472.36
837.301 13050.3 3471.63
843.590 13050.3 3470.89
849.880 13050.3 3470.15
856.169 13050.3 3462.42
862.458 13050.3 3451.21
868.747 13050.3 3441.48
875.037 13050.3 3432.82
881.326 13050.3 3424.98
887.615 13050.3 3417.76
893.905 13050.3 3411.01
900.194 13050.3 3404.61
906.483 13050.3 3398.46
912.773 13050.3 3392.49
919.062 13050.3 3386.61
925.351 13050.3 3380.77
931.641 13050.3 3374.90
937.930 13050.3 3368.91
944.219 13050.3 3362.69
950.508 13050.3 3356.19
956.798 13050.3 3349.28
963.087 13050.3 3341.77
969.376 13050.3 3333.49
975.666 13050.3 3324.17
981.955 13050.3 3313.39
988.244 13050.3 3300.80
994.534 13050.3 3296.73
1000.82 13050.3 3294.61
1007.11 13050.3 3292.53
1013.40 13050.3 3290.49
1019.69 13050.3 3288.51
1025.98 13050.3 3286.55
1032.27 13050.3 3284.69
1038.56 13050.3 3282.83
1044.85 13050.3 3281.02
1051.14 13050.3 3279.25
1057.43 13050.3 3277.52
1063.72 13050.3 3275.81
1070.01 13050.3 3274.14
1076.29 13050.3 3272.51
1082.58 13050.3 3270.88
1088.87 13050.3 3269.29
1095.16 13050.3 3267.73
1101.45 13050.3 3266.19
1107.74 13050.3 3264.67
1114.03 13050.3 3263.16
1120.32 13050.3 3261.68
1126.61 13050.3 3260.21
1132.90 13050.3 3258.73
1139.19 13050.3 3257.29
1145.48 13050.3 3255.80
1151.77 13050.3 3254.25
1158.06 13050.3 3252.63
1164.34 13050.3 3251.45
1170.63 13050.3 3250.26
1176.92 13050.3 3249.11
1183.21 13050.3 3247.95
1189.50 13050.3 3246.81
1195.79 13050.3 3245.67
1202.08 13050.3 3244.54
1208.37 13050.3 3243.42
1214.66 13050.3 3242.31
1220.95 13050.3 3241.20
1227.24 13050.3 3240.11
1233.53 13050.3 3239.02
1239.82 13050.3 3237.95
1246.11 13050.3 3236.85
1252.40 13050.3 3235.79
1258.68 13050.3 3234.72
1264.97 13050.3 3233.64
1271.26 13050.3 3232.57
1277.55 13050.3 3231.56
1283.84 13050.3 3230.48
1290.13 13050.3 3229.44
1296.42 13050.3 3228.38
1302.71 13050.3 3227.35
1309.00 13050.3 3226.33
1315.29 13050.3 3225.26
1321.58 13050.3 3224.24
1327.87 13050.3 3223.13
1334.16 13050.3 3222.18
1340.45 13050.3 3221.14
1346.73 13050.3 3219.67
1353.02 13050.3 3213.13
1359.31 13050.3 3206.40
1365.60 13050.3 3199.19
1371.89 13050.3 3191.63
1378.18 13050.3 3183.67
1384.47 13050.3 3175.21
1390.76 13050.3 3166.44
1397.05 13050.3 3157.17
1403.34 13050.3 3147.24
1409.63 13050.3 3136.94
1415.92 13050.3 3126.18
1422.21 13050.3 3114.66
1428.50 13050.3 3106.92
1434.79 13050.3 3105.47
1441.07 13050.3 3103.98
1447.36 13050.3 3102.46
1453.65 13050.3 3100.92
1459.94 13050.3 3099.35
1466.23 13050.3 3097.75
1472.52 13050.3 3096.12
1478.81 13050.3 3094.46
1485.10 13050.3 3092.78
1491.39 13050.3 3091.06
1497.68 13050.3 3089.31
1503.97 13050.3 3087.53
1510.26 13050.3 3085.73
1516.55 13050.3 3083.89
1522.84 13050.3 3082.01
1529.12 13050.3 3080.11
1535.41 13050.3 3078.16
1541.70 13050.3 3076.84
1547.99 13050.3 3076.16
1554.28 13050.3 3075.48
1560.57 13050.3 3074.80
1566.86 13050.3 3074.12
1573.15 13050.3 3073.43
573.150 13176.1 3500.13
579.439 13176.1 3499.50
585.729 13176.1 3498.86
592.018 13176.1 3498.22
598.307 13176.1 3497.59
604.597 13176.1 3496.95
610.886 13176.1 3496.31
617.175 13176.1 3495.66
623.464 13176.1 3495.02
629.754 13176.1 3494.37
636.043 13176.1 3493.72
642.332 13176.1 3493.07
648.622 13176.1 3492.41
654.911 13176.1 3491.76
661.200 13176.1 3491.10
667.490 13176.1 3490.45
673.779 13176.1 3489.78
680.068 13176.1 3489.12
686.358 13176.1 3488.45
692.647 13176.1 3487.79
698.936 13176.1 3487.14
705.225 13176.1 3486.47
711.515 13176.1 3485.82
717.804 13176.1 3485.16
724.093 13176.1 3484.49
730.383 13176.1 3483.83
736.672 13176.1 3483.16
742.961 13176.1 3482.49
749.251 13176.1 3481.83
755.540 13176.1 3481.13
761.829 13176.1 3480.47
768.119 13176.1 3479.79
774.408 13176.1 3479.10
780.697 13176.1 3478.42
786.986 13176.1 3477.73
793.276 13176.1 3477.03
799.565 13176.1 3476.32
805.854 13176.1 3475.63
812.144 13176.1 3474.93
818.433 13176.1 3474.21
824.722 13176.1 3473.50
831.012 13176.1 3472.78
837.301 13176.1 3472.05
843.590 13176.1 3471.32
849.880 13176.1 3470.58
856.169 13176.1 3469.87
862.458 13176.1 3466.84
868.747 13176.1 3455.08
875.037 13176.1 3444.90
881.326 13176.1 3435.88
887.615 13176.1 3427.72
893.905 13176.1 3420.22
900.194 13176.1 3413.23
906.483 13176.1 3406.61
912.773 13176.1 3400.27
919.062 13176.1 3394.11
925.351 13176.1 3388.08
931.641 13176.1 3382.08
937.930 13176.1 3376.00
944.219 13176.1 3369.86
950.508 13176.1 3363.47
956.798 13176.1 3356.79
963.087 13176.1 3349.67
969.376 13176.1 3341.96
975.666 13176.1 3333.43
981.955 13176.1 3323.79
988.244 13176.1 3312.66
994.534 13176.1 3300.45
1000.82 13176.1 3298.22
1007.11 13176.1 3296.04
1013.40 13176.1 3293.94
1019.69 13176.1 3291.87
1025.98 13176.1 3289.87
1032.27 13176.1 3287.91
1038.56 13176.1 3286.01
1044.85 13176.1 3284.12
1051.14 13176.1 3282.30
1057.43 13176.1 3280.49
1063.72 13176.1 3278.74
1070.01 13176.1 3277.02
1076.29 13176.1 3275.33
1082.58 13176.1 3273.67
1088.87 13176.1 3272.05
1095.16 13176.1 3270.43
1101.45 13176.1 3268.84
1107.74 13176.1 3267.30
1114.03 13176.1 3265.76
1120.32 13176.1 3264.24
1126.61 13176.1 3262.74
1132.90 13176.1 3261.24
1139.19 13176.1 3259.76
1145.48 13176.1 3258.24
1151.77 13176.1 3256.75
1158.06 13176.1 3254.91
1164.34 13176.1 3253.70
1170.63 13176.1 3252.53
1176.92 13176.1 3251.33
1183.21 13176.1 3250.16
1189.50 13176.1 3249.00
1195.79 13176.1 3247.84
1202.08 13176.1 3246.70
1208.37 13176.1 3245.56
1214.66 13176.1 3244.44
1220.95 13176.1 3243.31
1227.24 13176.1 3242.20
1233.53 13176.1 3241.10
1239.82 13176.1 3240.00
1246.11 13176.1 3238.91
1252.40 13176.1 3237.82
1258.68 13176.1 3236.74
1264.97 13176.1 3235.67
1271.26 13176.1 3234.60
1277.55 13176.1 3233.54
1283.84 13176.1 3232.47
1290.13 13176.1 3231.41
1296.42 13176.1 3230.37
1302.71 13176.1 3229.32
1309.00 13176.1 3228.30
1315.29 13176.1 3227.22
1321.58 13176.1 3226.18
1327.87 13176.1 3225.14
1334.16 13176.1 3224.11
1340.45 13176.1 3223.07
1346.73 13176.1 3222.04
1353.02 13176.1 3221.00
1359.31 13176.1 3218.43
1365.60 13176.1 3211.88
1371.89 13176.1 3205.07
1378.18 13176.1 3197.93
1384.47 13176.1 3190.40
1390.76 13176.1 3182.52
1397.05 13176.1 3174.12
1403.34 13176.1 3165.30
1409.63 13176.1 3156.07
1415.92 13176.1 3146.24
1422.21 13176.1 3135.95
1428.50 13176.1 3125.17
1434.79 13176.1 3113.86
1441.07 13176.1 3104.95
1447.36 13176.1 3103.45
1453.65 13176.1 3101.93
1459.94 13176.1 3100.38
1466.23 13176.1 3098.80
1472.52 13176.1 3097.19
1478.81 13176.1 3095.55
1485.10 13176.1 3093.88
1491.39 13176.1 3092.20
1497.68 13176.1 3090.47
1503.97 13176.1 3088.71
1510.26 13176.1 3086.93
1516.55 13176.1 3085.11
1522.84 13176.1 3083.26
1529.12 13176.1 3081.38
1535.41 13176.1 3079.47
1541.70 13176.1 3077.52
1547.99 13176.1 3076.67
1554.28 13176.1 3075.99
1560.57 13176.1 3075.31
1566.86 13176.1 3074.62
1573.15 13176.1 3073.94
573.150 13301.9 3500.51
579.439 13301.9 3499.88
585.729 13301.9 3499.25
592.018 13301.9 3498.61
598.307 13301.9 3497.97
604.597 13301.9 3497.33
610.886 13301.9 3496.69
617.175 13301.9 3496.05
623.464 13301.9 3495.40
629.754 13301.9 3494.76
636.043 13301.9 3494.11
642.332 13301.9 3493.45
648.622 13301.9 3492.81
654.911 13301.9 3492.15
661.200 13301.9 3491.49
667.490 13301.9 3490.84
673.779 13301.9 3490.17
680.068 13301.9 3489.51
686.358 13301.9 3488.85
692.647 13301.9 3488.19
698.936 13301.9 3487.52
705.225 13301.9 3486.87
711.515 13301.9 3486.21
717.804 13301.9 3485.55
724.093 13301.9 3484.89
730.383 13301.9 3484.22
736.672 13301.9 3483.56
742.961 13301.9 3482.89
749.251 13301.9 3482.21
755.540 13301.9 3481.54
761.829 13301.9 3480.87
768.119 13301.9 3480.19
774.408 13301.9 3479.51
780.697 13301.9 3478.82
786.986 13301.9 3478.13
793.276 13301.9 3477.44
799.565 13301.9 3476.74
805.854 13301.9 3476.04
812.144 13301.9 3475.33
818.433 13301.9 3474.62
824.722 13301.9 3473.91
831.012 13301.9 3473.19
837.301 13301.9 3472.47
843.590 13301.9 3471.73
849.880 13301.9 3471.00
856.169 13301.9 3470.26
862.458 13301.9 3469.51
868.747 13301.9 3468.75
875.037 13301.9 3459.05
881.326 13301.9 3448.41
887.615 13301.9 3439.01
893.905 13301.9 3430.53
900.194 13301.9 3422.75
906.483 13301.9 3415.51
912.773 13301.9 3408.66
919.062 13301.9 3402.12
925.351 13301.9 3395.78
931.641 13301.9 3389.55
937.930 13301.9 3383.36
944.219 13301.9 3377.15
950.508 13301.9 3370.80
956.798 13301.9 3364.24
963.087 13301.9 3357.40
969.376 13301.9 3350.00
975.666 13301.9 3342.09
981.955 13301.9 3333.27
988.244 13301.9 3323.36
994.534 13301.9 3311.81
1000.82 13301.9 3301.98
1007.11 13301.9 3299.72
1013.40 13301.9 3297.53
1019.69 13301.9 3295.38
1025.98 13301.9 3293.26
1032.27 13301.9 3291.25
1038.56 13301.9 3289.26
1044.85 13301.9 3287.33
1051.14 13301.9 3285.44
1057.43 13301.9 3283.58
1063.72 13301.9 3281.78
1070.01 13301.9 3280.00
1076.29 13301.9 3278.27
1082.58 13301.9 3276.54
1088.87 13301.9 3274.87
1095.16 13301.9 3273.23
1101.45 13301.9 3271.60
1107.74 13301.9 3270.00
1114.03 13301.9 3268.40
1120.32 13301.9 3266.88
1126.61 13301.9 3265.34
1132.90 13301.9 3263.82
1139.19 13301.9 3262.30
1145.48 13301.9 3260.79
1151.77 13301.9 3259.26
1158.06 13301.9 3257.66
1164.34 13301.9 3256.03
1170.63 13301.9 3254.80
1176.92 13301.9 3253.60
1183.21 13301.9 3252.41
1189.50 13301.9 3251.24
1195.79 13301.9 3250.08
1202.08 13301.9 3248.89
1208.37 13301.9 3247.74
1214.66 13301.9 3246.60
1220.95 13301.9 3245.45
1227.24 13301.9 3244.34
1233.53 13301.9 3243.21
1239.82 13301.9 3242.11
1246.11 13301.9 3241.01
1252.40 13301.9 3239.89
1258.68 13301.9 3238.82
1264.97 13301.9 3237.74
1271.26 13301.9 3236.66
1277.55 13301.9 3235.57
1283.84 13301.9 3234.50
1290.13 13301.9 3233.44
1296.42 13301.9 3232.36
1302.71 13301.9 3231.31
1309.00 13301.9 3230.25
1315.29 13301.9 3229.21
1321.58 13301.9 3228.16
1327.87 13301.9 3227.11
1334.16 13301.9 3226.06
1340.45 13301.9 3225.03
1346.73 13301.9 3223.99
1353.02 13301.9 3222.95
1359.31 13301.9 3221.91
1365.60 13301.9 3220.87
1371.89 13301.9 3217.09
1378.18 13301.9 3210.63
1384.47 13301.9 3203.78
1390.76 13301.9 3196.68
1397.05 13301.9 3189.20
1403.34 13301.9 3181.12
1409.63 13301.9 3172.89
1415.92 13301.9 3164.15
1422.21 13301.9 3154.96
1428.50 13301.9 3145.05
1434.79 13301.9 3135.00
1441.07 13301.9 3124.35
1447.36 13301.9 3112.91
1453.65 13301.9 3102.93
1459.94 13301.9 3101.39
1466.23 13301.9 3099.84
1472.52 13301.9 3098.25
1478.81 13301.9 3096.62
1485.10 13301.9 3094.99
1491.39 13301.9 3093.31
1497.68 13301.9 3091.61
1503.97 13301.9 3089.88
1510.26 13301.9 3088.11
1516.55 13301.9 3086.32
1522.84 13301.9 3084.49
1529.12 13301.9 3082.63
1535.41 13301.9 3080.74
1541.70 13301.9 3078.82
1547.99 13301.9 3077.17
1554.28 13301.9 3076.49
1560.57 13301.9 3075.81
1566.86 13301.9 3075.13
1573.15 13301.9 3074.45
573.150 13427.7 3500.89
579.439 13427.7 3500.26
585.729 13427.7 3499.63
592.018 13427.7 3498.99
598.307 13427.7 3498.36
604.597 13427.7 3497.72
610.886 13427.7 3497.08
617.175 13427.7 3496.43
623.464 13427.7 3495.79
629.754 13427.7 3495.15
636.043 13427.7 3494.49
642.332 13427.7 3493.85
648.622 13427.7 3493.19
654.911 13427.7 3492.54
661.200 13427.7 3491.88
667.490 13427.7 3491.23
673.779 13427.7 3490.56
680.068 13427.7 3489.91
686.358 13427.7 3489.24
692.647 13427.7 3488.58
698.936 13427.7 3487.93
705.225 13427.7 3487.26
711.515 13427.7 3486.60
717.804 13427.7 3485.95
724.093 13427.7 3485.27
730.383 13427.7 3484.62
736.672 13427.7 3483.96
742.961 13427.7 3483.29
749.251 13427.7 3482.62
755.540 13427.7 3481.95
761.829 13427.7 3481.27
768.119 13427.7 3480.59
774.408 13427.7 3479.91
780.697 13427.7 3479.22
786.986 13427.7 3478.54
793.276 13427.7 3477.85
799.565 13427.7 3477.15
805.854 13427.7 3476.44
812.144 13427.7 3475.75
818.433 13427.7 3475.05
824.722 13427.7 3474.33
831.012 13427.7 3473.61
837.301 13427.7 3472.89
843.590 13427.7 3472.15
849.880 13427.7 3471.42
856.169 13427.7 3470.66
862.458 13427.7 3469.92
868.747 13427.7 3469.19
875.037 13427.7 3468.43
881.326 13427.7 3463.10
887.615 13427.7 3452.00
893.905 13427.7 3442.21
900.194 13427.7 3433.40
906.483 13427.7 3425.33
912.773 13427.7 3417.84
919.062 13427.7 3410.77
925.351 13427.7 3404.01
931.641 13427.7 3397.47
937.930 13427.7 3391.06
944.219 13427.7 3384.71
950.508 13427.7 3378.31
956.798 13427.7 3371.80
963.087 13427.7 3365.08
969.376 13427.7 3357.99
975.666 13427.7 3350.48
981.955 13427.7 3342.28
988.244 13427.7 3333.21
994.534 13427.7 3322.99
1000.82 13427.7 3311.13
1007.11 13427.7 3303.54
1013.40 13427.7 3301.25
1019.69 13427.7 3299.01
1025.98 13427.7 3296.83
1032.27 13427.7 3294.73
1038.56 13427.7 3292.66
1044.85 13427.7 3290.66
1051.14 13427.7 3288.70
1057.43 13427.7 3286.78
1063.72 13427.7 3284.93
1070.01 13427.7 3283.07
1076.29 13427.7 3281.31
1082.58 13427.7 3279.52
1088.87 13427.7 3277.80
1095.16 13427.7 3276.11
1101.45 13427.7 3274.42
1107.74 13427.7 3272.79
1114.03 13427.7 3271.17
1120.32 13427.7 3269.59
1126.61 13427.7 3267.99
1132.90 13427.7 3266.45
1139.19 13427.7 3264.91
1145.48 13427.7 3263.37
1151.77 13427.7 3261.84
1158.06 13427.7 3260.25
1164.34 13427.7 3258.41
1170.63 13427.7 3257.15
1176.92 13427.7 3255.94
1183.21 13427.7 3254.71
1189.50 13427.7 3253.54
1195.79 13427.7 3252.32
1202.08 13427.7 3251.15
1208.37 13427.7 3249.98
1214.66 13427.7 3248.82
1220.95 13427.7 3247.67
1227.24 13427.7 3246.51
1233.53 13427.7 3245.39
1239.82 13427.7 3244.26
1246.11 13427.7 3243.15
1252.40 13427.7 3242.03
1258.68 13427.7 3240.93
1264.97 13427.7 3239.83
1271.26 13427.7 3238.72
1277.55 13427.7 3237.65
1283.84 13427.7 3236.59
1290.13 13427.7 3235.49
1296.42 13427.7 3234.43
1302.71 13427.7 3233.35
1309.00 13427.7 3232.30
1315.29 13427.7 3231.23
1321.58 13427.7 3230.16
1327.87 13427.7 3229.11
1334.16 13427.7 3228.06
1340.45 13427.7 3227.01
1346.73 13427.7 3225.97
1353.02 13427.7 3224.92
1359.31 13427.7 3223.85
1365.60 13427.7 3222.83
1371.89 13427.7 3221.79
1378.18 13427.7 3220.75
1384.47 13427.7 3215.70
1390.76 13427.7 3209.24
1397.05 13427.7 3202.46
1403.34 13427.7 3195.22
1409.63 13427.7 3187.86
1415.92 13427.7 3179.95
1422.21 13427.7 3171.68
1428.50 13427.7 3162.92
1434.79 13427.7 3153.74
1441.07 13427.7 3144.08
1447.36 13427.7 3133.90
1453.65 13427.7 3123.18
1459.94 13427.7 3111.86
1466.23 13427.7 3100.85
1472.52 13427.7 3099.29
1478.81 13427.7 3097.69
1485.10 13427.7 3096.07
1491.39 13427.7 3094.42
1497.68 13427.7 3092.73
1503.97 13427.7 3091.02
1510.26 13427.7 3089.28
1516.55 13427.7 3087.53
1522.84 13427.7 3085.71
1529.12 13427.7 3083.88
1535.41 13427.7 3082.01
1541.70 13427.7 3080.11
1547.99 13427.7 3078.18
1554.28 13427.7 3077.00
1560.57 13427.7 3076.32
1566.86 13427.7 3075.64
1573.15 13427.7 3074.96
573.150 13553.5 3501.27
579.439 13553.5 3500.64
585.729 13553.5 3500.01
592.018 13553.5 3499.37
598.307 13553.5 3498.74
604.597 13553.5 3498.10
610.886 13553.5 3497.46
617.175 13553.5 3496.82
623.464 13553.5 3496.18
629.754 13553.5 3495.53
636.043 13553.5 3494.88
642.332 13553.5 3494.23
648.622 13553.5 3493.58
654.911 13553.5 3492.93
661.200 13553.5 3492.28
667.490 13553.5 3491.62
673.779 13553.5 3490.96
680.068 13553.5 3490.30
686.358 13553.5 3489.63
692.647 13553.5 3488.97
698.936 13553.5 3488.31
705.225 13553.5 3487.66
711.515 13553.5 3487.00
717.804 13553.5 3486.34
724.093 13553.5 3485.69
730.383 13553.5 3485.02
736.672 13553.5 3484.36
742.961 13553.5 3483.69
749.251 13553.5 3483.02
755.540 13553.5 3482.35
761.829 13553.5 3481.67
768.119 13553.5 3481.00
774.408 13553.5 3480.32
780.697 13553.5 3479.62
786.986 13553.5 3478.94
793.276 13553.5 3478.26
799.565 13553.5 3477.56
805.854 13553.5 3476.87
812.144 13553.5 3476.16
818.433 13553.5 3475.45
824.722 13553.5 3474.74
831.012 13553.5 3474.03
837.301 13553.5 3473.28
843.590 13553.5 3472.58
849.880 13553.5 3471.84
856.169 13553.5 3471.11
862.458 13553.5 3470.36
868.747 13553.5 3469.61
875.037 13553.5 3468.86
881.326 13553.5 3468.07
887.615 13553.5 3467.25
893.905 13553.5 3455.68
900.194 13553.5 3445.49
906.483 13553.5 3436.34
912.773 13553.5 3427.98
919.062 13553.5 3420.22
925.351 13553.5 3412.92
931.641 13553.5 3405.96
937.930 13553.5 3399.22
944.219 13553.5 3392.61
950.508 13553.5 3386.07
956.798 13553.5 3379.51
963.087 13553.5 3372.82
969.376 13553.5 3365.84
975.666 13553.5 3358.63
981.955 13553.5 3350.87
988.244 13553.5 3342.45
994.534 13553.5 3333.11
1000.82 13553.5 3322.55
1007.11 13553.5 3310.31
1013.40 13553.5 3305.21
1019.69 13553.5 3302.80
1025.98 13553.5 3300.53
1032.27 13553.5 3298.34
1038.56 13553.5 3296.22
1044.85 13553.5 3294.10
1051.14 13553.5 3292.10
1057.43 13553.5 3290.07
1063.72 13553.5 3288.16
1070.01 13553.5 3286.25
1076.29 13553.5 3284.40
1082.58 13553.5 3282.59
1088.87 13553.5 3280.80
1095.16 13553.5 3279.05
1101.45 13553.5 3277.34
1107.74 13553.5 3275.66
1114.03 13553.5 3273.98
1120.32 13553.5 3272.37
1126.61 13553.5 3270.76
1132.90 13553.5 3269.16
1139.19 13553.5 3267.60
1145.48 13553.5 3266.04
1151.77 13553.5 3264.46
1158.06 13553.5 3262.89
1164.34 13553.5 3261.22
1170.63 13553.5 3259.55
1176.92 13553.5 3258.30
1183.21 13553.5 3257.11
1189.50 13553.5 3255.86
1195.79 13553.5 3254.64
1202.08 13553.5 3253.45
1208.37 13553.5 3252.25
1214.66 13553.5 3251.08
1220.95 13553.5 3249.91
1227.24 13553.5 3248.76
1233.53 13553.5 3247.60
1239.82 13553.5 3246.45
1246.11 13553.5 3245.33
1252.40 13553.5 3244.20
1258.68 13553.5 3243.08
1264.97 13553.5 3241.97
1271.26 13553.5 3240.91
1277.55 13553.5 3239.78
1283.84 13553.5 3238.68
1290.13 13553.5 3237.58
1296.42 13553.5 3236.50
1302.71 13553.5 3235.42
1309.00 13553.5 3234.35
1315.29 13553.5 3233.28
1321.58 13553.5 3232.22
1327.87 13553.5 3231.16
1334.16 13553.5 3230.09
1340.45 13553.5 3229.04
1346.73 13553.5 3227.98
1353.02 13553.5 3226.93
1359.31 13553.5 3225.85
1365.60 13553.5 3224.82
1371.89 13553.5 3223.77
1378.18 13553.5 3222.73
1384.47 13553.5 3221.68
1390.76 13553.5 3220.54
1397.05 13553.5 3214.36
1403.34 13553.5 3207.92
1409.63 13553.5 3201.18
1415.92 13553.5 3194.01
1422.21 13553.5 3186.55
1428.50 13553.5 3178.67
1434.79 13553.5 3170.34
1441.07 13553.5 3161.67
1447.36 13553.5 3152.49
1453.65 13553.5 3142.88
1459.94 13553.5 3132.75
1466.23 13553.5 3122.09
1472.52 13553.5 3110.78
1478.81 13553.5 3099.08
1485.10 13553.5 3097.14
1491.39 13553.5 3095.51
1497.68 13553.5 3093.84
1503.97 13553.5 3092.15
1510.26 13553.5 3090.43
1516.55 13553.5 3088.69
1522.84 13553.5 3086.91
1529.12 13553.5 3085.09
1535.41 13553.5 3083.25
1541.70 13553.5 3081.38
1547.99 13553.5 3079.48
1554.28 13553.5 3077.54
1560.57 13553.5 3076.83
1566.86 13553.5 3076.15
1573.15 13553.5 3075.47
573.150 13679.2 3501.65
579.439 13679.2 3501.03
585.729 13679.2 3500.39
592.018 13679.2 3499.76
598.307 13679.2 3499.12
604.597 13679.2 3498.49
610.886 13679.2 3497.85
617.175 13679.2 3497.20
623.464 13679.2 3496.56
629.754 13679.2 3495.92
636.043 13679.2 3495.27
642.332 13679.2 3494.62
648.622 13679.2 3493.97
654.911 13679.2 3493.32
661.200 13679.2 3492.66
667.490 13679.2 3492.01
673.779 13679.2 3491.35
680.068 13679.2 3490.69
686.358 13679.2 3490.02
692.647 13679.2 3489.36
698.936 13679.2 3488.70
705.225 13679.2 3488.06
711.515 13679.2 3487.38
717.804 13679.2 3486.74
724.093 13679.2 3486.08
730.383 13679.2 3485.42
736.672 13679.2 3484.76
742.961 13679.2 3484.09
749.251 13679.2 3483.43
755.540 13679.2 3482.75
761.829 13679.2 3482.08
768.119 13679.2 3481.40
774.408 13679.2 3480.73
780.697 13679.2 3480.04
786.986 13679.2 3479.37
793.276 13679.2 3478.66
799.565 13679.2 3477.97
805.854 13679.2 3477.27
812.144 13679.2 3476.57
818.433 13679.2 3475.87
824.722 13679.2 3475.17
831.012 13679.2 3474.44
837.301 13679.2 3473.72
843.590 13679.2 3473.00
849.880 13679.2 3472.26
856.169 13679.2 3471.54
862.458 13679.2 3470.78
868.747 13679.2 3470.03
875.037 13679.2 3469.28
881.326 13679.2 3468.53
887.615 13679.2 3467.74
893.905 13679.2 3466.95
900.194 13679.2 3459.43
906.483 13679.2 3448.84
912.773 13679.2 3439.35
919.062 13679.2 3430.69
925.351 13679.2 3422.67
931.641 13679.2 3415.13
937.930 13679.2 3407.94
944.219 13679.2 3401.00
950.508 13679.2 3394.20
956.798 13679.2 3387.48
963.087 13679.2 3380.73
969.376 13679.2 3373.85
975.666 13679.2 3366.75
981.955 13679.2 3359.28
988.244 13679.2 3351.29
994.534 13679.2 3342.64
1000.82 13679.2 3333.07
1007.11 13679.2 3322.13
1013.40 13679.2 3309.54
1019.69 13679.2 3306.76
1025.98 13679.2 3304.39
1032.27 13679.2 3302.07
1038.56 13679.2 3299.88
1044.85 13679.2 3297.71
1051.14 13679.2 3295.60
1057.43 13679.2 3293.51
1063.72 13679.2 3291.54
1070.01 13679.2 3289.54
1076.29 13679.2 3287.64
1082.58 13679.2 3285.73
1088.87 13679.2 3283.92
1095.16 13679.2 3282.12
1101.45 13679.2 3280.35
1107.74 13679.2 3278.61
1114.03 13679.2 3276.91
1120.32 13679.2 3275.25
1126.61 13679.2 3273.58
1132.90 13679.2 3271.96
1139.19 13679.2 3270.35
1145.48 13679.2 3268.74
1151.77 13679.2 3267.16
1158.06 13679.2 3265.64
1164.34 13679.2 3263.93
1170.63 13679.2 3262.09
1176.92 13679.2 3260.76
1183.21 13679.2 3259.49
1189.50 13679.2 3258.25
1195.79 13679.2 3257.01
1202.08 13679.2 3255.81
1208.37 13679.2 3254.60
1214.66 13679.2 3253.40
1220.95 13679.2 3252.20
1227.24 13679.2 3251.04
1233.53 13679.2 3249.86
1239.82 13679.2 3248.70
1246.11 13679.2 3247.54
1252.40 13679.2 3246.42
1258.68 13679.2 3245.26
1264.97 13679.2 3244.15
1271.26 13679.2 3243.04
1277.55 13679.2 3241.93
1283.84 13679.2 3240.83
1290.13 13679.2 3239.72
1296.42 13679.2 3238.62
1302.71 13679.2 3237.54
1309.00 13679.2 3236.45
1315.29 13679.2 3235.39
1321.58 13679.2 3234.30
1327.87 13679.2 3233.23
1334.16 13679.2 3232.16
1340.45 13679.2 3231.09
1346.73 13679.2 3230.03
1353.02 13679.2 3228.94
1359.31 13679.2 3227.90
1365.60 13679.2 3226.84
1371.89 13679.2 3225.79
1378.18 13679.2 3224.74
1384.47 13679.2 3223.67
1390.76 13679.2 3222.62
1397.05 13679.2 3221.56
1403.34 13679.2 3219.15
1409.63 13679.2 3212.96
1415.92 13679.2 3206.54
1422.21 13679.2 3199.71
1428.50 13679.2 3192.66
1434.79 13679.2 3185.18
1441.07 13679.2 3177.32
1447.36 13679.2 3169.00
1453.65 13679.2 3160.36
1459.94 13679.2 3151.10
1466.23 13679.2 3141.58
1472.52 13679.2 3131.58
1478.81 13679.2 3120.94
1485.10 13679.2 3109.70
1491.39 13679.2 3098.03
1497.68 13679.2 3094.93
1503.97 13679.2 3093.27
1510.26 13679.2 3091.57
1516.55 13679.2 3089.85
1522.84 13679.2 3088.09
1529.12 13679.2 3086.30
1535.41 13679.2 3084.48
1541.70 13679.2 3082.64
1547.99 13679.2 3080.75
1554.28 13679.2 3078.84
1560.57 13679.2 3077.33
1566.86 13679.2 3076.66
1573.15 13679.2 3075.98
573.150 13805.0 3502.04
579.439 13805.0 3501.40
585.729 13805.0 3500.78
592.018 13805.0 3500.14
598.307 13805.0 3499.51
604.597 13805.0 3498.87
610.886 13805.0 3498.23
617.175 13805.0 3497.59
623.464 13805.0 3496.95
629.754 13805.0 3496.30
636.043 13805.0 3495.66
642.332 13805.0 3495.01
648.622 13805.0 3494.36
654.911 13805.0 3493.70
661.200 13805.0 3493.05
667.490 13805.0 3492.39
673.779 13805.0 3491.73
680.068 13805.0 3491.08
686.358 13805.0 3490.42
692.647 13805.0 3489.75
698.936 13805.0 3489.10
705.225 13805.0 3488.45
711.515 13805.0 3487.80
717.804 13805.0 3487.14
724.093 13805.0 3486.48
730.383 13805.0 3485.82
736.672 13805.0 3485.15
742.961 13805.0 3484.49
749.251 13805.0 3483.82
755.540 13805.0 3483.15
761.829 13805.0 3482.48
768.119 13805.0 3481.80
774.408 13805.0 3481.12
780.697 13805.0 3480.45
786.986 13805.0 3479.76
793.276 13805.0 3479.07
799.565 13805.0 3478.38
805.854 13805.0 3477.68
812.144 13805.0 3476.99
818.433 13805.0 3476.28
824.722 13805.0 3475.57
831.012 13805.0 3474.87
837.301 13805.0 3474.14
843.590 13805.0 3473.42
849.880 13805.0 3472.69
856.169 13805.0 3471.95
862.458 13805.0 3471.21
868.747 13805.0 3470.46
875.037 13805.0 3469.70
881.326 13805.0 3468.93
887.615 13805.0 3468.17
893.905 13805.0 3467.39
900.194 13805.0 3466.60
906.483 13805.0 3463.27
912.773 13805.0 3452.27
919.062 13805.0 3442.43
925.351 13805.0 3433.47
931.641 13805.0 3425.18
937.930 13805.0 3417.39
944.219 13805.0 3409.99
950.508 13805.0 3402.83
956.798 13805.0 3395.85
963.087 13805.0 3388.92
969.376 13805.0 3381.99
975.666 13805.0 3374.92
981.955 13805.0 3367.62
988.244 13805.0 3359.95
994.534 13805.0 3351.77
1000.82 13805.0 3342.87
1007.11 13805.0 3332.95
1013.40 13805.0 3321.74
1019.69 13805.0 3310.91
1025.98 13805.0 3308.43
1032.27 13805.0 3306.04
1038.56 13805.0 3303.70
1044.85 13805.0 3301.43
1051.14 13805.0 3299.24
1057.43 13805.0 3297.15
1063.72 13805.0 3295.01
1070.01 13805.0 3292.97
1076.29 13805.0 3290.98
1082.58 13805.0 3289.05
1088.87 13805.0 3287.14
1095.16 13805.0 3285.29
1101.45 13805.0 3283.46
1107.74 13805.0 3281.67
1114.03 13805.0 3279.92
1120.32 13805.0 3278.18
1126.61 13805.0 3276.49
1132.90 13805.0 3274.83
1139.19 13805.0 3273.17
1145.48 13805.0 3271.55
1151.77 13805.0 3269.93
1158.06 13805.0 3268.31
1164.34 13805.0 3266.68
1170.63 13805.0 3264.95
1176.92 13805.0 3263.26
1183.21 13805.0 3261.98
1189.50 13805.0 3260.71
1195.79 13805.0 3259.46
1202.08 13805.0 3258.21
1208.37 13805.0 3256.97
1214.66 13805.0 3255.76
1220.95 13805.0 3254.56
1227.24 13805.0 3253.36
1233.53 13805.0 3252.18
1239.82 13805.0 3250.99
1246.11 13805.0 3249.84
1252.40 13805.0 3248.68
1258.68 13805.0 3247.54
1264.97 13805.0 3246.39
1271.26 13805.0 3245.25
1277.55 13805.0 3244.13
1283.84 13805.0 3243.01
1290.13 13805.0 3241.91
1296.42 13805.0 3240.79
1302.71 13805.0 3239.69
1309.00 13805.0 3238.59
1315.29 13805.0 3237.50
1321.58 13805.0 3236.41
1327.87 13805.0 3235.34
1334.16 13805.0 3234.26
1340.45 13805.0 3233.18
1346.73 13805.0 3232.11
1353.02 13805.0 3231.04
1359.31 13805.0 3229.97
1365.60 13805.0 3228.90
1371.89 13805.0 3227.82
1378.18 13805.0 3226.78
1384.47 13805.0 3225.71
1390.76 13805.0 3224.66
1397.05 13805.0 3223.59
1403.34 13805.0 3222.53
1409.63 13805.0 3221.47
1415.92 13805.0 3217.75
1422.21 13805.0 3211.56
1428.50 13805.0 3205.05
1434.79 13805.0 3198.32
1441.07 13805.0 3191.24
1447.36 13805.0 3183.73
1453.65 13805.0 3175.91
1459.94 13805.0 3167.63
1466.23 13805.0 3158.99
1472.52 13805.0 3149.94
1478.81 13805.0 3140.34
1485.10 13805.0 3130.28
1491.39 13805.0 3119.60
1497.68 13805.0 3108.55
1503.97 13805.0 3096.82
1510.26 13805.0 3092.69
1516.55 13805.0 3090.98
1522.84 13805.0 3089.25
1529.12 13805.0 3087.49
1535.41 13805.0 3085.69
1541.70 13805.0 3083.87
1547.99 13805.0 3082.01
1554.28 13805.0 3080.12
1560.57 13805.0 3078.20
1566.86 13805.0 3077.16
1573.15 13805.0 3076.48
573.150 13930.8 3502.41
579.439 13930.8 3501.79
585.729 13930.8 3501.16
592.018 13930.8 3500.52
598.307 13930.8 3499.89
604.597 13930.8 3499.26
610.886 13930.8 3498.61
617.175 13930.8 3497.98
623.464 13930.8 3497.33
629.754 13930.8 3496.69
636.043 13930.8 3496.05
642.332 13930.8 3495.40
648.622 13930.8 3494.74
654.911 13930.8 3494.10
661.200 13930.8 3493.44
667.490 13930.8 3492.79
673.779 13930.8 3492.12
680.068 13930.8 3491.47
686.358 13930.8 3490.81
692.647 13930.8 3490.15
698.936 13930.8 3489.48
705.225 13930.8 3488.84
711.515 13930.8 3488.19
717.804 13930.8 3487.53
724.093 13930.8 3486.87
730.383 13930.8 3486.22
736.672 13930.8 3485.55
742.961 13930.8 3484.89
749.251 13930.8 3484.22
755.540 13930.8 3483.55
761.829 13930.8 3482.88
768.119 13930.8 3482.20
774.408 13930.8 3481.53
780.697 13930.8 3480.85
786.986 13930.8 3480.17
793.276 13930.8 3479.48
799.565 13930.8 3478.80
805.854 13930.8 3478.08
812.144 13930.8 3477.40
818.433 13930.8 3476.70
824.722 13930.8 3475.98
831.012 13930.8 3475.27
837.301 13930.8 3474.56
843.590 13930.8 3473.84
849.880 13930.8 3473.11
856.169 13930.8 3472.37
862.458 13930.8 3471.64
868.747 13930.8 3470.89
875.037 13930.8 3470.14
881.326 13930.8 3469.37
887.615 13930.8 3468.60
893.905 13930.8 3467.82
900.194 13930.8 3467.03
906.483 13930.8 3466.24
912.773 13930.8 3465.43
919.062 13930.8 3455.77
925.351 13930.8 3445.58
931.641 13930.8 3436.31
937.930 13930.8 3427.74
944.219 13930.8 3419.70
950.508 13930.8 3412.06
956.798 13930.8 3404.71
963.087 13930.8 3397.52
969.376 13930.8 3390.41
975.666 13930.8 3383.28
981.955 13930.8 3376.02
988.244 13930.8 3368.51
994.534 13930.8 3360.65
1000.82 13930.8 3352.24
1007.11 13930.8 3343.08
1013.40 13930.8 3332.86
1019.69 13930.8 3321.30
1025.98 13930.8 3312.66
1032.27 13930.8 3310.15
1038.56 13930.8 3307.70
1044.85 13930.8 3305.33
1051.14 13930.8 3303.05
1057.43 13930.8 3300.82
1063.72 13930.8 3298.65
1070.01 13930.8 3296.59
1076.29 13930.8 3294.47
1082.58 13930.8 3292.45
1088.87 13930.8 3290.48
1095.16 13930.8 3288.54
1101.45 13930.8 3286.65
1107.74 13930.8 3284.84
1114.03 13930.8 3283.02
1120.32 13930.8 3281.24
1126.61 13930.8 3279.50
1132.90 13930.8 3277.76
1139.19 13930.8 3276.10
1145.48 13930.8 3274.44
1151.77 13930.8 3272.78
1158.06 13930.8 3271.13
1164.34 13930.8 3269.49
1170.63 13930.8 3267.77
1176.92 13930.8 3265.87
1183.21 13930.8 3264.51
1189.50 13930.8 3263.24
1195.79 13930.8 3261.95
1202.08 13930.8 3260.68
1208.37 13930.8 3259.44
1214.66 13930.8 3258.18
1220.95 13930.8 3256.97
1227.24 13930.8 3255.74
1233.53 13930.8 3254.55
1239.82 13930.8 3253.38
1246.11 13930.8 3252.17
1252.40 13930.8 3250.99
1258.68 13930.8 3249.82
1264.97 13930.8 3248.68
1271.26 13930.8 3247.55
1277.55 13930.8 3246.38
1283.84 13930.8 3245.24
1290.13 13930.8 3244.12
1296.42 13930.8 3243.00
1302.71 13930.8 3241.88
1309.00 13930.8 3240.79
1315.29 13930.8 3239.67
1321.58 13930.8 3238.58
1327.87 13930.8 3237.50
1334.16 13930.8 3236.38
1340.45 13930.8 3235.30
1346.73 13930.8 3234.22
1353.02 13930.8 3233.13
1359.31 13930.8 3232.07
1365.60 13930.8 3230.98
1371.89 13930.8 3229.91
1378.18 13930.8 3228.84
1384.47 13930.8 3227.77
1390.76 13930.8 3226.70
1397.05 13930.8 3225.63
1403.34 13930.8 3224.57
1409.63 13930.8 3223.46
1415.92 13930.8 3222.43
1422.21 13930.8 3221.36
1428.50 13930.8 3216.28
1434.79 13930.8 3210.07
1441.07 13930.8 3203.69
1447.36 13930.8 3196.87
1453.65 13930.8 3189.78
1459.94 13930.8 3182.29
1466.23 13930.8 3174.45
1472.52 13930.8 3166.23
1478.81 13930.8 3157.59
1485.10 13930.8 3148.44
1491.39 13930.8 3138.91
1497.68 13930.8 3128.94
1503.97 13930.8 3118.40
1510.26 13930.8 3107.23
1516.55 13930.8 3095.57
1522.84 13930.8 3090.40
1529.12 13930.8 3088.66
1535.41 13930.8 3086.88
1541.70 13930.8 3085.08
1547.99 13930.8 3083.24
1554.28 13930.8 3081.38
1560.57 13930.8 3079.49
1566.86 13930.8 3077.67
1573.15 13930.8 3076.99
573.150 14056.6 3502.80
579.439 14056.6 3502.17
585.729 14056.6 3501.54
592.018 14056.6 3500.90
598.307 14056.6 3500.27
604.597 14056.6 3499.64
610.886 14056.6 3499.00
617.175 14056.6 3498.36
623.464 14056.6 3497.72
629.754 14056.6 3497.07
636.043 14056.6 3496.43
642.332 14056.6 3495.78
648.622 14056.6 3495.13
654.911 14056.6 3494.48
661.200 14056.6 3493.83
667.490 14056.6 3493.17
673.779 14056.6 3492.52
680.068 14056.6 3491.86
686.358 14056.6 3491.20
692.647 14056.6 3490.53
698.936 14056.6 3489.89
705.225 14056.6 3489.24
711.515 14056.6 3488.58
717.804 14056.6 3487.93
724.093 14056.6 3487.27
730.383 14056.6 3486.61
736.672 14056.6 3485.94
742.961 14056.6 3485.28
749.251 14056.6 3484.62
755.540 14056.6 3483.95
761.829 14056.6 3483.28
768.119 14056.6 3482.61
774.408 14056.6 3481.95
780.697 14056.6 3481.26
786.986 14056.6 3480.57
793.276 14056.6 3479.89
799.565 14056.6 3479.20
805.854 14056.6 3478.51
812.144 14056.6 3477.80
818.433 14056.6 3477.10
824.722 14056.6 3476.39
831.012 14056.6 3475.69
837.301 14056.6 3474.98
843.590 14056.6 3474.25
849.880 14056.6 3473.53
856.169 14056.6 3472.80
862.458 14056.6 3472.05
868.747 14056.6 3471.31
875.037 14056.6 3470.56
881.326 14056.6 3469.80
887.615 14056.6 3469.03
893.905 14056.6 3468.26
900.194 14056.6 3467.49
906.483 14056.6 3466.68
912.773 14056.6 3465.88
919.062 14056.6 3465.05
925.351 14056.6 3459.35
931.641 14056.6 3448.80
937.930 14056.6 3439.21
944.219 14056.6 3430.37
950.508 14056.6 3422.08
956.798 14056.6 3414.21
963.087 14056.6 3406.64
969.376 14056.6 3399.23
975.666 14056.6 3391.94
981.955 14056.6 3384.62
988.244 14056.6 3377.16
994.534 14056.6 3369.46
1000.82 14056.6 3361.39
1007.11 14056.6 3352.74
1013.40 14056.6 3343.30
1019.69 14056.6 3332.82
1025.98 14056.6 3320.93
1032.27 14056.6 3314.45
1038.56 14056.6 3311.89
1044.85 14056.6 3309.41
1051.14 14056.6 3307.02
1057.43 14056.6 3304.69
1063.72 14056.6 3302.44
1070.01 14056.6 3300.23
1076.29 14056.6 3298.08
1082.58 14056.6 3295.99
1088.87 14056.6 3293.95
1095.16 14056.6 3291.96
1101.45 14056.6 3290.01
1107.74 14056.6 3288.10
1114.03 14056.6 3286.22
1120.32 14056.6 3284.40
1126.61 14056.6 3282.60
1132.90 14056.6 3280.85
1139.19 14056.6 3279.10
1145.48 14056.6 3277.40
1151.77 14056.6 3275.70
1158.06 14056.6 3273.99
1164.34 14056.6 3272.35
1170.63 14056.6 3270.66
1176.92 14056.6 3268.81
1183.21 14056.6 3267.13
1189.50 14056.6 3265.82
1195.79 14056.6 3264.51
1202.08 14056.6 3263.22
1208.37 14056.6 3261.90
1214.66 14056.6 3260.67
1220.95 14056.6 3259.43
1227.24 14056.6 3258.19
1233.53 14056.6 3256.97
1239.82 14056.6 3255.75
1246.11 14056.6 3254.55
1252.40 14056.6 3253.32
1258.68 14056.6 3252.17
1264.97 14056.6 3251.00
1271.26 14056.6 3249.84
1277.55 14056.6 3248.68
1283.84 14056.6 3247.53
1290.13 14056.6 3246.38
1296.42 14056.6 3245.24
1302.71 14056.6 3244.12
1309.00 14056.6 3243.01
1315.29 14056.6 3241.89
1321.58 14056.6 3240.77
1327.87 14056.6 3239.66
1334.16 14056.6 3238.56
1340.45 14056.6 3237.46
1346.73 14056.6 3236.37
1353.02 14056.6 3235.28
1359.31 14056.6 3234.20
1365.60 14056.6 3233.10
1371.89 14056.6 3232.02
1378.18 14056.6 3230.95
1384.47 14056.6 3229.86
1390.76 14056.6 3228.79
1397.05 14056.6 3227.70
1403.34 14056.6 3226.62
1409.63 14056.6 3225.58
1415.92 14056.6 3224.49
1422.21 14056.6 3223.42
1428.50 14056.6 3222.33
1434.79 14056.6 3220.83
1441.07 14056.6 3214.77
1447.36 14056.6 3208.63
1453.65 14056.6 3202.12
1459.94 14056.6 3195.38
1466.23 14056.6 3188.26
1472.52 14056.6 3180.80
1478.81 14056.6 3173.03
1485.10 14056.6 3164.71
1491.39 14056.6 3156.12
1497.68 14056.6 3147.05
1503.97 14056.6 3137.52
1510.26 14056.6 3127.56
1516.55 14056.6 3116.92
1522.84 14056.6 3105.95
1529.12 14056.6 3094.22
1535.41 14056.6 3088.06
1541.70 14056.6 3086.28
1547.99 14056.6 3084.47
1554.28 14056.6 3082.63
1560.57 14056.6 3080.76
1566.86 14056.6 3078.85
1573.15 14056.6 3077.50
573.150 14182.4 3503.18
579.439 14182.4 3502.55
585.729 14182.4 3501.92
592.018 14182.4 3501.29
598.307 14182.4 3500.66
604.597 14182.4 3500.02
610.886 14182.4 3499.38
617.175 14182.4 3498.74
623.464 14182.4 3498.10
629.754 14182.4 3497.46
636.043 14182.4 3496.81
642.332 14182.4 3496.17
648.622 14182.4 3495.52
654.911 14182.4 3494.87
661.200 14182.4 3494.22
667.490 14182.4 3493.56
673.779 14182.4 3492.90
680.068 14182.4 3492.25
686.358 14182.4 3491.59
692.647 14182.4 3490.93
698.936 14182.4 3490.28
705.225 14182.4 3489.63
711.515 14182.4 3488.97
717.804 14182.4 3488.32
724.093 14182.4 3487.66
730.383 14182.4 3487.01
736.672 14182.4 3486.34
742.961 14182.4 3485.68
749.251 14182.4 3485.01
755.540 14182.4 3484.35
761.829 14182.4 3483.68
768.119 14182.4 3483.01
774.408 14182.4 3482.34
780.697 14182.4 3481.66
786.986 14182.4 3480.98
793.276 14182.4 3480.29
799.565 14182.4 3479.61
805.854 14182.4 3478.92
812.144 14182.4 3478.22
818.433 14182.4 3477.52
824.722 14182.4 3476.82
831.012 14182.4 3476.09
837.301 14182.4 3475.39
843.590 14182.4 3474.67
849.880 14182.4 3473.94
856.169 14182.4 3473.22
862.458 14182.4 3472.49
868.747 14182.4 3471.74
875.037 14182.4 3470.99
881.326 14182.4 3470.23
887.615 14182.4 3469.46
893.905 14182.4 3468.69
900.194 14182.4 3467.91
906.483 14182.4 3467.13
912.773 14182.4 3466.31
919.062 14182.4 3465.51
925.351 14182.4 3464.68
931.641 14182.4 3462.99
937.930 14182.4 3452.08
944.219 14182.4 3442.18
950.508 14182.4 3433.06
956.798 14182.4 3424.51
963.087 14182.4 3416.41
969.376 14182.4 3408.62
975.666 14182.4 3401.02
981.955 14182.4 3393.51
988.244 14182.4 3385.99
994.534 14182.4 3378.35
1000.82 14182.4 3370.44
1007.11 14182.4 3362.13
1013.40 14182.4 3353.27
1019.69 14182.4 3343.60
1025.98 14182.4 3332.80
1032.27 14182.4 3320.59
1038.56 14182.4 3316.29
1044.85 14182.4 3313.70
1051.14 14182.4 3311.17
1057.43 14182.4 3308.76
1063.72 14182.4 3306.38
1070.01 14182.4 3304.09
1076.29 14182.4 3301.85
1082.58 14182.4 3299.68
1088.87 14182.4 3297.56
1095.16 14182.4 3295.50
1101.45 14182.4 3293.58
1107.74 14182.4 3291.50
1114.03 14182.4 3289.58
1120.32 14182.4 3287.68
1126.61 14182.4 3285.82
1132.90 14182.4 3284.02
1139.19 14182.4 3282.21
1145.48 14182.4 3280.46
1151.77 14182.4 3278.72
1158.06 14182.4 3277.00
1164.34 14182.4 3275.29
1170.63 14182.4 3273.57
1176.92 14182.4 3271.83
1183.21 14182.4 3269.85
1189.50 14182.4 3268.47
1195.79 14182.4 3267.14
1202.08 14182.4 3265.82
1208.37 14182.4 3264.53
1214.66 14182.4 3263.23
1220.95 14182.4 3262.12
1227.24 14182.4 3260.69
1233.53 14182.4 3259.45
1239.82 14182.4 3258.21
1246.11 14182.4 3256.99
1252.40 14182.4 3255.84
1258.68 14182.4 3254.58
1264.97 14182.4 3253.38
1271.26 14182.4 3252.19
1277.55 14182.4 3251.03
1283.84 14182.4 3249.86
1290.13 14182.4 3248.70
1296.42 14182.4 3247.56
1302.71 14182.4 3246.41
1309.00 14182.4 3245.27
1315.29 14182.4 3244.12
1321.58 14182.4 3243.03
1327.87 14182.4 3241.89
1334.16 14182.4 3240.79
1340.45 14182.4 3239.67
1346.73 14182.4 3238.55
1353.02 14182.4 3237.39
1359.31 14182.4 3236.36
1365.60 14182.4 3235.27
1371.89 14182.4 3234.17
1378.18 14182.4 3233.08
1384.47 14182.4 3231.99
1390.76 14182.4 3230.91
1397.05 14182.4 3229.81
1403.34 14182.4 3228.71
1409.63 14182.4 3227.65
1415.92 14182.4 3226.59
1422.21 14182.4 3225.48
1428.50 14182.4 3224.39
1434.79 14182.4 3223.31
1441.07 14182.4 3222.24
1447.36 14182.4 3219.24
1453.65 14182.4 3213.32
1459.94 14182.4 3207.07
1466.23 14182.4 3200.58
1472.52 14182.4 3193.80
1478.81 14182.4 3186.69
1485.10 14182.4 3179.21
1491.39 14182.4 3171.38
1497.68 14182.4 3163.21
1503.97 14182.4 3154.54
1510.26 14182.4 3145.56
1516.55 14182.4 3136.02
1522.84 14182.4 3126.04
1529.12 14182.4 3115.41
1535.41 14182.4 3104.26
1541.70 14182.4 3092.81
1547.99 14182.4 3085.69
1554.28 14182.4 3083.85
1560.57 14182.4 3082.00
1566.86 14182.4 3080.12
1573.15 14182.4 3078.21
573.150 14308.2 3503.56
579.439 14308.2 3502.93
585.729 14308.2 3502.30
592.018 14308.2 3501.67
598.307 14308.2 3501.04
604.597 14308.2 3500.40
610.886 14308.2 3499.77
617.175 14308.2 3499.13
623.464 14308.2 3498.49
629.754 14308.2 3497.85
636.043 14308.2 3497.20
642.332 14308.2 3496.56
648.622 14308.2 3495.91
654.911 14308.2 3495.26
661.200 14308.2 3494.60
667.490 14308.2 3493.95
673.779 14308.2 3493.30
680.068 14308.2 3492.64
686.358 14308.2 3491.98
692.647 14308.2 3491.32
698.936 14308.2 3490.67
705.225 14308.2 3490.02
711.515 14308.2 3489.37
717.804 14308.2 3488.72
724.093 14308.2 3488.06
730.383 14308.2 3487.40
736.672 14308.2 3486.74
742.961 14308.2 3486.08
749.251 14308.2 3485.42
755.540 14308.2 3484.75
761.829 14308.2 3484.09
768.119 14308.2 3483.41
774.408 14308.2 3482.74
780.697 14308.2 3482.06
786.986 14308.2 3481.38
793.276 14308.2 3480.70
799.565 14308.2 3480.01
805.854 14308.2 3479.32
812.144 14308.2 3478.63
818.433 14308.2 3477.94
824.722 14308.2 3477.23
831.012 14308.2 3476.52
837.301 14308.2 3475.81
843.590 14308.2 3475.09
849.880 14308.2 3474.37
856.169 14308.2 3473.64
862.458 14308.2 3472.91
868.747 14308.2 3472.16
875.037 14308.2 3471.42
881.326 14308.2 3470.66
887.615 14308.2 3469.90
893.905 14308.2 3469.13
900.194 14308.2 3468.35
906.483 14308.2 3467.56
912.773 14308.2 3466.76
919.062 14308.2 3465.95
925.351 14308.2 3465.13
931.641 14308.2 3464.26
937.930 14308.2 3463.46
944.219 14308.2 3455.44
950.508 14308.2 3445.22
956.798 14308.2 3435.80
963.087 14308.2 3427.01
969.376 14308.2 3418.67
975.666 14308.2 3410.65
981.955 14308.2 3402.84
988.244 14308.2 3395.14
994.534 14308.2 3387.41
1000.82 14308.2 3379.56
1007.11 14308.2 3371.46
1013.40 14308.2 3362.93
1019.69 14308.2 3353.80
1025.98 14308.2 3343.84
1032.27 14308.2 3332.78
1038.56 14308.2 3320.92
1044.85 14308.2 3318.21
1051.14 14308.2 3315.57
1057.43 14308.2 3313.01
1063.72 14308.2 3310.52
1070.01 14308.2 3308.12
1076.29 14308.2 3305.78
1082.58 14308.2 3303.50
1088.87 14308.2 3301.32
1095.16 14308.2 3299.15
1101.45 14308.2 3297.23
1107.74 14308.2 3295.02
1114.03 14308.2 3293.02
1120.32 14308.2 3291.07
1126.61 14308.2 3289.15
1132.90 14308.2 3287.27
1139.19 14308.2 3285.42
1145.48 14308.2 3283.61
1151.77 14308.2 3281.83
1158.06 14308.2 3280.07
1164.34 14308.2 3278.34
1170.63 14308.2 3276.59
1176.92 14308.2 3274.83
1183.21 14308.2 3272.92
1189.50 14308.2 3271.22
1195.79 14308.2 3269.85
1202.08 14308.2 3268.48
1208.37 14308.2 3267.16
1214.66 14308.2 3265.86
1220.95 14308.2 3264.59
1227.24 14308.2 3263.28
1233.53 14308.2 3261.99
1239.82 14308.2 3260.73
1246.11 14308.2 3259.46
1252.40 14308.2 3258.25
1258.68 14308.2 3257.03
1264.97 14308.2 3255.82
1271.26 14308.2 3254.64
1277.55 14308.2 3253.45
1283.84 14308.2 3252.24
1290.13 14308.2 3251.06
1296.42 14308.2 3249.90
1302.71 14308.2 3248.74
1309.00 14308.2 3247.57
1315.29 14308.2 3246.45
1321.58 14308.2 3245.29
1327.87 14308.2 3244.16
1334.16 14308.2 3243.04
1340.45 14308.2 3241.92
1346.73 14308.2 3240.80
1353.02 14308.2 3239.68
1359.31 14308.2 3238.57
1365.60 14308.2 3237.45
1371.89 14308.2 3236.35
1378.18 14308.2 3235.26
1384.47 14308.2 3234.15
1390.76 14308.2 3233.05
1397.05 14308.2 3231.96
1403.34 14308.2 3230.87
1409.63 14308.2 3229.77
1415.92 14308.2 3228.67
1422.21 14308.2 3227.59
1428.50 14308.2 3226.50
1434.79 14308.2 3225.41
1441.07 14308.2 3224.30
1447.36 14308.2 3223.22
1453.65 14308.2 3222.12
1459.94 14308.2 3217.65
1466.23 14308.2 3211.77
1472.52 14308.2 3205.55
1478.81 14308.2 3199.05
1485.10 14308.2 3192.23
1491.39 14308.2 3185.07
1497.68 14308.2 3177.66
1503.97 14308.2 3169.82
1510.26 14308.2 3161.63
1516.55 14308.2 3152.97
1522.84 14308.2 3143.89
1529.12 14308.2 3134.42
1535.41 14308.2 3124.40
1541.70 14308.2 3113.85
1547.99 14308.2 3102.81
1554.28 14308.2 3091.24
1560.57 14308.2 3083.24
1566.86 14308.2 3081.38
1573.15 14308.2 3079.49
573.150 14434.0 3503.94
579.439 14434.0 3503.31
585.729 14434.0 3502.68
592.018 14434.0 3502.05
598.307 14434.0 3501.42
604.597 14434.0 3500.78
610.886 14434.0 3500.15
617.175 14434.0 3499.51
623.464 14434.0 3498.87
629.754 14434.0 3498.24
636.043 14434.0 3497.59
642.332 14434.0 3496.94
648.622 14434.0 3496.30
654.911 14434.0 3495.64
661.200 14434.0 3494.99
667.490 14434.0 3494.34
673.779 14434.0 3493.68
680.068 14434.0 3493.03
686.358 14434.0 3492.37
692.647 14434.0 3491.71
698.936 14434.0 3491.06
705.225 14434.0 3490.41
711.515 14434.0 3489.76
717.804 14434.0 3489.11
724.093 14434.0 3488.45
730.383 14434.0 3487.80
736.672 14434.0 3487.14
742.961 14434.0 3486.48
749.251 14434.0 3485.81
755.540 14434.0 3485.15
761.829 14434.0 3484.48
768.119 14434.0 3483.82
774.408 14434.0 3483.14
780.697 14434.0 3482.47
786.986 14434.0 3481.79
793.276 14434.0 3481.11
799.565 14434.0 3480.42
805.854 14434.0 3479.73
812.144 14434.0 3479.04
818.433 14434.0 3478.34
824.722 14434.0 3477.65
831.012 14434.0 3476.94
837.301 14434.0 3476.22
843.590 14434.0 3475.51
849.880 14434.0 3474.79
856.169 14434.0 3474.07
862.458 14434.0 3473.33
868.747 14434.0 3472.59
875.037 14434.0 3471.84
881.326 14434.0 3471.09
887.615 14434.0 3470.33
893.905 14434.0 3469.56
900.194 14434.0 3468.79
906.483 14434.0 3468.00
912.773 14434.0 3467.20
919.062 14434.0 3466.40
925.351 14434.0 3465.58
931.641 14434.0 3464.75
937.930 14434.0 3463.91
944.219 14434.0 3463.06
950.508 14434.0 3458.85
956.798 14434.0 3448.31
963.087 14434.0 3438.62
969.376 14434.0 3429.56
975.666 14434.0 3420.98
981.955 14434.0 3412.74
988.244 14434.0 3404.72
994.534 14434.0 3396.80
1000.82 14434.0 3388.90
1007.11 14434.0 3380.83
1013.40 14434.0 3372.50
1019.69 14434.0 3363.77
1025.98 14434.0 3354.42
1032.27 14434.0 3344.19
1038.56 14434.0 3332.81
1044.85 14434.0 3322.93
1051.14 14434.0 3320.16
1057.43 14434.0 3317.49
1063.72 14434.0 3314.86
1070.01 14434.0 3312.33
1076.29 14434.0 3309.90
1082.58 14434.0 3307.53
1088.87 14434.0 3305.21
1095.16 14434.0 3302.98
1101.45 14434.0 3300.83
1107.74 14434.0 3298.70
1114.03 14434.0 3296.61
1120.32 14434.0 3294.59
1126.61 14434.0 3292.56
1132.90 14434.0 3290.70
1139.19 14434.0 3288.74
1145.48 14434.0 3286.89
1151.77 14434.0 3285.05
1158.06 14434.0 3283.24
1164.34 14434.0 3281.46
1170.63 14434.0 3279.69
1176.92 14434.0 3277.91
1183.21 14434.0 3276.05
1189.50 14434.0 3274.04
1195.79 14434.0 3272.61
1202.08 14434.0 3271.24
1208.37 14434.0 3269.88
1214.66 14434.0 3268.56
1220.95 14434.0 3267.16
1227.24 14434.0 3265.91
1233.53 14434.0 3264.62
1239.82 14434.0 3263.32
1246.11 14434.0 3262.04
1252.40 14434.0 3260.78
1258.68 14434.0 3259.55
1264.97 14434.0 3258.31
1271.26 14434.0 3257.09
1277.55 14434.0 3255.88
1283.84 14434.0 3254.67
1290.13 14434.0 3253.47
1296.42 14434.0 3252.30
1302.71 14434.0 3251.13
1309.00 14434.0 3249.94
1315.29 14434.0 3248.78
1321.58 14434.0 3247.62
1327.87 14434.0 3246.48
1334.16 14434.0 3245.33
1340.45 14434.0 3244.21
1346.73 14434.0 3243.07
1353.02 14434.0 3241.92
1359.31 14434.0 3240.82
1365.60 14434.0 3239.69
1371.89 14434.0 3238.57
1378.18 14434.0 3237.46
1384.47 14434.0 3236.35
1390.76 14434.0 3235.26
1397.05 14434.0 3234.14
1403.34 14434.0 3233.03
1409.63 14434.0 3231.93
1415.92 14434.0 3230.83
1422.21 14434.0 3229.72
1428.50 14434.0 3228.62
1434.79 14434.0 3227.51
1441.07 14434.0 3226.41
1447.36 14434.0 3225.33
1453.65 14434.0 3224.22
1459.94 14434.0 3223.12
1466.23 14434.0 3221.75
1472.52 14434.0 3216.07
1478.81 14434.0 3210.17
1485.10 14434.0 3203.88
1491.39 14434.0 3197.46
1497.68 14434.0 3190.57
1503.97 14434.0 3183.46
1510.26 14434.0 3175.96
1516.55 14434.0 3168.16
1522.84 14434.0 3159.90
1529.12 14434.0 3151.26
1535.41 14434.0 3142.23
1541.70 14434.0 3132.74
1547.99 14434.0 3122.79
1554.28 14434.0 3112.19
1560.57 14434.0 3101.08
1566.86 14434.0 3089.58
1573.15 14434.0 3080.75
573.150 14559.7 3504.32
579.439 14559.7 3503.69
585.729 14559.7 3503.06
592.018 14559.7 3502.43
598.307 14559.7 3501.81
604.597 14559.7 3501.17
610.886 14559.7 3500.54
617.175 14559.7 3499.90
623.464 14559.7 3499.26
629.754 14559.7 3498.62
636.043 14559.7 3497.98
642.332 14559.7 3497.33
648.622 14559.7 3496.68
654.911 14559.7 3496.03
661.200 14559.7 3495.38
667.490 14559.7 3494.73
673.779 14559.7 3494.08
680.068 14559.7 3493.42
686.358 14559.7 3492.76
692.647 14559.7 3492.10
698.936 14559.7 3491.46
705.225 14559.7 3490.80
711.515 14559.7 3490.16
717.804 14559.7 3489.51
724.093 14559.7 3488.85
730.383 14559.7 3488.19
736.672 14559.7 3487.53
742.961 14559.7 3486.87
749.251 14559.7 3486.21
755.540 14559.7 3485.55
761.829 14559.7 3484.89
768.119 14559.7 3484.22
774.408 14559.7 3483.55
780.697 14559.7 3482.87
786.986 14559.7 3482.20
793.276 14559.7 3481.51
799.565 14559.7 3480.83
805.854 14559.7 3480.14
812.144 14559.7 3479.45
818.433 14559.7 3478.75
824.722 14559.7 3478.05
831.012 14559.7 3477.35
837.301 14559.7 3476.64
843.590 14559.7 3475.93
849.880 14559.7 3475.20
856.169 14559.7 3474.48
862.458 14559.7 3473.75
868.747 14559.7 3473.02
875.037 14559.7 3472.27
881.326 14559.7 3471.52
887.615 14559.7 3470.77
893.905 14559.7 3469.99
900.194 14559.7 3469.22
906.483 14559.7 3468.42
912.773 14559.7 3467.64
919.062 14559.7 3466.84
925.351 14559.7 3466.03
931.641 14559.7 3465.20
937.930 14559.7 3464.36
944.219 14559.7 3463.52
950.508 14559.7 3462.65
956.798 14559.7 3461.78
963.087 14559.7 3451.43
969.376 14559.7 3441.49
975.666 14559.7 3432.17
981.955 14559.7 3423.35
988.244 14559.7 3414.88
994.534 14559.7 3406.65
1000.82 14559.7 3398.52
1007.11 14559.7 3390.39
1013.40 14559.7 3382.14
1019.69 14559.7 3373.61
1025.98 14559.7 3364.65
1032.27 14559.7 3355.06
1038.56 14559.7 3344.59
1044.85 14559.7 3332.85
1051.14 14559.7 3325.02
1057.43 14559.7 3322.14
1063.72 14559.7 3319.43
1070.01 14559.7 3316.78
1076.29 14559.7 3314.20
1082.58 14559.7 3311.73
1088.87 14559.7 3309.32
1095.16 14559.7 3306.97
1101.45 14559.7 3304.71
1107.74 14559.7 3302.50
1114.03 14559.7 3300.34
1120.32 14559.7 3298.23
1126.61 14559.7 3296.19
1132.90 14559.7 3294.14
1139.19 14559.7 3292.21
1145.48 14559.7 3290.28
1151.77 14559.7 3288.39
1158.06 14559.7 3286.52
1164.34 14559.7 3284.68
1170.63 14559.7 3282.87
1176.92 14559.7 3281.07
1183.21 14559.7 3279.24
1189.50 14559.7 3277.22
1195.79 14559.7 3275.51
1202.08 14559.7 3274.07
1208.37 14559.7 3272.68
1214.66 14559.7 3271.31
1220.95 14559.7 3269.96
1227.24 14559.7 3268.62
1233.53 14559.7 3267.27
1239.82 14559.7 3265.96
1246.11 14559.7 3264.69
1252.40 14559.7 3263.39
1258.68 14559.7 3262.12
1264.97 14559.7 3260.87
1271.26 14559.7 3259.62
1277.55 14559.7 3258.38
1283.84 14559.7 3257.16
1290.13 14559.7 3255.93
1296.42 14559.7 3254.75
1302.71 14559.7 3253.55
1309.00 14559.7 3252.37
1315.29 14559.7 3251.18
1321.58 14559.7 3250.01
1327.87 14559.7 3248.85
1334.16 14559.7 3247.69
1340.45 14559.7 3246.53
1346.73 14559.7 3245.38
1353.02 14559.7 3244.24
1359.31 14559.7 3243.10
1365.60 14559.7 3241.96
1371.89 14559.7 3240.84
1378.18 14559.7 3239.71
1384.47 14559.7 3238.57
1390.76 14559.7 3237.47
1397.05 14559.7 3236.35
1403.34 14559.7 3235.23
1409.63 14559.7 3234.12
1415.92 14559.7 3233.00
1422.21 14559.7 3231.90
1428.50 14559.7 3230.78
1434.79 14559.7 3229.67
1441.07 14559.7 3228.62
1447.36 14559.7 3227.49
1453.65 14559.7 3226.34
1459.94 14559.7 3225.23
1466.23 14559.7 3224.12
1472.52 14559.7 3223.01
1478.81 14559.7 3220.18
1485.10 14559.7 3214.38
1491.39 14559.7 3208.47
1497.68 14559.7 3202.22
1503.97 14559.7 3195.68
1510.26 14559.7 3188.87
1516.55 14559.7 3181.72
1522.84 14559.7 3174.26
1529.12 14559.7 3166.41
1535.41 14559.7 3158.18
1541.70 14559.7 3149.60
1547.99 14559.7 3140.51
1554.28 14559.7 3131.03
1560.57 14559.7 3121.04
1566.86 14559.7 3110.45
1573.15 14559.7 3099.43
573.150 14685.5 3504.71
579.439 14685.5 3504.07
585.729 14685.5 3503.45
592.018 14685.5 3502.82
598.307 14685.5 3502.19
604.597 14685.5 3501.56
610.886 14685.5 3500.92
617.175 14685.5 3500.28
623.464 14685.5 3499.65
629.754 14685.5 3499.00
636.043 14685.5 3498.36
642.332 14685.5 3497.72
648.622 14685.5 3497.07
654.911 14685.5 3496.42
661.200 14685.5 3495.77
667.490 14685.5 3495.12
673.779 14685.5 3494.47
680.068 14685.5 3493.81
686.358 14685.5 3493.15
692.647 14685.5 3492.49
698.936 14685.5 3491.84
705.225 14685.5 3491.20
711.515 14685.5 3490.55
717.804 14685.5 3489.89
724.093 14685.5 3489.24
730.383 14685.5 3488.58
736.672 14685.5 3487.93
742.961 14685.5 3487.27
749.251 14685.5 3486.61
755.540 14685.5 3485.95
761.829 14685.5 3485.29
768.119 14685.5 3484.62
774.408 14685.5 3483.95
780.697 14685.5 3483.27
786.986 14685.5 3482.60
793.276 14685.5 3481.92
799.565 14685.5 3481.23
805.854 14685.5 3480.57
812.144 14685.5 3479.86
818.433 14685.5 3479.15
824.722 14685.5 3478.52
831.012 14685.5 3477.76
837.301 14685.5 3477.05
843.590 14685.5 3476.35
849.880 14685.5 3475.63
856.169 14685.5 3474.91
862.458 14685.5 3474.17
868.747 14685.5 3473.44
875.037 14685.5 3472.70
881.326 14685.5 3471.95
887.615 14685.5 3471.19
893.905 14685.5 3470.43
900.194 14685.5 3469.65
906.483 14685.5 3468.87
912.773 14685.5 3468.08
919.062 14685.5 3467.28
925.351 14685.5 3466.47
931.641 14685.5 3465.65
937.930 14685.5 3464.82
944.219 14685.5 3463.97
950.508 14685.5 3463.11
956.798 14685.5 3462.23
963.087 14685.5 3461.34
969.376 14685.5 3454.68
975.666 14685.5 3444.42
981.955 14685.5 3434.83
988.244 14685.5 3425.78
994.534 14685.5 3417.08
1000.82 14685.5 3408.63
1007.11 14685.5 3400.30
1013.40 14685.5 3391.96
1019.69 14685.5 3383.49
1025.98 14685.5 3374.74
1032.27 14685.5 3365.55
1038.56 14685.5 3355.71
1044.85 14685.5 3344.98
1051.14 14685.5 3332.95
1057.43 14685.5 3327.15
1063.72 14685.5 3324.25
1070.01 14685.5 3321.42
1076.29 14685.5 3318.75
1082.58 14685.5 3316.15
1088.87 14685.5 3313.61
1095.16 14685.5 3311.19
1101.45 14685.5 3308.79
1107.74 14685.5 3306.48
1114.03 14685.5 3304.24
1120.32 14685.5 3302.04
1126.61 14685.5 3299.91
1132.90 14685.5 3297.83
1139.19 14685.5 3295.78
1145.48 14685.5 3293.77
1151.77 14685.5 3291.83
1158.06 14685.5 3289.92
1164.34 14685.5 3288.03
1170.63 14685.5 3286.15
1176.92 14685.5 3284.30
1183.21 14685.5 3282.45
1189.50 14685.5 3280.54
1195.79 14685.5 3278.43
1202.08 14685.5 3276.98
1208.37 14685.5 3275.56
1214.66 14685.5 3274.15
1220.95 14685.5 3272.77
1227.24 14685.5 3271.39
1233.53 14685.5 3270.04
1239.82 14685.5 3268.69
1246.11 14685.5 3267.37
1252.40 14685.5 3266.09
1258.68 14685.5 3264.77
1264.97 14685.5 3263.48
1271.26 14685.5 3262.20
1277.55 14685.5 3260.96
1283.84 14685.5 3259.70
1290.13 14685.5 3258.48
1296.42 14685.5 3257.25
1302.71 14685.5 3256.06
1309.00 14685.5 3254.82
1315.29 14685.5 3253.61
1321.58 14685.5 3252.44
1327.87 14685.5 3251.26
1334.16 14685.5 3250.07
1340.45 14685.5 3248.90
1346.73 14685.5 3247.73
1353.02 14685.5 3246.59
1359.31 14685.5 3245.43
1365.60 14685.5 3244.30
1371.89 14685.5 3243.14
1378.18 14685.5 3241.99
1384.47 14685.5 3240.86
1390.76 14685.5 3239.73
1397.05 14685.5 3238.59
1403.34 14685.5 3237.47
1409.63 14685.5 3236.36
1415.92 14685.5 3235.26
1422.21 14685.5 3234.09
1428.50 14685.5 3232.97
1434.79 14685.5 3231.86
1441.07 14685.5 3230.73
1447.36 14685.5 3229.62
1453.65 14685.5 3228.50
1459.94 14685.5 3227.37
1466.23 14685.5 3226.26
1472.52 14685.5 3225.15
1478.81 14685.5 3224.01
1485.10 14685.5 3222.89
1491.39 14685.5 3218.53
1497.68 14685.5 3212.77
1503.97 14685.5 3206.70
1510.26 14685.5 3200.51
1516.55 14685.5 3193.97
1522.84 14685.5 3187.09
1529.12 14685.5 3179.93
1535.41 14685.5 3172.46
1541.70 14685.5 3164.61
1547.99 14685.5 3156.35
1554.28 14685.5 3147.72
1560.57 14685.5 3138.66
1566.86 14685.5 3129.11
1573.15 14685.5 3119.08
573.150 14811.3 3505.08
579.439 14811.3 3504.45
585.729 14811.3 3503.83
592.018 14811.3 3503.20
598.307 14811.3 3502.57
604.597 14811.3 3501.94
610.886 14811.3 3501.30
617.175 14811.3 3500.67
623.464 14811.3 3500.03
629.754 14811.3 3499.39
636.043 14811.3 3498.75
642.332 14811.3 3498.10
648.622 14811.3 3497.46
654.911 14811.3 3496.81
661.200 14811.3 3496.16
667.490 14811.3 3495.50
673.779 14811.3 3494.85
680.068 14811.3 3494.20
686.358 14811.3 3493.54
692.647 14811.3 3492.88
698.936 14811.3 3492.24
705.225 14811.3 3491.58
711.515 14811.3 3490.94
717.804 14811.3 3490.29
724.093 14811.3 3489.65
730.383 14811.3 3488.98
736.672 14811.3 3488.33
742.961 14811.3 3487.67
749.251 14811.3 3487.01
755.540 14811.3 3486.35
761.829 14811.3 3485.68
768.119 14811.3 3485.02
774.408 14811.3 3484.35
780.697 14811.3 3483.68
786.986 14811.3 3483.00
793.276 14811.3 3482.33
799.565 14811.3 3481.64
805.854 14811.3 3480.96
812.144 14811.3 3480.27
818.433 14811.3 3479.56
824.722 14811.3 3478.88
831.012 14811.3 3478.18
837.301 14811.3 3477.47
843.590 14811.3 3476.76
849.880 14811.3 3476.05
856.169 14811.3 3475.32
862.458 14811.3 3474.60
868.747 14811.3 3473.86
875.037 14811.3 3473.12
881.326 14811.3 3472.37
887.615 14811.3 3471.62
893.905 14811.3 3470.86
900.194 14811.3 3470.09
906.483 14811.3 3469.31
912.773 14811.3 3468.52
919.062 14811.3 3467.73
925.351 14811.3 3466.92
931.641 14811.3 3466.10
937.930 14811.3 3465.27
944.219 14811.3 3464.44
950.508 14811.3 3463.57
956.798 14811.3 3462.70
963.087 14811.3 3461.81
969.376 14811.3 3460.90
975.666 14811.3 3457.95
981.955 14811.3 3447.40
988.244 14811.3 3437.56
994.534 14811.3 3428.25
1000.82 14811.3 3419.34
1007.11 14811.3 3410.67
1013.40 14811.3 3402.12
1019.69 14811.3 3393.60
1025.98 14811.3 3384.98
1032.27 14811.3 3375.96
1038.56 14811.3 3366.51
1044.85 14811.3 3356.45
1051.14 14811.3 3345.41
1057.43 14811.3 3333.11
1063.72 14811.3 3329.35
1070.01 14811.3 3326.39
1076.29 14811.3 3323.53
1082.58 14811.3 3320.79
1088.87 14811.3 3318.13
1095.16 14811.3 3315.55
1101.45 14811.3 3312.95
1107.74 14811.3 3310.65
1114.03 14811.3 3308.29
1120.32 14811.3 3306.01
1126.61 14811.3 3303.82
1132.90 14811.3 3301.63
1139.19 14811.3 3299.53
1145.48 14811.3 3297.46
1151.77 14811.3 3295.42
1158.06 14811.3 3293.44
1164.34 14811.3 3291.49
1170.63 14811.3 3289.56
1176.92 14811.3 3287.66
1183.21 14811.3 3285.78
1189.50 14811.3 3283.86
1195.79 14811.3 3281.72
1202.08 14811.3 3279.99
1208.37 14811.3 3278.50
1214.66 14811.3 3277.08
1220.95 14811.3 3275.67
1227.24 14811.3 3274.35
1233.53 14811.3 3272.85
1239.82 14811.3 3271.49
1246.11 14811.3 3270.14
1252.40 14811.3 3268.78
1258.68 14811.3 3267.47
1264.97 14811.3 3266.16
1271.26 14811.3 3264.88
1277.55 14811.3 3263.58
1283.84 14811.3 3262.33
1290.13 14811.3 3261.01
1296.42 14811.3 3259.84
1302.71 14811.3 3258.57
1309.00 14811.3 3257.35
1315.29 14811.3 3256.13
1321.58 14811.3 3254.94
1327.87 14811.3 3253.70
1334.16 14811.3 3252.54
1340.45 14811.3 3251.34
1346.73 14811.3 3250.16
1353.02 14811.3 3248.98
1359.31 14811.3 3247.80
1365.60 14811.3 3246.64
1371.89 14811.3 3245.48
1378.18 14811.3 3244.33
1384.47 14811.3 3243.21
1390.76 14811.3 3242.03
1397.05 14811.3 3240.88
1403.34 14811.3 3239.74
1409.63 14811.3 3238.59
1415.92 14811.3 3237.47
1422.21 14811.3 3236.33
1428.50 14811.3 3235.20
1434.79 14811.3 3234.07
1441.07 14811.3 3232.94
1447.36 14811.3 3231.80
1453.65 14811.3 3230.68
1459.94 14811.3 3229.54
1466.23 14811.3 3228.42
1472.52 14811.3 3227.29
1478.81 14811.3 3226.16
1485.10 14811.3 3225.01
1491.39 14811.3 3223.88
1497.68 14811.3 3222.38
1503.97 14811.3 3216.84
1510.26 14811.3 3211.06
1516.55 14811.3 3205.02
1522.84 14811.3 3198.72
1529.12 14811.3 3192.18
1535.41 14811.3 3185.27
1541.70 14811.3 3178.10
1547.99 14811.3 3170.59
1554.28 14811.3 3162.81
1560.57 14811.3 3154.45
1566.86 14811.3 3145.79
1573.15 14811.3 3136.77
573.150 14937.1 3505.46
579.439 14937.1 3504.84
585.729 14937.1 3504.21
592.018 14937.1 3503.58
598.307 14937.1 3502.95
604.597 14937.1 3502.32
610.886 14937.1 3501.69
617.175 14937.1 3501.05
623.464 14937.1 3500.41
629.754 14937.1 3499.77
636.043 14937.1 3499.13
642.332 14937.1 3498.49
648.622 14937.1 3497.84
654.911 14937.1 3497.19
661.200 14937.1 3496.55
667.490 14937.1 3495.90
673.779 14937.1 3495.24
680.068 14937.1 3494.59
686.358 14937.1 3493.93
692.647 14937.1 3493.28
698.936 14937.1 3492.62
705.225 14937.1 3491.98
711.515 14937.1 3491.33
717.804 14937.1 3490.68
724.093 14937.1 3490.02
730.383 14937.1 3489.39
736.672 14937.1 3488.72
742.961 14937.1 3488.06
749.251 14937.1 3487.40
755.540 14937.1 3486.75
761.829 14937.1 3486.08
768.119 14937.1 3485.42
774.408 14937.1 3484.75
780.697 14937.1 3484.04
786.986 14937.1 3483.40
793.276 14937.1 3482.73
799.565 14937.1 3482.04
805.854 14937.1 3481.37
812.144 14937.1 3480.68
818.433 14937.1 3479.99
824.722 14937.1 3479.29
831.012 14937.1 3478.59
837.301 14937.1 3477.88
843.590 14937.1 3477.17
849.880 14937.1 3476.46
856.169 14937.1 3475.75
862.458 14937.1 3475.02
868.747 14937.1 3474.29
875.037 14937.1 3473.54
881.326 14937.1 3472.80
887.615 14937.1 3472.05
893.905 14937.1 3471.29
900.194 14937.1 3470.52
906.483 14937.1 3469.74
912.773 14937.1 3468.96
919.062 14937.1 3468.17
925.351 14937.1 3467.36
931.641 14937.1 3466.56
937.930 14937.1 3465.71
944.219 14937.1 3464.88
950.508 14937.1 3464.03
956.798 14937.1 3463.16
963.087 14937.1 3462.28
969.376 14937.1 3461.38
975.666 14937.1 3460.46
981.955 14937.1 3459.54
988.244 14937.1 3450.43
994.534 14937.1 3440.33
1000.82 14937.1 3430.79
1007.11 14937.1 3421.65
1013.40 14937.1 3412.75
1019.69 14937.1 3404.01
1025.98 14937.1 3395.25
1032.27 14937.1 3386.37
1038.56 14937.1 3377.18
1044.85 14937.1 3367.56
1051.14 14937.1 3357.22
1057.43 14937.1 3345.95
1063.72 14937.1 3334.76
1070.01 14937.1 3331.61
1076.29 14937.1 3328.59
1082.58 14937.1 3325.69
1088.87 14937.1 3322.85
1095.16 14937.1 3320.18
1101.45 14937.1 3317.56
1107.74 14937.1 3315.02
1114.03 14937.1 3312.56
1120.32 14937.1 3310.17
1126.61 14937.1 3307.86
1132.90 14937.1 3305.62
1139.19 14937.1 3303.39
1145.48 14937.1 3301.26
1151.77 14937.1 3299.14
1158.06 14937.1 3297.08
1164.34 14937.1 3295.07
1170.63 14937.1 3293.09
1176.92 14937.1 3291.13
1183.21 14937.1 3289.19
1189.50 14937.1 3287.26
1195.79 14937.1 3285.22
1202.08 14937.1 3283.09
1208.37 14937.1 3281.58
1214.66 14937.1 3280.10
1220.95 14937.1 3278.64
1227.24 14937.1 3277.20
1233.53 14937.1 3275.77
1239.82 14937.1 3274.37
1246.11 14937.1 3272.98
1252.40 14937.1 3271.64
1258.68 14937.1 3270.27
1264.97 14937.1 3268.93
1271.26 14937.1 3267.61
1277.55 14937.1 3266.29
1283.84 14937.1 3264.98
1290.13 14937.1 3263.72
1296.42 14937.1 3262.43
1302.71 14937.1 3261.18
1309.00 14937.1 3259.93
1315.29 14937.1 3258.68
1321.58 14937.1 3257.46
1327.87 14937.1 3256.24
1334.16 14937.1 3255.01
1340.45 14937.1 3253.80
1346.73 14937.1 3252.60
1353.02 14937.1 3251.41
1359.31 14937.1 3250.22
1365.60 14937.1 3249.04
1371.89 14937.1 3247.86
1378.18 14937.1 3246.70
1384.47 14937.1 3245.53
1390.76 14937.1 3244.35
1397.05 14937.1 3243.21
1403.34 14937.1 3242.03
1409.63 14937.1 3240.89
1415.92 14937.1 3239.74
1422.21 14937.1 3238.60
1428.50 14937.1 3237.46
1434.79 14937.1 3236.32
1441.07 14937.1 3235.18
1447.36 14937.1 3234.04
1453.65 14937.1 3232.89
1459.94 14937.1 3231.75
1466.23 14937.1 3230.59
1472.52 14937.1 3229.47
1478.81 14937.1 3228.34
1485.10 14937.1 3227.22
1491.39 14937.1 3226.05
1497.68 14937.1 3224.91
1503.97 14937.1 3223.74
1510.26 14937.1 3220.71
1516.55 14937.1 3215.08
1522.84 14937.1 3209.29
1529.12 14937.1 3203.20
1535.41 14937.1 3196.92
1541.70 14937.1 3190.30
1547.99 14937.1 3183.43
1554.28 14937.1 3176.21
1560.57 14937.1 3168.67
1566.86 14937.1 3160.76
1573.15 14937.1 3152.47
573.150 15062.9 3505.84
579.439 15062.9 3505.22
585.729 15062.9 3504.59
592.018 15062.9 3503.96
598.307 15062.9 3503.33
604.597 15062.9 3502.70
610.886 15062.9 3502.07
617.175 15062.9 3501.43
623.464 15062.9 3500.80
629.754 15062.9 3500.16
636.043 15062.9 3499.52
642.332 15062.9 3498.87
648.622 15062.9 3498.23
654.911 15062.9 3497.58
661.200 15062.9 3496.93
667.490 15062.9 3496.28
673.779 15062.9 3495.63
680.068 15062.9 3494.98
686.358 15062.9 3494.32
692.647 15062.9 3493.66
698.936 15062.9 3493.02
705.225 15062.9 3492.37
711.515 15062.9 3491.73
717.804 15062.9 3491.08
724.093 15062.9 3490.43
730.383 15062.9 3489.78
736.672 15062.9 3489.12
742.961 15062.9 3488.46
749.251 15062.9 3487.81
755.540 15062.9 3487.15
761.829 15062.9 3486.49
768.119 15062.9 3485.82
774.408 15062.9 3485.15
780.697 15062.9 3484.48
786.986 15062.9 3483.80
793.276 15062.9 3483.13
799.565 15062.9 3482.45
805.854 15062.9 3481.76
812.144 15062.9 3481.08
818.433 15062.9 3480.41
824.722 15062.9 3479.70
831.012 15062.9 3479.00
837.301 15062.9 3478.30
843.590 15062.9 3477.59
849.880 15062.9 3476.88
856.169 15062.9 3476.17
862.458 15062.9 3475.45
868.747 15062.9 3474.70
875.037 15062.9 3473.97
881.326 15062.9 3473.23
887.615 15062.9 3472.48
893.905 15062.9 3471.72
900.194 15062.9 3470.96
906.483 15062.9 3470.18
912.773 15062.9 3469.41
919.062 15062.9 3468.61
925.351 15062.9 3467.81
931.641 15062.9 3467.01
937.930 15062.9 3466.17
944.219 15062.9 3465.30
950.508 15062.9 3464.49
956.798 15062.9 3463.62
963.087 15062.9 3462.75
969.376 15062.9 3461.85
975.666 15062.9 3460.94
981.955 15062.9 3460.02
988.244 15062.9 3459.07
994.534 15062.9 3453.50
1000.82 15062.9 3443.15
1007.11 15062.9 3433.37
1013.40 15062.9 3424.00
1019.69 15062.9 3414.90
1025.98 15062.9 3405.94
1032.27 15062.9 3396.98
1038.56 15062.9 3387.88
1044.85 15062.9 3378.50
1051.14 15062.9 3368.59
1057.43 15062.9 3358.04
1063.72 15062.9 3346.42
1070.01 15062.9 3337.18
1076.29 15062.9 3333.96
1082.58 15062.9 3330.85
1088.87 15062.9 3327.88
1095.16 15062.9 3325.06
1101.45 15062.9 3322.28
1107.74 15062.9 3319.60
1114.03 15062.9 3317.02
1120.32 15062.9 3314.52
1126.61 15062.9 3312.09
1132.90 15062.9 3309.73
1139.19 15062.9 3307.44
1145.48 15062.9 3305.18
1151.77 15062.9 3303.01
1158.06 15062.9 3300.84
1164.34 15062.9 3298.79
1170.63 15062.9 3296.75
1176.92 15062.9 3294.74
1183.21 15062.9 3292.74
1189.50 15062.9 3290.74
1195.79 15062.9 3288.77
1202.08 15062.9 3286.46
1208.37 15062.9 3284.73
1214.66 15062.9 3283.21
1220.95 15062.9 3281.70
1227.24 15062.9 3280.22
1233.53 15062.9 3278.79
1239.82 15062.9 3277.29
1246.11 15062.9 3275.90
1252.40 15062.9 3274.51
1258.68 15062.9 3273.09
1264.97 15062.9 3271.76
1271.26 15062.9 3270.40
1277.55 15062.9 3269.06
1283.84 15062.9 3267.75
1290.13 15062.9 3266.49
1296.42 15062.9 3265.12
1302.71 15062.9 3263.84
1309.00 15062.9 3262.56
1315.29 15062.9 3261.29
1321.58 15062.9 3260.03
1327.87 15062.9 3258.80
1334.16 15062.9 3257.56
1340.45 15062.9 3256.33
1346.73 15062.9 3255.12
1353.02 15062.9 3253.89
1359.31 15062.9 3252.68
1365.60 15062.9 3251.48
1371.89 15062.9 3250.29
1378.18 15062.9 3249.11
1384.47 15062.9 3247.92
1390.76 15062.9 3246.75
1397.05 15062.9 3245.57
1403.34 15062.9 3244.42
1409.63 15062.9 3243.22
1415.92 15062.9 3242.07
1422.21 15062.9 3240.90
1428.50 15062.9 3239.75
1434.79 15062.9 3238.61
1441.07 15062.9 3237.43
1447.36 15062.9 3236.28
1453.65 15062.9 3235.14
1459.94 15062.9 3233.98
1466.23 15062.9 3232.82
1472.52 15062.9 3231.66
1478.81 15062.9 3230.53
1485.10 15062.9 3229.37
1491.39 15062.9 3228.23
1497.68 15062.9 3227.07
1503.97 15062.9 3225.92
1510.26 15062.9 3224.76
1516.55 15062.9 3223.61
1522.84 15062.9 3218.90
1529.12 15062.9 3213.24
1535.41 15062.9 3207.44
1541.70 15062.9 3201.35
1547.99 15062.9 3195.08
1554.28 15062.9 3188.37
1560.57 15062.9 3181.48
1566.86 15062.9 3174.25
1573.15 15062.9 3166.67
573.150 15188.7 3506.22
579.439 15188.7 3505.59
585.729 15188.7 3504.97
592.018 15188.7 3504.34
598.307 15188.7 3503.71
604.597 15188.7 3503.08
610.886 15188.7 3502.45
617.175 15188.7 3501.82
623.464 15188.7 3501.18
629.754 15188.7 3500.54
636.043 15188.7 3499.90
642.332 15188.7 3499.26
648.622 15188.7 3498.62
654.911 15188.7 3497.97
661.200 15188.7 3497.32
667.490 15188.7 3496.67
673.779 15188.7 3496.02
680.068 15188.7 3495.36
686.358 15188.7 3494.71
692.647 15188.7 3494.05
698.936 15188.7 3493.41
705.225 15188.7 3492.76
711.515 15188.7 3492.12
717.804 15188.7 3491.47
724.093 15188.7 3490.82
730.383 15188.7 3490.17
736.672 15188.7 3489.51
742.961 15188.7 3488.86
749.251 15188.7 3488.20
755.540 15188.7 3487.54
761.829 15188.7 3486.88
768.119 15188.7 3486.22
774.408 15188.7 3485.55
780.697 15188.7 3484.88
786.986 15188.7 3484.22
793.276 15188.7 3483.54
799.565 15188.7 3482.86
805.854 15188.7 3482.18
812.144 15188.7 3481.49
818.433 15188.7 3480.81
824.722 15188.7 3480.11
831.012 15188.7 3479.42
837.301 15188.7 3478.71
843.590 15188.7 3478.01
849.880 15188.7 3477.30
856.169 15188.7 3476.58
862.458 15188.7 3475.86
868.747 15188.7 3475.14
875.037 15188.7 3474.40
881.326 15188.7 3473.66
887.615 15188.7 3472.91
893.905 15188.7 3472.16
900.194 15188.7 3471.39
906.483 15188.7 3470.62
912.773 15188.7 3469.84
919.062 15188.7 3469.04
925.351 15188.7 3468.25
931.641 15188.7 3467.45
937.930 15188.7 3466.63
944.219 15188.7 3465.79
950.508 15188.7 3464.94
956.798 15188.7 3464.08
963.087 15188.7 3463.21
969.376 15188.7 3462.32
975.666 15188.7 3461.42
981.955 15188.7 3460.49
988.244 15188.7 3459.56
994.534 15188.7 3458.59
1000.82 15188.7 3456.61
1007.11 15188.7 3446.01
1013.40 15188.7 3435.99
1019.69 15188.7 3426.40
1025.98 15188.7 3417.09
1032.27 15188.7 3407.91
1038.56 15188.7 3398.75
1044.85 15188.7 3389.42
1051.14 15188.7 3379.83
1057.43 15188.7 3369.75
1063.72 15188.7 3358.92
1070.01 15188.7 3347.13
1076.29 15188.7 3339.67
1082.58 15188.7 3336.41
1088.87 15188.7 3333.20
1095.16 15188.7 3330.17
1101.45 15188.7 3327.24
1107.74 15188.7 3324.41
1114.03 15188.7 3321.71
1120.32 15188.7 3319.06
1126.61 15188.7 3316.54
1132.90 15188.7 3314.06
1139.19 15188.7 3311.65
1145.48 15188.7 3309.33
1151.77 15188.7 3307.05
1158.06 15188.7 3304.82
1164.34 15188.7 3302.71
1170.63 15188.7 3300.53
1176.92 15188.7 3298.44
1183.21 15188.7 3296.42
1189.50 15188.7 3294.36
1195.79 15188.7 3292.32
1202.08 15188.7 3290.20
1208.37 15188.7 3288.00
1214.66 15188.7 3286.39
1220.95 15188.7 3284.86
1227.24 15188.7 3283.34
1233.53 15188.7 3281.85
1239.82 15188.7 3280.33
1246.11 15188.7 3278.96
1252.40 15188.7 3277.47
1258.68 15188.7 3276.06
1264.97 15188.7 3274.66
1271.26 15188.7 3273.27
1277.55 15188.7 3271.89
1283.84 15188.7 3270.57
1290.13 15188.7 3269.19
1296.42 15188.7 3267.86
1302.71 15188.7 3266.55
1309.00 15188.7 3265.27
1315.29 15188.7 3263.96
1321.58 15188.7 3262.69
1327.87 15188.7 3261.44
1334.16 15188.7 3260.16
1340.45 15188.7 3258.91
1346.73 15188.7 3257.67
1353.02 15188.7 3256.43
1359.31 15188.7 3255.21
1365.60 15188.7 3253.98
1371.89 15188.7 3252.78
1378.18 15188.7 3251.56
1384.47 15188.7 3250.38
1390.76 15188.7 3249.17
1397.05 15188.7 3247.96
1403.34 15188.7 3246.79
1409.63 15188.7 3245.60
1415.92 15188.7 3244.43
1422.21 15188.7 3243.23
1428.50 15188.7 3242.07
1434.79 15188.7 3240.90
1441.07 15188.7 3239.74
1447.36 15188.7 3238.58
1453.65 15188.7 3237.41
1459.94 15188.7 3236.24
1466.23 15188.7 3235.07
1472.52 15188.7 3233.92
1478.81 15188.7 3232.74
1485.10 15188.7 3231.59
1491.39 15188.7 3230.42
1497.68 15188.7 3229.27
1503.97 15188.7 3228.10
1510.26 15188.7 3226.95
1516.55 15188.7 3225.78
1522.84 15188.7 3224.61
1529.12 15188.7 3222.52
1535.41 15188.7 3217.08
1541.70 15188.7 3211.50
1547.99 15188.7 3205.56
1554.28 15188.7 3199.42
1560.57 15188.7 3193.05
1566.86 15188.7 3186.40
1573.15 15188.7 3179.46
573.150 15314.5 3506.59
579.439 15314.5 3505.98
585.729 15314.5 3505.35
592.018 15314.5 3504.72
598.307 15314.5 3504.09
604.597 15314.5 3503.47
610.886 15314.5 3502.83
617.175 15314.5 3502.20
623.464 15314.5 3501.56
629.754 15314.5 3500.93
636.043 15314.5 3500.29
642.332 15314.5 3499.64
648.622 15314.5 3499.00
654.911 15314.5 3498.35
661.200 15314.5 3497.71
667.490 15314.5 3497.06
673.779 15314.5 3496.40
680.068 15314.5 3495.75
686.358 15314.5 3495.10
692.647 15314.5 3494.44
698.936 15314.5 3493.80
705.225 15314.5 3493.15
711.515 15314.5 3492.51
717.804 15314.5 3491.86
724.093 15314.5 3491.21
730.383 15314.5 3490.57
736.672 15314.5 3489.91
742.961 15314.5 3489.26
749.251 15314.5 3488.60
755.540 15314.5 3487.95
761.829 15314.5 3487.28
768.119 15314.5 3486.62
774.408 15314.5 3485.96
780.697 15314.5 3485.29
786.986 15314.5 3484.62
793.276 15314.5 3483.94
799.565 15314.5 3483.27
805.854 15314.5 3482.59
812.144 15314.5 3481.90
818.433 15314.5 3481.21
824.722 15314.5 3480.53
831.012 15314.5 3479.83
837.301 15314.5 3479.13
843.590 15314.5 3478.42
849.880 15314.5 3477.72
856.169 15314.5 3477.00
862.458 15314.5 3476.27
868.747 15314.5 3475.55
875.037 15314.5 3474.82
881.326 15314.5 3474.09
887.615 15314.5 3473.33
893.905 15314.5 3472.59
900.194 15314.5 3471.82
906.483 15314.5 3471.06
912.773 15314.5 3470.27
919.062 15314.5 3469.49
925.351 15314.5 3468.71
931.641 15314.5 3467.89
937.930 15314.5 3467.07
944.219 15314.5 3466.23
950.508 15314.5 3465.40
956.798 15314.5 3464.55
963.087 15314.5 3463.69
969.376 15314.5 3462.79
975.666 15314.5 3461.89
981.955 15314.5 3460.97
988.244 15314.5 3460.03
994.534 15314.5 3459.08
1000.82 15314.5 3458.11
1007.11 15314.5 3457.11
1013.40 15314.5 3448.90
1019.69 15314.5 3438.66
1025.98 15314.5 3428.84
1032.27 15314.5 3419.31
1038.56 15314.5 3409.93
1044.85 15314.5 3400.56
1051.14 15314.5 3391.04
1057.43 15314.5 3381.23
1063.72 15314.5 3370.91
1070.01 15314.5 3359.87
1076.29 15314.5 3347.78
1082.58 15314.5 3342.20
1088.87 15314.5 3338.85
1095.16 15314.5 3335.60
1101.45 15314.5 3332.51
1107.74 15314.5 3329.50
1114.03 15314.5 3326.64
1120.32 15314.5 3323.87
1126.61 15314.5 3321.20
1132.90 15314.5 3318.59
1139.19 15314.5 3316.08
1145.48 15314.5 3313.63
1151.77 15314.5 3311.27
1158.06 15314.5 3308.92
1164.34 15314.5 3306.60
1170.63 15314.5 3304.48
1176.92 15314.5 3302.31
1183.21 15314.5 3300.19
1189.50 15314.5 3298.09
1195.79 15314.5 3296.01
1202.08 15314.5 3293.88
1208.37 15314.5 3291.36
1214.66 15314.5 3289.72
1220.95 15314.5 3288.13
1227.24 15314.5 3286.57
1233.53 15314.5 3285.04
1239.82 15314.5 3283.50
1246.11 15314.5 3282.00
1252.40 15314.5 3280.53
1258.68 15314.5 3279.09
1264.97 15314.5 3277.64
1271.26 15314.5 3276.21
1277.55 15314.5 3274.83
1283.84 15314.5 3273.42
1290.13 15314.5 3272.06
1296.42 15314.5 3270.71
1302.71 15314.5 3269.34
1309.00 15314.5 3268.01
1315.29 15314.5 3266.71
1321.58 15314.5 3265.39
1327.87 15314.5 3264.10
1334.16 15314.5 3262.83
1340.45 15314.5 3261.54
1346.73 15314.5 3260.27
1353.02 15314.5 3259.04
1359.31 15314.5 3257.78
1365.60 15314.5 3256.53
1371.89 15314.5 3255.30
1378.18 15314.5 3254.06
1384.47 15314.5 3252.85
1390.76 15314.5 3251.64
1397.05 15314.5 3250.42
1403.34 15314.5 3249.22
1409.63 15314.5 3248.02
1415.92 15314.5 3246.82
1422.21 15314.5 3245.62
1428.50 15314.5 3244.44
1434.79 15314.5 3243.26
1441.07 15314.5 3242.11
1447.36 15314.5 3240.90
1453.65 15314.5 3239.75
1459.94 15314.5 3238.53
1466.23 15314.5 3237.36
1472.52 15314.5 3236.18
1478.81 15314.5 3235.01
1485.10 15314.5 3233.84
1491.39 15314.5 3232.65
1497.68 15314.5 3231.49
1503.97 15314.5 3230.32
1510.26 15314.5 3229.14
1516.55 15314.5 3227.96
1522.84 15314.5 3226.78
1529.12 15314.5 3225.62
1535.41 15314.5 3224.44
1541.70 15314.5 3220.68
1547.99 15314.5 3215.20
1554.28 15314.5 3209.52
1560.57 15314.5 3203.62
1566.86 15314.5 3197.49
1573.15 15314.5 3191.05
573.150 15440.3 3506.98
579.439 15440.3 3506.36
585.729 15440.3 3505.73
592.018 15440.3 3505.10
598.307 15440.3 3504.47
604.597 15440.3 3503.85
610.886 15440.3 3503.22
617.175 15440.3 3502.58
623.464 15440.3 3501.95
629.754 15440.3 3501.31
636.043 15440.3 3500.67
642.332 15440.3 3500.03
648.622 15440.3 3499.38
654.911 15440.3 3498.74
661.200 15440.3 3498.09
667.490 15440.3 3497.45
673.779 15440.3 3496.79
680.068 15440.3 3496.14
686.358 15440.3 3495.49
692.647 15440.3 3494.83
698.936 15440.3 3494.19
705.225 15440.3 3493.55
711.515 15440.3 3492.90
717.804 15440.3 3492.26
724.093 15440.3 3491.61
730.383 15440.3 3490.96
736.672 15440.3 3490.32
742.961 15440.3 3489.66
749.251 15440.3 3489.00
755.540 15440.3 3488.34
761.829 15440.3 3487.68
768.119 15440.3 3487.02
774.408 15440.3 3486.35
780.697 15440.3 3485.69
786.986 15440.3 3485.02
793.276 15440.3 3484.35
799.565 15440.3 3483.67
805.854 15440.3 3483.00
812.144 15440.3 3482.31
818.433 15440.3 3481.62
824.722 15440.3 3480.93
831.012 15440.3 3480.24
837.301 15440.3 3479.54
843.590 15440.3 3478.84
849.880 15440.3 3478.13
856.169 15440.3 3477.42
862.458 15440.3 3476.70
868.747 15440.3 3475.97
875.037 15440.3 3475.25
881.326 15440.3 3474.51
887.615 15440.3 3473.77
893.905 15440.3 3473.02
900.194 15440.3 3472.26
906.483 15440.3 3471.49
912.773 15440.3 3470.72
919.062 15440.3 3469.93
925.351 15440.3 3469.14
931.641 15440.3 3468.36
937.930 15440.3 3467.52
944.219 15440.3 3466.69
950.508 15440.3 3465.85
956.798 15440.3 3465.01
963.087 15440.3 3464.13
969.376 15440.3 3463.25
975.666 15440.3 3462.38
981.955 15440.3 3461.44
988.244 15440.3 3460.52
994.534 15440.3 3459.57
1000.82 15440.3 3458.60
1007.11 15440.3 3457.61
1013.40 15440.3 3456.61
1019.69 15440.3 3451.82
1025.98 15440.3 3441.35
1032.27 15440.3 3431.32
1038.56 15440.3 3421.57
1044.85 15440.3 3411.99
1051.14 15440.3 3402.41
1057.43 15440.3 3392.71
1063.72 15440.3 3382.68
1070.01 15440.3 3372.14
1076.29 15440.3 3360.70
1082.58 15440.3 3348.48
1088.87 15440.3 3344.83
1095.16 15440.3 3341.38
1101.45 15440.3 3338.07
1107.74 15440.3 3334.89
1114.03 15440.3 3331.88
1120.32 15440.3 3328.90
1126.61 15440.3 3326.08
1132.90 15440.3 3323.33
1139.19 15440.3 3320.71
1145.48 15440.3 3318.13
1151.77 15440.3 3315.65
1158.06 15440.3 3313.24
1164.34 15440.3 3310.88
1170.63 15440.3 3308.58
1176.92 15440.3 3306.33
1183.21 15440.3 3304.13
1189.50 15440.3 3301.97
1195.79 15440.3 3299.81
1202.08 15440.3 3297.66
1208.37 15440.3 3295.44
1214.66 15440.3 3293.13
1220.95 15440.3 3291.50
1227.24 15440.3 3289.89
1233.53 15440.3 3288.28
1239.82 15440.3 3286.74
1246.11 15440.3 3285.19
1252.40 15440.3 3283.66
1258.68 15440.3 3282.17
1264.97 15440.3 3280.71
1271.26 15440.3 3279.19
1277.55 15440.3 3277.82
1283.84 15440.3 3276.38
1290.13 15440.3 3274.97
1296.42 15440.3 3273.59
1302.71 15440.3 3272.20
1309.00 15440.3 3270.85
1315.29 15440.3 3269.50
1321.58 15440.3 3268.17
1327.87 15440.3 3266.86
1334.16 15440.3 3265.52
1340.45 15440.3 3264.23
1346.73 15440.3 3262.93
1353.02 15440.3 3261.66
1359.31 15440.3 3260.40
1365.60 15440.3 3259.15
1371.89 15440.3 3257.86
1378.18 15440.3 3256.63
1384.47 15440.3 3255.38
1390.76 15440.3 3254.13
1397.05 15440.3 3252.92
1403.34 15440.3 3251.70
1409.63 15440.3 3250.49
1415.92 15440.3 3249.27
1422.21 15440.3 3248.05
1428.50 15440.3 3246.85
1434.79 15440.3 3245.68
1441.07 15440.3 3244.44
1447.36 15440.3 3243.25
1453.65 15440.3 3242.04
1459.94 15440.3 3240.86
1466.23 15440.3 3239.68
1472.52 15440.3 3238.48
1478.81 15440.3 3237.30
1485.10 15440.3 3236.11
1491.39 15440.3 3234.93
1497.68 15440.3 3233.74
1503.97 15440.3 3232.56
1510.26 15440.3 3231.37
1516.55 15440.3 3230.19
1522.84 15440.3 3229.00
1529.12 15440.3 3227.82
1535.41 15440.3 3226.59
1541.70 15440.3 3225.44
1547.99 15440.3 3224.07
1554.28 15440.3 3218.79
1560.57 15440.3 3213.29
1566.86 15440.3 3207.54
1573.15 15440.3 3201.62
573.150 15566.0 3507.36
579.439 15566.0 3506.73
585.729 15566.0 3506.11
592.018 15566.0 3505.48
598.307 15566.0 3504.86
604.597 15566.0 3504.23
610.886 15566.0 3503.60
617.175 15566.0 3502.97
623.464 15566.0 3502.33
629.754 15566.0 3501.69
636.043 15566.0 3501.05
642.332 15566.0 3500.41
648.622 15566.0 3499.77
654.911 15566.0 3499.13
661.200 15566.0 3498.48
667.490 15566.0 3497.83
673.779 15566.0 3497.18
680.068 15566.0 3496.53
686.358 15566.0 3495.88
692.647 15566.0 3495.22
698.936 15566.0 3494.57
705.225 15566.0 3493.93
711.515 15566.0 3493.30
717.804 15566.0 3492.65
724.093 15566.0 3492.01
730.383 15566.0 3491.35
736.672 15566.0 3490.70
742.961 15566.0 3490.05
749.251 15566.0 3489.39
755.540 15566.0 3488.74
761.829 15566.0 3488.08
768.119 15566.0 3487.42
774.408 15566.0 3486.75
780.697 15566.0 3486.09
786.986 15566.0 3485.42
793.276 15566.0 3484.75
799.565 15566.0 3484.08
805.854 15566.0 3483.40
812.144 15566.0 3482.72
818.433 15566.0 3482.03
824.722 15566.0 3481.35
831.012 15566.0 3480.65
837.301 15566.0 3479.96
843.590 15566.0 3479.26
849.880 15566.0 3478.55
856.169 15566.0 3477.83
862.458 15566.0 3477.12
868.747 15566.0 3476.39
875.037 15566.0 3475.68
881.326 15566.0 3474.93
887.615 15566.0 3474.20
893.905 15566.0 3473.44
900.194 15566.0 3472.69
906.483 15566.0 3471.93
912.773 15566.0 3471.16
919.062 15566.0 3470.37
925.351 15566.0 3469.58
931.641 15566.0 3468.78
937.930 15566.0 3467.97
944.219 15566.0 3467.14
950.508 15566.0 3466.31
956.798 15566.0 3465.46
963.087 15566.0 3464.62
969.376 15566.0 3463.72
975.666 15566.0 3462.84
981.955 15566.0 3461.92
988.244 15566.0 3461.00
994.534 15566.0 3460.05
1000.82 15566.0 3459.09
1007.11 15566.0 3458.11
1013.40 15566.0 3457.11
1019.69 15566.0 3456.08
1025.98 15566.0 3454.76
1032.27 15566.0 3444.06
1038.56 15566.0 3433.82
1044.85 15566.0 3423.88
1051.14 15566.0 3414.09
1057.43 15566.0 3404.31
1063.72 15566.0 3394.39
1070.01 15566.0 3384.17
1076.29 15566.0 3373.42
1082.58 15566.0 3361.86
1088.87 15566.0 3351.20
1095.16 15566.0 3347.50
1101.45 15566.0 3343.96
1107.74 15566.0 3340.57
1114.03 15566.0 3337.37
1120.32 15566.0 3334.24
1126.61 15566.0 3331.26
1132.90 15566.0 3328.35
1139.19 15566.0 3325.57
1145.48 15566.0 3322.88
1151.77 15566.0 3320.25
1158.06 15566.0 3317.70
1164.34 15566.0 3315.25
1170.63 15566.0 3312.85
1176.92 15566.0 3310.52
1183.21 15566.0 3308.22
1189.50 15566.0 3305.98
1195.79 15566.0 3303.76
1202.08 15566.0 3301.48
1208.37 15566.0 3299.33
1214.66 15566.0 3296.67
1220.95 15566.0 3294.96
1227.24 15566.0 3293.31
1233.53 15566.0 3291.71
1239.82 15566.0 3290.04
1246.11 15566.0 3288.46
1252.40 15566.0 3286.91
1258.68 15566.0 3285.38
1264.97 15566.0 3283.83
1271.26 15566.0 3282.32
1277.55 15566.0 3280.87
1283.84 15566.0 3279.41
1290.13 15566.0 3277.98
1296.42 15566.0 3276.54
1302.71 15566.0 3275.14
1309.00 15566.0 3273.75
1315.29 15566.0 3272.36
1321.58 15566.0 3270.99
1327.87 15566.0 3269.66
1334.16 15566.0 3268.31
1340.45 15566.0 3266.99
1346.73 15566.0 3265.66
1353.02 15566.0 3264.36
1359.31 15566.0 3263.05
1365.60 15566.0 3261.78
1371.89 15566.0 3260.50
1378.18 15566.0 3259.23
1384.47 15566.0 3257.96
1390.76 15566.0 3256.69
1397.05 15566.0 3255.46
1403.34 15566.0 3254.21
1409.63 15566.0 3252.99
1415.92 15566.0 3251.74
1422.21 15566.0 3250.51
1428.50 15566.0 3249.29
1434.79 15566.0 3248.07
1441.07 15566.0 3246.87
1447.36 15566.0 3245.64
1453.65 15566.0 3244.48
1459.94 15566.0 3243.22
1466.23 15566.0 3242.03
1472.52 15566.0 3240.82
1478.81 15566.0 3239.61
1485.10 15566.0 3238.41
1491.39 15566.0 3237.22
1497.68 15566.0 3236.02
1503.97 15566.0 3234.82
1510.26 15566.0 3233.63
1516.55 15566.0 3232.41
1522.84 15566.0 3231.23
1529.12 15566.0 3230.04
1535.41 15566.0 3228.85
1541.70 15566.0 3227.64
1547.99 15566.0 3226.45
1554.28 15566.0 3225.25
1560.57 15566.0 3222.20
1566.86 15566.0 3216.82
1573.15 15566.0 3211.29
573.150 15691.8 3507.74
579.439 15691.8 3507.11
585.729 15691.8 3506.49
592.018 15691.8 3505.86
598.307 15691.8 3505.24
604.597 15691.8 3504.61
610.886 15691.8 3503.98
617.175 15691.8 3503.35
623.464 15691.8 3502.71
629.754 15691.8 3502.08
636.043 15691.8 3501.44
642.332 15691.8 3500.80
648.622 15691.8 3500.15
654.911 15691.8 3499.51
661.200 15691.8 3498.87
667.490 15691.8 3498.22
673.779 15691.8 3497.57
680.068 15691.8 3496.92
686.358 15691.8 3496.27
692.647 15691.8 3495.61
698.936 15691.8 3494.97
705.225 15691.8 3494.32
711.515 15691.8 3493.69
717.804 15691.8 3493.04
724.093 15691.8 3492.39
730.383 15691.8 3491.75
736.672 15691.8 3491.10
742.961 15691.8 3490.45
749.251 15691.8 3489.79
755.540 15691.8 3489.14
761.829 15691.8 3488.49
768.119 15691.8 3487.82
774.408 15691.8 3487.15
780.697 15691.8 3486.50
786.986 15691.8 3485.82
793.276 15691.8 3485.16
799.565 15691.8 3484.48
805.854 15691.8 3483.81
812.144 15691.8 3483.13
818.433 15691.8 3482.44
824.722 15691.8 3481.76
831.012 15691.8 3481.06
837.301 15691.8 3480.37
843.590 15691.8 3479.67
849.880 15691.8 3478.97
856.169 15691.8 3478.26
862.458 15691.8 3477.54
868.747 15691.8 3476.82
875.037 15691.8 3476.09
881.326 15691.8 3475.36
887.615 15691.8 3474.62
893.905 15691.8 3473.88
900.194 15691.8 3473.13
906.483 15691.8 3472.36
912.773 15691.8 3471.59
919.062 15691.8 3470.80
925.351 15691.8 3470.01
931.641 15691.8 3469.22
937.930 15691.8 3468.42
944.219 15691.8 3467.59
950.508 15691.8 3466.76
956.798 15691.8 3465.91
963.087 15691.8 3465.06
969.376 15691.8 3464.18
975.666 15691.8 3463.30
981.955 15691.8 3462.39
988.244 15691.8 3461.48
994.534 15691.8 3460.54
1000.82 15691.8 3459.58
1007.11 15691.8 3458.61
1013.40 15691.8 3457.60
1019.69 15691.8 3456.57
1025.98 15691.8 3455.54
1032.27 15691.8 3454.47
1038.56 15691.8 3446.79
1044.85 15691.8 3436.35
1051.14 15691.8 3426.20
1057.43 15691.8 3416.21
1063.72 15691.8 3406.25
1070.01 15691.8 3396.12
1076.29 15691.8 3385.70
1082.58 15691.8 3374.74
1088.87 15691.8 3362.99
1095.16 15691.8 3354.06
1101.45 15691.8 3350.26
1107.74 15691.8 3346.63
1114.03 15691.8 3343.19
1120.32 15691.8 3339.80
1126.61 15691.8 3336.66
1132.90 15691.8 3333.62
1139.19 15691.8 3330.64
1145.48 15691.8 3327.83
1151.77 15691.8 3325.09
1158.06 15691.8 3322.41
1164.34 15691.8 3319.82
1170.63 15691.8 3317.19
1176.92 15691.8 3314.87
1183.21 15691.8 3312.48
1189.50 15691.8 3310.15
1195.79 15691.8 3307.85
1202.08 15691.8 3305.58
1208.37 15691.8 3303.32
1214.66 15691.8 3300.97
1220.95 15691.8 3298.58
1227.24 15691.8 3296.86
1233.53 15691.8 3295.15
1239.82 15691.8 3293.50
1246.11 15691.8 3291.86
1252.40 15691.8 3290.23
1258.68 15691.8 3288.64
1264.97 15691.8 3287.10
1271.26 15691.8 3285.55
1277.55 15691.8 3284.01
1283.84 15691.8 3282.52
1290.13 15691.8 3281.06
1296.42 15691.8 3279.58
1302.71 15691.8 3278.13
1309.00 15691.8 3276.69
1315.29 15691.8 3275.30
1321.58 15691.8 3273.91
1327.87 15691.8 3272.53
1334.16 15691.8 3271.14
1340.45 15691.8 3269.80
1346.73 15691.8 3268.44
1353.02 15691.8 3267.09
1359.31 15691.8 3265.79
1365.60 15691.8 3264.50
1371.89 15691.8 3263.18
1378.18 15691.8 3261.87
1384.47 15691.8 3260.57
1390.76 15691.8 3259.33
1397.05 15691.8 3258.04
1403.34 15691.8 3256.77
1409.63 15691.8 3255.52
1415.92 15691.8 3254.26
1422.21 15691.8 3253.02
1428.50 15691.8 3251.78
1434.79 15691.8 3250.54
1441.07 15691.8 3249.30
1447.36 15691.8 3248.08
1453.65 15691.8 3246.84
1459.94 15691.8 3245.62
1466.23 15691.8 3244.40
1472.52 15691.8 3243.22
1478.81 15691.8 3241.97
1485.10 15691.8 3240.75
1491.39 15691.8 3239.60
1497.68 15691.8 3238.32
1503.97 15691.8 3237.12
1510.26 15691.8 3235.91
1516.55 15691.8 3234.69
1522.84 15691.8 3233.50
1529.12 15691.8 3232.29
1535.41 15691.8 3231.08
1541.70 15691.8 3229.87
1547.99 15691.8 3228.68
1554.28 15691.8 3227.46
1560.57 15691.8 3226.25
1566.86 15691.8 3225.04
1573.15 15691.8 3220.21
573.150 15817.6 3508.11
579.439 15817.6 3507.49
585.729 15817.6 3506.87
592.018 15817.6 3506.25
598.307 15817.6 3505.62
604.597 15817.6 3504.99
610.886 15817.6 3504.36
617.175 15817.6 3503.73
623.464 15817.6 3503.10
629.754 15817.6 3502.46
636.043 15817.6 3501.82
642.332 15817.6 3501.19
648.622 15817.6 3500.54
654.911 15817.6 3499.90
661.200 15817.6 3499.25
667.490 15817.6 3498.61
673.779 15817.6 3497.96
680.068 15817.6 3497.30
686.358 15817.6 3496.65
692.647 15817.6 3496.00
698.936 15817.6 3495.36
705.225 15817.6 3494.72
711.515 15817.6 3494.07
717.804 15817.6 3493.44
724.093 15817.6 3492.79
730.383 15817.6 3492.14
736.672 15817.6 3491.49
742.961 15817.6 3490.84
749.251 15817.6 3490.19
755.540 15817.6 3489.53
761.829 15817.6 3488.88
768.119 15817.6 3488.22
774.408 15817.6 3487.55
780.697 15817.6 3486.90
786.986 15817.6 3486.22
793.276 15817.6 3485.56
799.565 15817.6 3484.89
805.854 15817.6 3484.21
812.144 15817.6 3483.53
818.433 15817.6 3482.85
824.722 15817.6 3482.16
831.012 15817.6 3481.48
837.301 15817.6 3480.78
843.590 15817.6 3480.08
849.880 15817.6 3479.38
856.169 15817.6 3478.67
862.458 15817.6 3477.96
868.747 15817.6 3477.25
875.037 15817.6 3476.51
881.326 15817.6 3475.79
887.615 15817.6 3475.05
893.905 15817.6 3474.30
900.194 15817.6 3473.55
906.483 15817.6 3472.80
912.773 15817.6 3472.03
919.062 15817.6 3471.25
925.351 15817.6 3470.43
931.641 15817.6 3469.67
937.930 15817.6 3468.86
944.219 15817.6 3468.04
950.508 15817.6 3467.22
956.798 15817.6 3466.37
963.087 15817.6 3465.52
969.376 15817.6 3464.65
975.666 15817.6 3463.75
981.955 15817.6 3462.87
988.244 15817.6 3461.95
994.534 15817.6 3461.02
1000.82 15817.6 3460.07
1007.11 15817.6 3459.10
1013.40 15817.6 3458.11
1019.69 15817.6 3457.09
1025.98 15817.6 3456.06
1032.27 15817.6 3454.99
1038.56 15817.6 3453.91
1044.85 15817.6 3449.53
1051.14 15817.6 3438.88
1057.43 15817.6 3428.53
1063.72 15817.6 3418.36
1070.01 15817.6 3408.20
1076.29 15817.6 3397.90
1082.58 15817.6 3387.25
1088.87 15817.6 3376.10
1095.16 15817.6 3364.15
1101.45 15817.6 3356.91
1107.74 15817.6 3353.03
1114.03 15817.6 3349.35
1120.32 15817.6 3345.79
1126.61 15817.6 3342.42
1132.90 15817.6 3339.13
1139.19 15817.6 3336.03
1145.48 15817.6 3333.01
1151.77 15817.6 3330.13
1158.06 15817.6 3327.31
1164.34 15817.6 3324.57
1170.63 15817.6 3321.97
1176.92 15817.6 3319.41
1183.21 15817.6 3316.90
1189.50 15817.6 3314.48
1195.79 15817.6 3312.10
1202.08 15817.6 3309.75
1208.37 15817.6 3307.43
1214.66 15817.6 3305.08
1220.95 15817.6 3302.42
1227.24 15817.6 3300.53
1233.53 15817.6 3298.76
1239.82 15817.6 3297.06
1246.11 15817.6 3295.34
1252.40 15817.6 3293.69
1258.68 15817.6 3292.04
1264.97 15817.6 3290.40
1271.26 15817.6 3288.86
1277.55 15817.6 3287.27
1283.84 15817.6 3285.73
1290.13 15817.6 3284.19
1296.42 15817.6 3282.71
1302.71 15817.6 3281.21
1309.00 15817.6 3279.77
1315.29 15817.6 3278.32
1321.58 15817.6 3276.87
1327.87 15817.6 3275.45
1334.16 15817.6 3274.03
1340.45 15817.6 3272.66
1346.73 15817.6 3271.30
1353.02 15817.6 3269.93
1359.31 15817.6 3268.58
1365.60 15817.6 3267.24
1371.89 15817.6 3265.90
1378.18 15817.6 3264.59
1384.47 15817.6 3263.27
1390.76 15817.6 3261.97
1397.05 15817.6 3260.67
1403.34 15817.6 3259.38
1409.63 15817.6 3258.10
1415.92 15817.6 3256.83
1422.21 15817.6 3255.57
1428.50 15817.6 3254.28
1434.79 15817.6 3253.05
1441.07 15817.6 3251.77
1447.36 15817.6 3250.55
1453.65 15817.6 3249.29
1459.94 15817.6 3248.06
1466.23 15817.6 3246.79
1472.52 15817.6 3245.60
1478.81 15817.6 3244.32
1485.10 15817.6 3243.10
1491.39 15817.6 3241.90
1497.68 15817.6 3240.67
1503.97 15817.6 3239.46
1510.26 15817.6 3238.23
1516.55 15817.6 3237.00
1522.84 15817.6 3235.78
1529.12 15817.6 3234.54
1535.41 15817.6 3233.35
1541.70 15817.6 3232.13
1547.99 15817.6 3230.90
1554.28 15817.6 3229.68
1560.57 15817.6 3228.47
1566.86 15817.6 3227.24
1573.15 15817.6 3226.02
573.150 15943.4 3508.49
579.439 15943.4 3507.87
585.729 15943.4 3507.25
592.018 15943.4 3506.63
598.307 15943.4 3506.00
604.597 15943.4 3505.37
610.886 15943.4 3504.74
617.175 15943.4 3504.12
623.464 15943.4 3503.48
629.754 15943.4 3502.85
636.043 15943.4 3502.21
642.332 15943.4 3501.57
648.622 15943.4 3500.93
654.911 15943.4 3500.29
661.200 15943.4 3499.64
667.490 15943.4 3498.99
673.779 15943.4 3498.35
680.068 15943.4 3497.70
686.358 15943.4 3497.04
692.647 15943.4 3496.39
698.936 15943.4 3495.75
705.225 15943.4 3495.11
711.515 15943.4 3494.46
717.804 15943.4 3493.83
724.093 15943.4 3493.18
730.383 15943.4 3492.53
736.672 15943.4 3491.88
742.961 15943.4 3491.23
749.251 15943.4 3490.60
755.540 15943.4 3489.93
761.829 15943.4 3489.28
768.119 15943.4 3488.62
774.408 15943.4 3487.96
780.697 15943.4 3487.30
786.986 15943.4 3486.63
793.276 15943.4 3485.96
799.565 15943.4 3485.29
805.854 15943.4 3484.62
812.144 15943.4 3483.95
818.433 15943.4 3483.26
824.722 15943.4 3482.58
831.012 15943.4 3481.89
837.301 15943.4 3481.19
843.590 15943.4 3480.50
849.880 15943.4 3479.80
856.169 15943.4 3479.09
862.458 15943.4 3478.38
868.747 15943.4 3477.66
875.037 15943.4 3476.94
881.326 15943.4 3476.21
887.615 15943.4 3475.48
893.905 15943.4 3474.73
900.194 15943.4 3473.99
906.483 15943.4 3473.22
912.773 15943.4 3472.46
919.062 15943.4 3471.69
925.351 15943.4 3470.90
931.641 15943.4 3470.11
937.930 15943.4 3469.31
944.219 15943.4 3468.49
950.508 15943.4 3467.67
956.798 15943.4 3466.83
963.087 15943.4 3465.98
969.376 15943.4 3465.11
975.666 15943.4 3464.24
981.955 15943.4 3463.33
988.244 15943.4 3462.42
994.534 15943.4 3461.50
1000.82 15943.4 3460.56
1007.11 15943.4 3459.58
1013.40 15943.4 3458.60
1019.69 15943.4 3457.59
1025.98 15943.4 3456.57
1032.27 15943.4 3455.51
1038.56 15943.4 3454.44
1044.85 15943.4 3453.34
1051.14 15943.4 3452.20
1057.43 15943.4 3441.42
1063.72 15943.4 3430.89
1070.01 15943.4 3420.52
1076.29 15943.4 3410.17
1082.58 15943.4 3399.68
1088.87 15943.4 3388.86
1095.16 15943.4 3377.47
1101.45 15943.4 3365.31
1107.74 15943.4 3359.88
1114.03 15943.4 3355.88
1120.32 15943.4 3352.09
1126.61 15943.4 3348.45
1132.90 15943.4 3345.00
1139.19 15943.4 3341.70
1145.48 15943.4 3338.51
1151.77 15943.4 3335.42
1158.06 15943.4 3332.46
1164.34 15943.4 3329.46
1170.63 15943.4 3326.77
1176.92 15943.4 3324.15
1183.21 15943.4 3321.54
1189.50 15943.4 3319.00
1195.79 15943.4 3316.51
1202.08 15943.4 3314.06
1208.37 15943.4 3311.68
1214.66 15943.4 3309.25
1220.95 15943.4 3306.75
1227.24 15943.4 3304.30
1233.53 15943.4 3302.48
1239.82 15943.4 3300.69
1246.11 15943.4 3298.95
1252.40 15943.4 3297.24
1258.68 15943.4 3295.50
1264.97 15943.4 3293.86
1271.26 15943.4 3292.22
1277.55 15943.4 3290.59
1283.84 15943.4 3289.00
1290.13 15943.4 3287.42
1296.42 15943.4 3285.90
1302.71 15943.4 3284.39
1309.00 15943.4 3282.86
1315.29 15943.4 3281.39
1321.58 15943.4 3279.91
1327.87 15943.4 3278.46
1334.16 15943.4 3277.03
1340.45 15943.4 3275.60
1346.73 15943.4 3274.20
1353.02 15943.4 3272.80
1359.31 15943.4 3271.42
1365.60 15943.4 3270.05
1371.89 15943.4 3268.71
1378.18 15943.4 3267.33
1384.47 15943.4 3266.00
1390.76 15943.4 3264.69
1397.05 15943.4 3263.35
1403.34 15943.4 3262.04
1409.63 15943.4 3260.72
1415.92 15943.4 3259.44
1422.21 15943.4 3258.14
1428.50 15943.4 3256.87
1434.79 15943.4 3255.59
1441.07 15943.4 3254.31
1447.36 15943.4 3253.04
1453.65 15943.4 3251.73
1459.94 15943.4 3250.53
1466.23 15943.4 3249.27
1472.52 15943.4 3248.02
1478.81 15943.4 3246.77
1485.10 15943.4 3245.53
1491.39 15943.4 3244.28
1497.68 15943.4 3243.04
1503.97 15943.4 3241.80
1510.26 15943.4 3240.56
1516.55 15943.4 3239.35
1522.84 15943.4 3238.11
1529.12 15943.4 3236.86
1535.41 15943.4 3235.63
1541.70 15943.4 3234.42
1547.99 15943.4 3233.16
1554.28 15943.4 3231.92
1560.57 15943.4 3230.70
1566.86 15943.4 3229.54
1573.15 15943.4 3228.24
573.150 16069.2 3508.87
579.439 16069.2 3508.25
585.729 16069.2 3507.63
592.018 16069.2 3507.01
598.307 16069.2 3506.38
604.597 16069.2 3505.76
610.886 16069.2 3505.13
617.175 16069.2 3504.50
623.464 16069.2 3503.87
629.754 16069.2 3503.23
636.043 16069.2 3502.59
642.332 16069.2 3501.95
648.622 16069.2 3501.32
654.911 16069.2 3500.67
661.200 16069.2 3500.02
667.490 16069.2 3499.38
673.779 16069.2 3498.73
680.068 16069.2 3498.08
686.358 16069.2 3497.43
692.647 16069.2 3496.78
698.936 16069.2 3496.14
705.225 16069.2 3495.50
711.515 16069.2 3494.86
717.804 16069.2 3494.22
724.093 16069.2 3493.57
730.383 16069.2 3492.92
736.672 16069.2 3492.28
742.961 16069.2 3491.63
749.251 16069.2 3490.98
755.540 16069.2 3490.33
761.829 16069.2 3489.67
768.119 16069.2 3489.02
774.408 16069.2 3488.36
780.697 16069.2 3487.70
786.986 16069.2 3487.03
793.276 16069.2 3486.37
799.565 16069.2 3485.70
805.854 16069.2 3485.02
812.144 16069.2 3484.35
818.433 16069.2 3483.67
824.722 16069.2 3482.98
831.012 16069.2 3482.29
837.301 16069.2 3481.61
843.590 16069.2 3480.92
849.880 16069.2 3480.21
856.169 16069.2 3479.51
862.458 16069.2 3478.80
868.747 16069.2 3478.08
875.037 16069.2 3477.36
881.326 16069.2 3476.63
887.615 16069.2 3475.90
893.905 16069.2 3475.16
900.194 16069.2 3474.42
906.483 16069.2 3473.66
912.773 16069.2 3472.90
919.062 16069.2 3472.12
925.351 16069.2 3471.35
931.641 16069.2 3470.56
937.930 16069.2 3469.75
944.219 16069.2 3468.94
950.508 16069.2 3468.12
956.798 16069.2 3467.29
963.087 16069.2 3466.44
969.376 16069.2 3465.58
975.666 16069.2 3464.70
981.955 16069.2 3463.81
988.244 16069.2 3462.91
994.534 16069.2 3461.98
1000.82 16069.2 3461.04
1007.11 16069.2 3460.08
1013.40 16069.2 3459.10
1019.69 16069.2 3458.11
1025.98 16069.2 3457.08
1032.27 16069.2 3456.03
1038.56 16069.2 3454.96
1044.85 16069.2 3453.86
1051.14 16069.2 3452.74
1057.43 16069.2 3451.59
1063.72 16069.2 3443.95
1070.01 16069.2 3433.24
1076.29 16069.2 3422.68
1082.58 16069.2 3412.16
1088.87 16069.2 3401.48
1095.16 16069.2 3390.46
1101.45 16069.2 3378.93
1107.74 16069.2 3367.12
1114.03 16069.2 3362.85
1120.32 16069.2 3358.80
1126.61 16069.2 3354.90
1132.90 16069.2 3351.16
1139.19 16069.2 3347.64
1145.48 16069.2 3344.23
1151.77 16069.2 3341.09
1158.06 16069.2 3337.88
1164.34 16069.2 3334.83
1170.63 16069.2 3331.89
1176.92 16069.2 3329.09
1183.21 16069.2 3326.37
1189.50 16069.2 3323.69
1195.79 16069.2 3321.11
1202.08 16069.2 3318.56
1208.37 16069.2 3316.07
1214.66 16069.2 3313.59
1220.95 16069.2 3311.10
1227.24 16069.2 3308.28
1233.53 16069.2 3306.33
1239.82 16069.2 3304.46
1246.11 16069.2 3302.66
1252.40 16069.2 3300.87
1258.68 16069.2 3299.11
1264.97 16069.2 3297.38
1271.26 16069.2 3295.70
1277.55 16069.2 3294.03
1283.84 16069.2 3292.37
1290.13 16069.2 3290.78
1296.42 16069.2 3289.19
1302.71 16069.2 3287.61
1309.00 16069.2 3286.08
1315.29 16069.2 3284.53
1321.58 16069.2 3283.02
1327.87 16069.2 3281.54
1334.16 16069.2 3280.05
1340.45 16069.2 3278.61
1346.73 16069.2 3277.18
1353.02 16069.2 3275.74
1359.31 16069.2 3274.33
1365.60 16069.2 3272.92
1371.89 16069.2 3271.51
1378.18 16069.2 3270.16
1384.47 16069.2 3268.78
1390.76 16069.2 3267.43
1397.05 16069.2 3266.08
1403.34 16069.2 3264.75
1409.63 16069.2 3263.41
1415.92 16069.2 3262.08
1422.21 16069.2 3260.77
1428.50 16069.2 3259.47
1434.79 16069.2 3258.18
1441.07 16069.2 3256.86
1447.36 16069.2 3255.59
1453.65 16069.2 3254.30
1459.94 16069.2 3253.03
1466.23 16069.2 3251.75
1472.52 16069.2 3250.48
1478.81 16069.2 3249.22
1485.10 16069.2 3247.95
1491.39 16069.2 3246.70
1497.68 16069.2 3245.44
1503.97 16069.2 3244.19
1510.26 16069.2 3242.93
1516.55 16069.2 3241.68
1522.84 16069.2 3240.43
1529.12 16069.2 3239.19
1535.41 16069.2 3237.94
1541.70 16069.2 3236.69
1547.99 16069.2 3235.43
1554.28 16069.2 3234.21
1560.57 16069.2 3232.94
1566.86 16069.2 3231.75
1573.15 16069.2 3230.49
573.150 16195.0 3509.25
579.439 16195.0 3508.63
585.729 16195.0 3508.01
592.018 16195.0 3507.39
598.307 16195.0 3506.77
604.597 16195.0 3506.14
610.886 16195.0 3505.51
617.175 16195.0 3504.88
623.464 16195.0 3504.25
629.754 16195.0 3503.61
636.043 16195.0 3502.97
642.332 16195.0 3502.34
648.622 16195.0 3501.70
654.911 16195.0 3501.06
661.200 16195.0 3500.41
667.490 16195.0 3499.77
673.779 16195.0 3499.12
680.068 16195.0 3498.47
686.358 16195.0 3497.82
692.647 16195.0 3497.17
698.936 16195.0 3496.53
705.225 16195.0 3495.89
711.515 16195.0 3495.25
717.804 16195.0 3494.61
724.093 16195.0 3493.96
730.383 16195.0 3493.32
736.672 16195.0 3492.67
742.961 16195.0 3492.03
749.251 16195.0 3491.38
755.540 16195.0 3490.72
761.829 16195.0 3490.06
768.119 16195.0 3489.42
774.408 16195.0 3488.76
780.697 16195.0 3488.10
786.986 16195.0 3487.43
793.276 16195.0 3486.78
799.565 16195.0 3486.10
805.854 16195.0 3485.43
812.144 16195.0 3484.75
818.433 16195.0 3484.08
824.722 16195.0 3483.39
831.012 16195.0 3482.71
837.301 16195.0 3482.02
843.590 16195.0 3481.33
849.880 16195.0 3480.62
856.169 16195.0 3479.93
862.458 16195.0 3479.21
868.747 16195.0 3478.50
875.037 16195.0 3477.78
881.326 16195.0 3477.06
887.615 16195.0 3476.33
893.905 16195.0 3475.59
900.194 16195.0 3474.84
906.483 16195.0 3474.09
912.773 16195.0 3473.33
919.062 16195.0 3472.56
925.351 16195.0 3471.78
931.641 16195.0 3471.00
937.930 16195.0 3470.20
944.219 16195.0 3469.39
950.508 16195.0 3468.57
956.798 16195.0 3467.74
963.087 16195.0 3466.90
969.376 16195.0 3466.04
975.666 16195.0 3465.17
981.955 16195.0 3464.28
988.244 16195.0 3463.38
994.534 16195.0 3462.45
1000.82 16195.0 3461.53
1007.11 16195.0 3460.57
1013.40 16195.0 3459.59
1019.69 16195.0 3458.60
1025.98 16195.0 3457.58
1032.27 16195.0 3456.54
1038.56 16195.0 3455.47
1044.85 16195.0 3454.39
1051.14 16195.0 3453.28
1057.43 16195.0 3452.13
1063.72 16195.0 3450.97
1070.01 16195.0 3446.47
1076.29 16195.0 3435.58
1082.58 16195.0 3424.85
1088.87 16195.0 3414.14
1095.16 16195.0 3403.29
1101.45 16195.0 3392.10
1107.74 16195.0 3380.38
1114.03 16195.0 3370.21
1120.32 16195.0 3365.85
1126.61 16195.0 3361.66
1132.90 16195.0 3357.70
1139.19 16195.0 3353.95
1145.48 16195.0 3350.30
1151.77 16195.0 3346.87
1158.06 16195.0 3343.51
1164.34 16195.0 3340.29
1170.63 16195.0 3337.24
1176.92 16195.0 3334.26
1183.21 16195.0 3331.38
1189.50 16195.0 3328.59
1195.79 16195.0 3325.87
1202.08 16195.0 3323.22
1208.37 16195.0 3320.63
1214.66 16195.0 3318.07
1220.95 16195.0 3315.50
1227.24 16195.0 3312.84
1233.53 16195.0 3310.30
1239.82 16195.0 3308.37
1246.11 16195.0 3306.48
1252.40 16195.0 3304.63
1258.68 16195.0 3302.81
1264.97 16195.0 3301.03
1271.26 16195.0 3299.28
1277.55 16195.0 3297.51
1283.84 16195.0 3295.87
1290.13 16195.0 3294.18
1296.42 16195.0 3292.53
1302.71 16195.0 3290.94
1309.00 16195.0 3289.33
1315.29 16195.0 3287.78
1321.58 16195.0 3286.23
1327.87 16195.0 3284.70
1334.16 16195.0 3283.21
1340.45 16195.0 3281.68
1346.73 16195.0 3280.19
1353.02 16195.0 3278.72
1359.31 16195.0 3277.30
1365.60 16195.0 3275.85
1371.89 16195.0 3274.44
1378.18 16195.0 3273.02
1384.47 16195.0 3271.63
1390.76 16195.0 3270.24
1397.05 16195.0 3268.86
1403.34 16195.0 3267.51
1409.63 16195.0 3266.15
1415.92 16195.0 3264.80
1422.21 16195.0 3263.44
1428.50 16195.0 3262.13
1434.79 16195.0 3260.79
1441.07 16195.0 3259.53
1447.36 16195.0 3258.17
1453.65 16195.0 3256.87
1459.94 16195.0 3255.58
1466.23 16195.0 3254.28
1472.52 16195.0 3252.99
1478.81 16195.0 3251.68
1485.10 16195.0 3250.42
1491.39 16195.0 3249.15
1497.68 16195.0 3247.88
1503.97 16195.0 3246.61
1510.26 16195.0 3245.35
1516.55 16195.0 3244.08
1522.84 16195.0 3242.81
1529.12 16195.0 3241.56
1535.41 16195.0 3240.29
1541.70 16195.0 3239.02
1547.99 16195.0 3237.76
1554.28 16195.0 3236.52
1560.57 16195.0 3235.27
1566.86 16195.0 3234.00
1573.15 16195.0 3232.76
573.150 16320.8 3509.63
579.439 16320.8 3509.01
585.729 16320.8 3508.39
592.018 16320.8 3507.77
598.307 16320.8 3507.15
604.597 16320.8 3506.52
610.886 16320.8 3505.89
617.175 16320.8 3505.26
623.464 16320.8 3504.63
629.754 16320.8 3503.99
636.043 16320.8 3503.36
642.332 16320.8 3502.72
648.622 16320.8 3502.08
654.911 16320.8 3501.44
661.200 16320.8 3500.80
667.490 16320.8 3500.15
673.779 16320.8 3499.51
680.068 16320.8 3498.86
686.358 16320.8 3498.21
692.647 16320.8 3497.56
698.936 16320.8 3496.91
705.225 16320.8 3496.28
711.515 16320.8 3495.64
717.804 16320.8 3495.00
724.093 16320.8 3494.35
730.383 16320.8 3493.71
736.672 16320.8 3493.07
742.961 16320.8 3492.42
749.251 16320.8 3491.77
755.540 16320.8 3491.12
761.829 16320.8 3490.47
768.119 16320.8 3489.82
774.408 16320.8 3489.16
780.697 16320.8 3488.47
786.986 16320.8 3487.84
793.276 16320.8 3487.17
799.565 16320.8 3486.49
805.854 16320.8 3485.83
812.144 16320.8 3485.16
818.433 16320.8 3484.48
824.722 16320.8 3483.80
831.012 16320.8 3483.12
837.301 16320.8 3482.46
843.590 16320.8 3481.74
849.880 16320.8 3481.04
856.169 16320.8 3480.34
862.458 16320.8 3479.63
868.747 16320.8 3478.94
875.037 16320.8 3478.21
881.326 16320.8 3477.48
887.615 16320.8 3476.75
893.905 16320.8 3476.02
900.194 16320.8 3475.28
906.483 16320.8 3474.52
912.773 16320.8 3473.77
919.062 16320.8 3473.00
925.351 16320.8 3472.23
931.641 16320.8 3471.44
937.930 16320.8 3470.64
944.219 16320.8 3469.84
950.508 16320.8 3469.02
956.798 16320.8 3468.20
963.087 16320.8 3467.36
969.376 16320.8 3466.50
975.666 16320.8 3465.63
981.955 16320.8 3464.75
988.244 16320.8 3463.85
994.534 16320.8 3462.94
1000.82 16320.8 3462.01
1007.11 16320.8 3461.06
1013.40 16320.8 3460.08
1019.69 16320.8 3459.11
1025.98 16320.8 3458.08
1032.27 16320.8 3457.05
1038.56 16320.8 3455.99
1044.85 16320.8 3454.91
1051.14 16320.8 3453.80
1057.43 16320.8 3452.67
1063.72 16320.8 3451.51
1070.01 16320.8 3450.32
1076.29 16320.8 3448.97
1082.58 16320.8 3437.90
1088.87 16320.8 3427.01
1095.16 16320.8 3415.99
1101.45 16320.8 3405.11
1107.74 16320.8 3393.75
1114.03 16320.8 3381.85
1120.32 16320.8 3373.32
1126.61 16320.8 3368.88
1132.90 16320.8 3364.59
1139.19 16320.8 3360.54
1145.48 16320.8 3356.69
1151.77 16320.8 3353.01
1158.06 16320.8 3349.45
1164.34 16320.8 3346.09
1170.63 16320.8 3342.81
1176.92 16320.8 3339.66
1183.21 16320.8 3336.64
1189.50 16320.8 3333.68
1195.79 16320.8 3330.85
1202.08 16320.8 3328.06
1208.37 16320.8 3325.35
1214.66 16320.8 3322.72
1220.95 16320.8 3320.08
1227.24 16320.8 3317.42
1233.53 16320.8 3314.44
1239.82 16320.8 3312.41
1246.11 16320.8 3310.45
1252.40 16320.8 3308.51
1258.68 16320.8 3306.63
1264.97 16320.8 3304.78
1271.26 16320.8 3302.95
1277.55 16320.8 3301.19
1283.84 16320.8 3299.43
1290.13 16320.8 3297.71
1296.42 16320.8 3296.03
1302.71 16320.8 3294.38
1309.00 16320.8 3292.71
1315.29 16320.8 3291.08
1321.58 16320.8 3289.49
1327.87 16320.8 3287.92
1334.16 16320.8 3286.37
1340.45 16320.8 3284.83
1346.73 16320.8 3283.30
1353.02 16320.8 3281.79
1359.31 16320.8 3280.31
1365.60 16320.8 3278.86
1371.89 16320.8 3277.38
1378.18 16320.8 3275.95
1384.47 16320.8 3274.52
1390.76 16320.8 3273.11
1397.05 16320.8 3271.70
1403.34 16320.8 3270.33
1409.63 16320.8 3268.93
1415.92 16320.8 3267.54
1422.21 16320.8 3266.16
1428.50 16320.8 3264.82
1434.79 16320.8 3263.49
1441.07 16320.8 3262.14
1447.36 16320.8 3260.81
1453.65 16320.8 3259.47
1459.94 16320.8 3258.16
1466.23 16320.8 3256.85
1472.52 16320.8 3255.52
1478.81 16320.8 3254.26
1485.10 16320.8 3252.93
1491.39 16320.8 3251.64
1497.68 16320.8 3250.34
1503.97 16320.8 3249.05
1510.26 16320.8 3247.77
1516.55 16320.8 3246.49
1522.84 16320.8 3245.21
1529.12 16320.8 3243.93
1535.41 16320.8 3242.65
1541.70 16320.8 3241.39
1547.99 16320.8 3240.11
1554.28 16320.8 3238.84
1560.57 16320.8 3237.52
1566.86 16320.8 3236.31
1573.15 16320.8 3235.03
573.150 16446.5 3510.01
579.439 16446.5 3509.39
585.729 16446.5 3508.77
592.018 16446.5 3508.14
598.307 16446.5 3507.53
604.597 16446.5 3506.90
610.886 16446.5 3506.27
617.175 16446.5 3505.64
623.464 16446.5 3505.01
629.754 16446.5 3504.38
636.043 16446.5 3503.74
642.332 16446.5 3503.10
648.622 16446.5 3502.47
654.911 16446.5 3501.83
661.200 16446.5 3501.19
667.490 16446.5 3500.54
673.779 16446.5 3499.89
680.068 16446.5 3499.24
686.358 16446.5 3498.60
692.647 16446.5 3497.94
698.936 16446.5 3497.31
705.225 16446.5 3496.67
711.515 16446.5 3496.03
717.804 16446.5 3495.39
724.093 16446.5 3494.75
730.383 16446.5 3494.11
736.672 16446.5 3493.47
742.961 16446.5 3492.81
749.251 16446.5 3492.18
755.540 16446.5 3491.52
761.829 16446.5 3490.88
768.119 16446.5 3490.21
774.408 16446.5 3489.56
780.697 16446.5 3488.90
786.986 16446.5 3488.24
793.276 16446.5 3487.58
799.565 16446.5 3486.91
805.854 16446.5 3486.25
812.144 16446.5 3485.57
818.433 16446.5 3484.89
824.722 16446.5 3484.21
831.012 16446.5 3483.53
837.301 16446.5 3482.84
843.590 16446.5 3482.15
849.880 16446.5 3481.45
856.169 16446.5 3480.68
862.458 16446.5 3480.06
868.747 16446.5 3479.34
875.037 16446.5 3478.63
881.326 16446.5 3477.90
887.615 16446.5 3477.18
893.905 16446.5 3476.45
900.194 16446.5 3475.70
906.483 16446.5 3474.96
912.773 16446.5 3474.21
919.062 16446.5 3473.44
925.351 16446.5 3472.66
931.641 16446.5 3471.88
937.930 16446.5 3471.08
944.219 16446.5 3470.29
950.508 16446.5 3469.48
956.798 16446.5 3468.65
963.087 16446.5 3467.82
969.376 16446.5 3466.96
975.666 16446.5 3466.10
981.955 16446.5 3465.21
988.244 16446.5 3464.32
994.534 16446.5 3463.41
1000.82 16446.5 3462.48
1007.11 16446.5 3461.54
1013.40 16446.5 3460.58
1019.69 16446.5 3459.59
1025.98 16446.5 3458.59
1032.27 16446.5 3457.57
1038.56 16446.5 3456.52
1044.85 16446.5 3455.43
1051.14 16446.5 3454.34
1057.43 16446.5 3453.21
1063.72 16446.5 3452.06
1070.01 16446.5 3450.86
1076.29 16446.5 3449.68
1082.58 16446.5 3448.44
1088.87 16446.5 3440.21
1095.16 16446.5 3429.15
1101.45 16446.5 3418.11
1107.74 16446.5 3406.95
1114.03 16446.5 3395.42
1120.32 16446.5 3383.35
1126.61 16446.5 3376.44
1132.90 16446.5 3371.87
1139.19 16446.5 3367.55
1145.48 16446.5 3363.41
1151.77 16446.5 3359.45
1158.06 16446.5 3355.71
1164.34 16446.5 3352.12
1170.63 16446.5 3348.64
1176.92 16446.5 3345.33
1183.21 16446.5 3342.11
1189.50 16446.5 3339.01
1195.79 16446.5 3336.00
1202.08 16446.5 3333.13
1208.37 16446.5 3330.27
1214.66 16446.5 3327.49
1220.95 16446.5 3324.80
1227.24 16446.5 3322.07
1233.53 16446.5 3319.18
1239.82 16446.5 3316.57
1246.11 16446.5 3314.51
1252.40 16446.5 3312.54
1258.68 16446.5 3310.57
1264.97 16446.5 3308.63
1271.26 16446.5 3306.78
1277.55 16446.5 3304.92
1283.84 16446.5 3303.12
1290.13 16446.5 3301.34
1296.42 16446.5 3299.58
1302.71 16446.5 3297.85
1309.00 16446.5 3296.18
1315.29 16446.5 3294.49
1321.58 16446.5 3292.84
1327.87 16446.5 3291.23
1334.16 16446.5 3289.63
1340.45 16446.5 3288.03
1346.73 16446.5 3286.48
1353.02 16446.5 3284.94
1359.31 16446.5 3283.41
1365.60 16446.5 3281.89
1371.89 16446.5 3280.41
1378.18 16446.5 3278.94
1384.47 16446.5 3277.49
1390.76 16446.5 3276.02
1397.05 16446.5 3274.59
1403.34 16446.5 3273.18
1409.63 16446.5 3271.77
1415.92 16446.5 3270.36
1422.21 16446.5 3268.96
1428.50 16446.5 3267.57
1434.79 16446.5 3266.21
1441.07 16446.5 3264.82
1447.36 16446.5 3263.48
1453.65 16446.5 3262.13
1459.94 16446.5 3260.75
1466.23 16446.5 3259.44
1472.52 16446.5 3258.10
1478.81 16446.5 3256.79
1485.10 16446.5 3255.46
1491.39 16446.5 3254.15
1497.68 16446.5 3252.84
1503.97 16446.5 3251.54
1510.26 16446.5 3250.26
1516.55 16446.5 3248.93
1522.84 16446.5 3247.66
1529.12 16446.5 3246.34
1535.41 16446.5 3245.06
1541.70 16446.5 3243.78
1547.99 16446.5 3242.48
1554.28 16446.5 3241.20
1560.57 16446.5 3239.90
1566.86 16446.5 3238.64
1573.15 16446.5 3237.36
573.150 16572.3 3510.39
579.439 16572.3 3509.77
585.729 16572.3 3509.15
592.018 16572.3 3508.53
598.307 16572.3 3507.90
604.597 16572.3 3507.28
610.886 16572.3 3506.65
617.175 16572.3 3506.02
623.464 16572.3 3505.39
629.754 16572.3 3504.76
636.043 16572.3 3504.13
642.332 16572.3 3503.49
648.622 16572.3 3502.85
654.911 16572.3 3502.21
661.200 16572.3 3501.57
667.490 16572.3 3500.93
673.779 16572.3 3500.28
680.068 16572.3 3499.63
686.358 16572.3 3498.99
692.647 16572.3 3498.33
698.936 16572.3 3497.69
705.225 16572.3 3497.06
711.515 16572.3 3496.42
717.804 16572.3 3495.78
724.093 16572.3 3495.15
730.383 16572.3 3494.50
736.672 16572.3 3493.86
742.961 16572.3 3493.21
749.251 16572.3 3492.56
755.540 16572.3 3491.91
761.829 16572.3 3491.28
768.119 16572.3 3490.61
774.408 16572.3 3489.96
780.697 16572.3 3489.30
786.986 16572.3 3488.64
793.276 16572.3 3487.97
799.565 16572.3 3487.32
805.854 16572.3 3486.64
812.144 16572.3 3485.97
818.433 16572.3 3485.30
824.722 16572.3 3484.61
831.012 16572.3 3483.94
837.301 16572.3 3483.26
843.590 16572.3 3482.56
849.880 16572.3 3481.87
856.169 16572.3 3481.17
862.458 16572.3 3480.47
868.747 16572.3 3479.76
875.037 16572.3 3479.05
881.326 16572.3 3478.33
887.615 16572.3 3477.60
893.905 16572.3 3476.87
900.194 16572.3 3476.12
906.483 16572.3 3475.39
912.773 16572.3 3474.63
919.062 16572.3 3473.86
925.351 16572.3 3473.10
931.641 16572.3 3472.32
937.930 16572.3 3471.51
944.219 16572.3 3470.73
950.508 16572.3 3469.92
956.798 16572.3 3469.10
963.087 16572.3 3468.27
969.376 16572.3 3467.42
975.666 16572.3 3466.56
981.955 16572.3 3465.68
988.244 16572.3 3464.79
994.534 16572.3 3463.89
1000.82 16572.3 3462.97
1007.11 16572.3 3462.03
1013.40 16572.3 3461.07
1019.69 16572.3 3460.09
1025.98 16572.3 3459.09
1032.27 16572.3 3458.06
1038.56 16572.3 3457.02
1044.85 16572.3 3455.96
1051.14 16572.3 3454.88
1057.43 16572.3 3453.75
1063.72 16572.3 3452.61
1070.01 16572.3 3451.43
1076.29 16572.3 3450.23
1082.58 16572.3 3449.00
1088.87 16572.3 3447.76
1095.16 16572.3 3442.49
1101.45 16572.3 3431.27
1107.74 16572.3 3420.08
1114.03 16572.3 3408.74
1120.32 16572.3 3397.08
1126.61 16572.3 3384.85
1132.90 16572.3 3379.57
1139.19 16572.3 3374.90
1145.48 16572.3 3370.48
1151.77 16572.3 3366.29
1158.06 16572.3 3362.26
1164.34 16572.3 3358.45
1170.63 16572.3 3354.76
1176.92 16572.3 3351.23
1183.21 16572.3 3347.86
1189.50 16572.3 3344.57
1195.79 16572.3 3341.42
1202.08 16572.3 3338.29
1208.37 16572.3 3335.38
1214.66 16572.3 3332.50
1220.95 16572.3 3329.65
1227.24 16572.3 3326.85
1233.53 16572.3 3324.00
1239.82 16572.3 3320.89
1246.11 16572.3 3318.74
1252.40 16572.3 3316.65
1258.68 16572.3 3314.63
1264.97 16572.3 3312.63
1271.26 16572.3 3310.67
1277.55 16572.3 3308.76
1283.84 16572.3 3306.87
1290.13 16572.3 3305.06
1296.42 16572.3 3303.23
1302.71 16572.3 3301.46
1309.00 16572.3 3299.71
1315.29 16572.3 3297.97
1321.58 16572.3 3296.28
1327.87 16572.3 3294.61
1334.16 16572.3 3292.96
1340.45 16572.3 3291.35
1346.73 16572.3 3289.74
1353.02 16572.3 3288.14
1359.31 16572.3 3286.59
1365.60 16572.3 3285.03
1371.89 16572.3 3283.50
1378.18 16572.3 3281.99
1384.47 16572.3 3280.49
1390.76 16572.3 3279.02
1397.05 16572.3 3277.52
1403.34 16572.3 3276.09
1409.63 16572.3 3274.66
1415.92 16572.3 3273.21
1422.21 16572.3 3271.79
1428.50 16572.3 3270.35
1434.79 16572.3 3268.98
1441.07 16572.3 3267.57
1447.36 16572.3 3266.19
1453.65 16572.3 3264.82
1459.94 16572.3 3263.45
1466.23 16572.3 3262.09
1472.52 16572.3 3260.74
1478.81 16572.3 3259.38
1485.10 16572.3 3258.04
1491.39 16572.3 3256.72
1497.68 16572.3 3255.40
1503.97 16572.3 3254.07
1510.26 16572.3 3252.73
1516.55 16572.3 3251.42
1522.84 16572.3 3250.10
1529.12 16572.3 3248.79
1535.41 16572.3 3247.49
1541.70 16572.3 3246.19
1547.99 16572.3 3244.72
1554.28 16572.3 3243.64
1560.57 16572.3 3242.30
1566.86 16572.3 3240.99
1573.15 16572.3 3239.71
573.150 16698.1 3510.76
579.439 16698.1 3510.15
585.729 16698.1 3509.53
592.018 16698.1 3508.90
598.307 16698.1 3508.28
604.597 16698.1 3507.66
610.886 16698.1 3507.03
617.175 16698.1 3506.40
623.464 16698.1 3505.78
629.754 16698.1 3505.14
636.043 16698.1 3504.51
642.332 16698.1 3503.87
648.622 16698.1 3503.24
654.911 16698.1 3502.60
661.200 16698.1 3501.96
667.490 16698.1 3501.31
673.779 16698.1 3500.67
680.068 16698.1 3500.02
686.358 16698.1 3499.37
692.647 16698.1 3498.72
698.936 16698.1 3498.07
705.225 16698.1 3497.45
711.515 16698.1 3496.81
717.804 16698.1 3496.17
724.093 16698.1 3495.54
730.383 16698.1 3494.89
736.672 16698.1 3494.25
742.961 16698.1 3493.59
749.251 16698.1 3492.97
755.540 16698.1 3492.31
761.829 16698.1 3491.67
768.119 16698.1 3491.01
774.408 16698.1 3490.36
780.697 16698.1 3489.70
786.986 16698.1 3489.04
793.276 16698.1 3488.38
799.565 16698.1 3487.72
805.854 16698.1 3487.05
812.144 16698.1 3486.38
818.433 16698.1 3485.71
824.722 16698.1 3485.03
831.012 16698.1 3484.35
837.301 16698.1 3483.66
843.590 16698.1 3482.97
849.880 16698.1 3482.29
856.169 16698.1 3481.59
862.458 16698.1 3480.88
868.747 16698.1 3480.19
875.037 16698.1 3479.47
881.326 16698.1 3478.75
887.615 16698.1 3478.03
893.905 16698.1 3477.30
900.194 16698.1 3476.56
906.483 16698.1 3475.82
912.773 16698.1 3475.06
919.062 16698.1 3474.31
925.351 16698.1 3473.54
931.641 16698.1 3472.76
937.930 16698.1 3471.97
944.219 16698.1 3471.18
950.508 16698.1 3470.37
956.798 16698.1 3469.55
963.087 16698.1 3468.72
969.376 16698.1 3467.88
975.666 16698.1 3467.02
981.955 16698.1 3466.16
988.244 16698.1 3465.26
994.534 16698.1 3464.37
1000.82 16698.1 3463.45
1007.11 16698.1 3462.52
1013.40 16698.1 3461.56
1019.69 16698.1 3460.58
1025.98 16698.1 3459.59
1032.27 16698.1 3458.58
1038.56 16698.1 3457.54
1044.85 16698.1 3456.48
1051.14 16698.1 3455.39
1057.43 16698.1 3454.28
1063.72 16698.1 3453.13
1070.01 16698.1 3451.98
1076.29 16698.1 3450.78
1082.58 16698.1 3449.57
1088.87 16698.1 3448.32
1095.16 16698.1 3447.05
1101.45 16698.1 3444.73
1107.74 16698.1 3433.37
1114.03 16698.1 3422.02
1120.32 16698.1 3410.53
1126.61 16698.1 3398.73
1132.90 16698.1 3387.71
1139.19 16698.1 3382.69
1145.48 16698.1 3377.92
1151.77 16698.1 3373.43
1158.06 16698.1 3369.16
1164.34 16698.1 3365.08
1170.63 16698.1 3361.15
1176.92 16698.1 3357.41
1183.21 16698.1 3353.81
1189.50 16698.1 3350.37
1195.79 16698.1 3347.00
1202.08 16698.1 3343.81
1208.37 16698.1 3340.68
1214.66 16698.1 3337.64
1220.95 16698.1 3334.70
1227.24 16698.1 3331.80
1233.53 16698.1 3328.90
1239.82 16698.1 3325.79
1246.11 16698.1 3323.09
1252.40 16698.1 3320.94
1258.68 16698.1 3318.77
1264.97 16698.1 3316.74
1271.26 16698.1 3314.70
1277.55 16698.1 3312.72
1283.84 16698.1 3310.77
1290.13 16698.1 3308.86
1296.42 16698.1 3306.99
1302.71 16698.1 3305.14
1309.00 16698.1 3303.33
1315.29 16698.1 3301.56
1321.58 16698.1 3299.82
1327.87 16698.1 3298.08
1334.16 16698.1 3296.36
1340.45 16698.1 3294.73
1346.73 16698.1 3293.06
1353.02 16698.1 3291.42
1359.31 16698.1 3289.81
1365.60 16698.1 3288.23
1371.89 16698.1 3286.69
1378.18 16698.1 3285.10
1384.47 16698.1 3283.56
1390.76 16698.1 3282.03
1397.05 16698.1 3280.57
1403.34 16698.1 3279.08
1409.63 16698.1 3277.57
1415.92 16698.1 3276.11
1422.21 16698.1 3274.65
1428.50 16698.1 3273.22
1434.79 16698.1 3271.78
1441.07 16698.1 3270.36
1447.36 16698.1 3268.95
1453.65 16698.1 3267.55
1459.94 16698.1 3266.16
1466.23 16698.1 3264.77
1472.52 16698.1 3263.39
1478.81 16698.1 3262.03
1485.10 16698.1 3260.66
1491.39 16698.1 3259.31
1497.68 16698.1 3258.02
1503.97 16698.1 3256.61
1510.26 16698.1 3255.27
1516.55 16698.1 3253.96
1522.84 16698.1 3252.60
1529.12 16698.1 3251.27
1535.41 16698.1 3249.94
1541.70 16698.1 3248.63
1547.99 16698.1 3247.31
1554.28 16698.1 3246.00
1560.57 16698.1 3244.68
1566.86 16698.1 3243.38
1573.15 16698.1 3242.07
573.150 16823.9 3511.14
579.439 16823.9 3510.52
585.729 16823.9 3509.91
592.018 16823.9 3509.28
598.307 16823.9 3508.67
604.597 16823.9 3508.04
610.886 16823.9 3507.41
617.175 16823.9 3506.79
623.464 16823.9 3506.16
629.754 16823.9 3505.52
636.043 16823.9 3504.89
642.332 16823.9 3504.26
648.622 16823.9 3503.62
654.911 16823.9 3502.99
661.200 16823.9 3502.34
667.490 16823.9 3501.70
673.779 16823.9 3501.06
680.068 16823.9 3500.41
686.358 16823.9 3499.76
692.647 16823.9 3499.11
698.936 16823.9 3498.47
705.225 16823.9 3497.85
711.515 16823.9 3497.20
717.804 16823.9 3496.56
724.093 16823.9 3495.93
730.383 16823.9 3495.28
736.672 16823.9 3494.64
742.961 16823.9 3494.00
749.251 16823.9 3493.36
755.540 16823.9 3492.71
761.829 16823.9 3492.06
768.119 16823.9 3491.41
774.408 16823.9 3490.76
780.697 16823.9 3490.10
786.986 16823.9 3489.45
793.276 16823.9 3488.78
799.565 16823.9 3488.11
805.854 16823.9 3487.46
812.144 16823.9 3486.80
818.433 16823.9 3486.11
824.722 16823.9 3485.44
831.012 16823.9 3484.76
837.301 16823.9 3484.07
843.590 16823.9 3483.39
849.880 16823.9 3482.70
856.169 16823.9 3482.00
862.458 16823.9 3481.31
868.747 16823.9 3480.60
875.037 16823.9 3479.89
881.326 16823.9 3479.17
887.615 16823.9 3478.45
893.905 16823.9 3477.72
900.194 16823.9 3476.99
906.483 16823.9 3476.25
912.773 16823.9 3475.50
919.062 16823.9 3474.74
925.351 16823.9 3473.98
931.641 16823.9 3473.20
937.930 16823.9 3472.41
944.219 16823.9 3471.62
950.508 16823.9 3470.82
956.798 16823.9 3470.00
963.087 16823.9 3469.18
969.376 16823.9 3468.33
975.666 16823.9 3467.49
981.955 16823.9 3466.62
988.244 16823.9 3465.74
994.534 16823.9 3464.84
1000.82 16823.9 3463.92
1007.11 16823.9 3463.00
1013.40 16823.9 3462.05
1019.69 16823.9 3461.07
1025.98 16823.9 3460.10
1032.27 16823.9 3459.09
1038.56 16823.9 3458.05
1044.85 16823.9 3456.99
1051.14 16823.9 3455.92
1057.43 16823.9 3454.81
1063.72 16823.9 3453.68
1070.01 16823.9 3452.53
1076.29 16823.9 3451.36
1082.58 16823.9 3450.12
1088.87 16823.9 3448.88
1095.16 16823.9 3447.63
1101.45 16823.9 3446.33
1107.74 16823.9 3445.02
1114.03 16823.9 3435.44
1120.32 16823.9 3423.95
1126.61 16823.9 3412.30
1132.90 16823.9 3400.39
1139.19 16823.9 3390.93
1145.48 16823.9 3385.79
1151.77 16823.9 3380.97
1158.06 16823.9 3376.38
1164.34 16823.9 3372.02
1170.63 16823.9 3367.90
1176.92 16823.9 3363.88
1183.21 16823.9 3360.07
1189.50 16823.9 3356.39
1195.79 16823.9 3352.88
1202.08 16823.9 3349.49
1208.37 16823.9 3346.21
1214.66 16823.9 3343.04
1220.95 16823.9 3339.95
1227.24 16823.9 3336.89
1233.53 16823.9 3333.93
1239.82 16823.9 3330.89
1246.11 16823.9 3327.59
1252.40 16823.9 3325.34
1258.68 16823.9 3323.10
1264.97 16823.9 3320.98
1271.26 16823.9 3318.85
1277.55 16823.9 3316.78
1283.84 16823.9 3314.70
1290.13 16823.9 3312.77
1296.42 16823.9 3310.84
1302.71 16823.9 3308.94
1309.00 16823.9 3307.06
1315.29 16823.9 3305.22
1321.58 16823.9 3303.42
1327.87 16823.9 3301.64
1334.16 16823.9 3299.86
1340.45 16823.9 3298.15
1346.73 16823.9 3296.44
1353.02 16823.9 3294.78
1359.31 16823.9 3293.11
1365.60 16823.9 3291.48
1371.89 16823.9 3289.88
1378.18 16823.9 3288.29
1384.47 16823.9 3286.72
1390.76 16823.9 3285.14
1397.05 16823.9 3283.61
1403.34 16823.9 3282.08
1409.63 16823.9 3280.56
1415.92 16823.9 3279.07
1422.21 16823.9 3277.58
1428.50 16823.9 3276.10
1434.79 16823.9 3274.66
1441.07 16823.9 3273.18
1447.36 16823.9 3271.75
1453.65 16823.9 3270.33
1459.94 16823.9 3268.90
1466.23 16823.9 3267.51
1472.52 16823.9 3266.11
1478.81 16823.9 3264.70
1485.10 16823.9 3263.31
1491.39 16823.9 3261.93
1497.68 16823.9 3260.53
1503.97 16823.9 3259.20
1510.26 16823.9 3257.84
1516.55 16823.9 3256.52
1522.84 16823.9 3255.13
1529.12 16823.9 3253.79
1535.41 16823.9 3252.44
1541.70 16823.9 3251.09
1547.99 16823.9 3249.76
1554.28 16823.9 3248.45
1560.57 16823.9 3247.11
1566.86 16823.9 3245.78
1573.15 16823.9 3244.46
573.150 16949.7 3511.52
579.439 16949.7 3510.90
585.729 16949.7 3510.29
592.018 16949.7 3509.66
598.307 16949.7 3509.05
604.597 16949.7 3508.42
610.886 16949.7 3507.79
617.175 16949.7 3507.17
623.464 16949.7 3506.54
629.754 16949.7 3505.91
636.043 16949.7 3505.28
642.332 16949.7 3504.64
648.622 16949.7 3504.01
654.911 16949.7 3503.37
661.200 16949.7 3502.73
667.490 16949.7 3502.08
673.779 16949.7 3501.44
680.068 16949.7 3500.79
686.358 16949.7 3500.15
692.647 16949.7 3499.49
698.936 16949.7 3498.86
705.225 16949.7 3498.23
711.515 16949.7 3497.59
717.804 16949.7 3496.96
724.093 16949.7 3496.32
730.383 16949.7 3495.67
736.672 16949.7 3495.03
742.961 16949.7 3494.39
749.251 16949.7 3493.75
755.540 16949.7 3493.10
761.829 16949.7 3492.45
768.119 16949.7 3491.81
774.408 16949.7 3491.15
780.697 16949.7 3490.50
786.986 16949.7 3489.84
793.276 16949.7 3489.19
799.565 16949.7 3488.52
805.854 16949.7 3487.86
812.144 16949.7 3487.19
818.433 16949.7 3486.53
824.722 16949.7 3485.84
831.012 16949.7 3485.17
837.301 16949.7 3484.49
843.590 16949.7 3483.81
849.880 16949.7 3483.11
856.169 16949.7 3482.42
862.458 16949.7 3481.72
868.747 16949.7 3481.02
875.037 16949.7 3480.31
881.326 16949.7 3479.59
887.615 16949.7 3478.88
893.905 16949.7 3478.15
900.194 16949.7 3477.42
906.483 16949.7 3476.67
912.773 16949.7 3475.94
919.062 16949.7 3475.18
925.351 16949.7 3474.41
931.641 16949.7 3473.64
937.930 16949.7 3472.86
944.219 16949.7 3472.06
950.508 16949.7 3471.26
956.798 16949.7 3470.45
963.087 16949.7 3469.63
969.376 16949.7 3468.80
975.666 16949.7 3467.94
981.955 16949.7 3467.08
988.244 16949.7 3466.20
994.534 16949.7 3465.32
1000.82 16949.7 3464.40
1007.11 16949.7 3463.49
1013.40 16949.7 3462.54
1019.69 16949.7 3461.57
1025.98 16949.7 3460.59
1032.27 16949.7 3459.58
1038.56 16949.7 3458.56
1044.85 16949.7 3457.52
1051.14 16949.7 3456.44
1057.43 16949.7 3455.34
1063.72 16949.7 3454.22
1070.01 16949.7 3453.07
1076.29 16949.7 3451.90
1082.58 16949.7 3450.70
1088.87 16949.7 3449.47
1095.16 16949.7 3448.22
1101.45 16949.7 3446.93
1107.74 16949.7 3445.62
1114.03 16949.7 3444.28
1120.32 16949.7 3437.48
1126.61 16949.7 3425.87
1132.90 16949.7 3414.12
1139.19 16949.7 3402.04
1145.48 16949.7 3394.10
1151.77 16949.7 3388.92
1158.06 16949.7 3383.99
1164.34 16949.7 3379.32
1170.63 16949.7 3374.87
1176.92 16949.7 3370.65
1183.21 16949.7 3366.58
1189.50 16949.7 3362.74
1195.79 16949.7 3358.99
1202.08 16949.7 3355.41
1208.37 16949.7 3351.95
1214.66 16949.7 3348.60
1220.95 16949.7 3345.38
1227.24 16949.7 3342.19
1233.53 16949.7 3339.08
1239.82 16949.7 3336.02
1246.11 16949.7 3332.67
1252.40 16949.7 3329.88
1258.68 16949.7 3327.57
1264.97 16949.7 3325.30
1271.26 16949.7 3323.11
1277.55 16949.7 3321.01
1283.84 16949.7 3318.89
1290.13 16949.7 3316.67
1296.42 16949.7 3314.75
1302.71 16949.7 3312.83
1309.00 16949.7 3311.00
1315.29 16949.7 3308.98
1321.58 16949.7 3307.11
1327.87 16949.7 3305.28
1334.16 16949.7 3303.46
1340.45 16949.7 3301.68
1346.73 16949.7 3299.91
1353.02 16949.7 3298.20
1359.31 16949.7 3296.48
1365.60 16949.7 3294.82
1371.89 16949.7 3293.15
1378.18 16949.7 3291.53
1384.47 16949.7 3289.90
1390.76 16949.7 3288.30
1397.05 16949.7 3286.73
1403.34 16949.7 3285.14
1409.63 16949.7 3283.61
1415.92 16949.7 3282.08
1422.21 16949.7 3280.56
1428.50 16949.7 3279.06
1434.79 16949.7 3277.55
1441.07 16949.7 3276.07
1447.36 16949.7 3274.61
1453.65 16949.7 3273.15
1459.94 16949.7 3271.71
1466.23 16949.7 3270.28
1472.52 16949.7 3268.84
1478.81 16949.7 3267.43
1485.10 16949.7 3266.00
1491.39 16949.7 3264.60
1497.68 16949.7 3263.21
1503.97 16949.7 3261.81
1510.26 16949.7 3260.43
1516.55 16949.7 3259.06
1522.84 16949.7 3257.67
1529.12 16949.7 3256.33
1535.41 16949.7 3254.97
1541.70 16949.7 3253.58
1547.99 16949.7 3252.28
1554.28 16949.7 3250.83
1560.57 16949.7 3249.56
1566.86 16949.7 3248.22
1573.15 16949.7 3246.87
573.150 17075.5 3511.90
579.439 17075.5 3511.28
585.729 17075.5 3510.66
592.018 17075.5 3510.05
598.307 17075.5 3509.42
604.597 17075.5 3508.80
610.886 17075.5 3508.18
617.175 17075.5 3507.55
623.464 17075.5 3506.92
629.754 17075.5 3506.29
636.043 17075.5 3505.66
642.332 17075.5 3505.03
648.622 17075.5 3504.39
654.911 17075.5 3503.75
661.200 17075.5 3503.11
667.490 17075.5 3502.47
673.779 17075.5 3501.83
680.068 17075.5 3501.18
686.358 17075.5 3500.54
692.647 17075.5 3499.88
698.936 17075.5 3499.25
705.225 17075.5 3498.61
711.515 17075.5 3497.98
717.804 17075.5 3497.35
724.093 17075.5 3496.72
730.383 17075.5 3496.07
736.672 17075.5 3495.43
742.961 17075.5 3494.79
749.251 17075.5 3494.14
755.540 17075.5 3493.50
761.829 17075.5 3492.86
768.119 17075.5 3492.20
774.408 17075.5 3491.55
780.697 17075.5 3490.90
786.986 17075.5 3490.25
793.276 17075.5 3489.59
799.565 17075.5 3488.93
805.854 17075.5 3488.27
812.144 17075.5 3487.60
818.433 17075.5 3486.93
824.722 17075.5 3486.25
831.012 17075.5 3485.58
837.301 17075.5 3484.89
843.590 17075.5 3484.23
849.880 17075.5 3483.53
856.169 17075.5 3482.84
862.458 17075.5 3482.13
868.747 17075.5 3481.43
875.037 17075.5 3480.73
881.326 17075.5 3480.01
887.615 17075.5 3479.29
893.905 17075.5 3478.58
900.194 17075.5 3477.84
906.483 17075.5 3477.10
912.773 17075.5 3476.36
919.062 17075.5 3475.61
925.351 17075.5 3474.85
931.641 17075.5 3474.08
937.930 17075.5 3473.30
944.219 17075.5 3472.51
950.508 17075.5 3471.71
956.798 17075.5 3470.91
963.087 17075.5 3470.08
969.376 17075.5 3469.26
975.666 17075.5 3468.41
981.955 17075.5 3467.55
988.244 17075.5 3466.67
994.534 17075.5 3465.79
1000.82 17075.5 3464.88
1007.11 17075.5 3463.96
1013.40 17075.5 3463.02
1019.69 17075.5 3462.06
1025.98 17075.5 3461.08
1032.27 17075.5 3460.08
1038.56 17075.5 3459.07
1044.85 17075.5 3458.03
1051.14 17075.5 3456.96
1057.43 17075.5 3455.87
1063.72 17075.5 3454.76
1070.01 17075.5 3453.62
1076.29 17075.5 3452.45
1082.58 17075.5 3451.26
1088.87 17075.5 3450.04
1095.16 17075.5 3448.79
1101.45 17075.5 3447.51
1107.74 17075.5 3446.21
1114.03 17075.5 3444.88
1120.32 17075.5 3443.55
1126.61 17075.5 3439.49
1132.90 17075.5 3427.75
1139.19 17075.5 3415.89
1145.48 17075.5 3403.70
1151.77 17075.5 3397.27
1158.06 17075.5 3392.01
1164.34 17075.5 3387.00
1170.63 17075.5 3382.28
1176.92 17075.5 3377.75
1183.21 17075.5 3373.44
1189.50 17075.5 3369.32
1195.79 17075.5 3365.38
1202.08 17075.5 3361.58
1208.37 17075.5 3357.90
1214.66 17075.5 3354.41
1220.95 17075.5 3351.00
1227.24 17075.5 3347.69
1233.53 17075.5 3344.47
1239.82 17075.5 3341.28
1246.11 17075.5 3338.03
1252.40 17075.5 3334.57
1258.68 17075.5 3332.16
1264.97 17075.5 3329.79
1271.26 17075.5 3327.50
1277.55 17075.5 3325.27
1283.84 17075.5 3323.10
1290.13 17075.5 3320.96
1296.42 17075.5 3318.88
1302.71 17075.5 3316.81
1309.00 17075.5 3314.84
1315.29 17075.5 3312.83
1321.58 17075.5 3310.90
1327.87 17075.5 3309.00
1334.16 17075.5 3307.14
1340.45 17075.5 3305.30
1346.73 17075.5 3303.50
1353.02 17075.5 3301.71
1359.31 17075.5 3299.96
1365.60 17075.5 3298.24
1371.89 17075.5 3296.51
1378.18 17075.5 3294.84
1384.47 17075.5 3293.17
1390.76 17075.5 3291.53
1397.05 17075.5 3289.89
1403.34 17075.5 3288.30
1409.63 17075.5 3286.70
1415.92 17075.5 3285.18
1422.21 17075.5 3283.59
1428.50 17075.5 3282.03
1434.79 17075.5 3280.52
1441.07 17075.5 3279.01
1447.36 17075.5 3277.51
1453.65 17075.5 3276.02
1459.94 17075.5 3274.54
1466.23 17075.5 3273.08
1472.52 17075.5 3271.62
1478.81 17075.5 3270.19
1485.10 17075.5 3268.75
1491.39 17075.5 3267.32
1497.68 17075.5 3265.90
1503.97 17075.5 3264.48
1510.26 17075.5 3263.06
1516.55 17075.5 3261.68
1522.84 17075.5 3260.27
1529.12 17075.5 3258.89
1535.41 17075.5 3257.52
1541.70 17075.5 3256.14
1547.99 17075.5 3254.77
1554.28 17075.5 3253.40
1560.57 17075.5 3252.03
1566.86 17075.5 3250.69
1573.15 17075.5 3249.33
573.150 17201.3 3512.28
579.439 17201.3 3511.66
585.729 17201.3 3511.04
592.018 17201.3 3510.42
598.307 17201.3 3509.80
604.597 17201.3 3509.18
610.886 17201.3 3508.56
617.175 17201.3 3507.93
623.464 17201.3 3507.31
629.754 17201.3 3506.67
636.043 17201.3 3506.04
642.332 17201.3 3505.41
648.622 17201.3 3504.78
654.911 17201.3 3504.14
661.200 17201.3 3503.50
667.490 17201.3 3502.86
673.779 17201.3 3502.21
680.068 17201.3 3501.57
686.358 17201.3 3500.92
692.647 17201.3 3500.27
698.936 17201.3 3499.64
705.225 17201.3 3499.01
711.515 17201.3 3498.37
717.804 17201.3 3497.75
724.093 17201.3 3497.10
730.383 17201.3 3496.46
736.672 17201.3 3495.83
742.961 17201.3 3495.18
749.251 17201.3 3494.54
755.540 17201.3 3493.89
761.829 17201.3 3493.25
768.119 17201.3 3492.61
774.408 17201.3 3491.96
780.697 17201.3 3491.30
786.986 17201.3 3490.65
793.276 17201.3 3490.00
799.565 17201.3 3489.32
805.854 17201.3 3488.66
812.144 17201.3 3488.00
818.433 17201.3 3487.34
824.722 17201.3 3486.66
831.012 17201.3 3485.99
837.301 17201.3 3485.31
843.590 17201.3 3484.62
849.880 17201.3 3483.94
856.169 17201.3 3483.25
862.458 17201.3 3482.55
868.747 17201.3 3481.85
875.037 17201.3 3481.14
881.326 17201.3 3480.44
887.615 17201.3 3479.72
893.905 17201.3 3479.00
900.194 17201.3 3478.27
906.483 17201.3 3477.54
912.773 17201.3 3476.79
919.062 17201.3 3476.04
925.351 17201.3 3475.29
931.641 17201.3 3474.52
937.930 17201.3 3473.74
944.219 17201.3 3472.96
950.508 17201.3 3472.20
956.798 17201.3 3471.35
963.087 17201.3 3470.54
969.376 17201.3 3469.71
975.666 17201.3 3468.87
981.955 17201.3 3468.01
988.244 17201.3 3467.15
994.534 17201.3 3466.27
1000.82 17201.3 3465.36
1007.11 17201.3 3464.44
1013.40 17201.3 3463.50
1019.69 17201.3 3462.55
1025.98 17201.3 3461.58
1032.27 17201.3 3460.58
1038.56 17201.3 3459.58
1044.85 17201.3 3458.54
1051.14 17201.3 3457.48
1057.43 17201.3 3456.40
1063.72 17201.3 3455.29
1070.01 17201.3 3454.16
1076.29 17201.3 3453.00
1082.58 17201.3 3451.82
1088.87 17201.3 3450.60
1095.16 17201.3 3449.36
1101.45 17201.3 3448.10
1107.74 17201.3 3446.82
1114.03 17201.3 3445.49
1120.32 17201.3 3444.14
1126.61 17201.3 3442.76
1132.90 17201.3 3441.37
1139.19 17201.3 3429.61
1145.48 17201.3 3417.64
1151.77 17201.3 3406.07
1158.06 17201.3 3400.41
1164.34 17201.3 3395.07
1170.63 17201.3 3389.98
1176.92 17201.3 3385.18
1183.21 17201.3 3380.58
1189.50 17201.3 3376.21
1195.79 17201.3 3372.01
1202.08 17201.3 3368.02
1208.37 17201.3 3364.14
1214.66 17201.3 3360.43
1220.95 17201.3 3356.87
1227.24 17201.3 3353.39
1233.53 17201.3 3349.98
1239.82 17201.3 3346.67
1246.11 17201.3 3343.38
1252.40 17201.3 3339.78
1258.68 17201.3 3336.90
1264.97 17201.3 3334.45
1271.26 17201.3 3332.06
1277.55 17201.3 3329.73
1283.84 17201.3 3327.46
1290.13 17201.3 3325.23
1296.42 17201.3 3323.04
1302.71 17201.3 3320.88
1309.00 17201.3 3318.82
1315.29 17201.3 3316.80
1321.58 17201.3 3314.82
1327.87 17201.3 3312.82
1334.16 17201.3 3310.90
1340.45 17201.3 3308.99
1346.73 17201.3 3307.13
1353.02 17201.3 3305.28
1359.31 17201.3 3303.48
1365.60 17201.3 3301.71
1371.89 17201.3 3299.94
1378.18 17201.3 3298.20
1384.47 17201.3 3296.53
1390.76 17201.3 3294.82
1397.05 17201.3 3293.15
1403.34 17201.3 3291.63
1409.63 17201.3 3289.88
1415.92 17201.3 3288.27
1422.21 17201.3 3286.67
1428.50 17201.3 3285.10
1434.79 17201.3 3283.54
1441.07 17201.3 3281.99
1447.36 17201.3 3280.45
1453.65 17201.3 3278.94
1459.94 17201.3 3277.42
1466.23 17201.3 3275.94
1472.52 17201.3 3274.44
1478.81 17201.3 3272.98
1485.10 17201.3 3271.51
1491.39 17201.3 3270.06
1497.68 17201.3 3268.61
1503.97 17201.3 3267.18
1510.26 17201.3 3265.75
1516.55 17201.3 3264.34
1522.84 17201.3 3262.93
1529.12 17201.3 3261.51
1535.41 17201.3 3260.10
1541.70 17201.3 3258.70
1547.99 17201.3 3257.33
1554.28 17201.3 3255.94
1560.57 17201.3 3254.55
1566.86 17201.3 3253.16
1573.15 17201.3 3251.80
573.150 17327.0 3512.65
579.439 17327.0 3512.04
585.729 17327.0 3511.42
592.018 17327.0 3510.80
598.307 17327.0 3510.18
604.597 17327.0 3509.56
610.886 17327.0 3508.94
617.175 17327.0 3508.31
623.464 17327.0 3507.69
629.754 17327.0 3507.06
636.043 17327.0 3506.43
642.332 17327.0 3505.79
648.622 17327.0 3505.16
654.911 17327.0 3504.52
661.200 17327.0 3503.88
667.490 17327.0 3503.24
673.779 17327.0 3502.60
680.068 17327.0 3501.95
686.358 17327.0 3501.31
692.647 17327.0 3500.66
698.936 17327.0 3500.02
705.225 17327.0 3499.40
711.515 17327.0 3498.76
717.804 17327.0 3498.13
724.093 17327.0 3497.50
730.383 17327.0 3496.86
736.672 17327.0 3496.21
742.961 17327.0 3495.58
749.251 17327.0 3494.93
755.540 17327.0 3494.29
761.829 17327.0 3493.65
768.119 17327.0 3493.00
774.408 17327.0 3492.35
780.697 17327.0 3491.72
786.986 17327.0 3491.05
793.276 17327.0 3490.39
799.565 17327.0 3489.73
805.854 17327.0 3489.07
812.144 17327.0 3488.41
818.433 17327.0 3487.73
824.722 17327.0 3487.07
831.012 17327.0 3486.39
837.301 17327.0 3485.72
843.590 17327.0 3485.04
849.880 17327.0 3484.35
856.169 17327.0 3483.66
862.458 17327.0 3482.97
868.747 17327.0 3482.27
875.037 17327.0 3481.57
881.326 17327.0 3481.02
887.615 17327.0 3480.14
893.905 17327.0 3479.42
900.194 17327.0 3478.70
906.483 17327.0 3477.96
912.773 17327.0 3477.22
919.062 17327.0 3476.47
925.351 17327.0 3475.72
931.641 17327.0 3474.96
937.930 17327.0 3474.18
944.219 17327.0 3473.42
950.508 17327.0 3472.61
956.798 17327.0 3471.80
963.087 17327.0 3470.99
969.376 17327.0 3470.17
975.666 17327.0 3469.32
981.955 17327.0 3468.47
988.244 17327.0 3467.61
994.534 17327.0 3466.72
1000.82 17327.0 3465.82
1007.11 17327.0 3464.92
1013.40 17327.0 3463.99
1019.69 17327.0 3463.05
1025.98 17327.0 3462.08
1032.27 17327.0 3461.09
1038.56 17327.0 3460.07
1044.85 17327.0 3459.05
1051.14 17327.0 3458.00
1057.43 17327.0 3456.92
1063.72 17327.0 3455.82
1070.01 17327.0 3454.71
1076.29 17327.0 3453.56
1082.58 17327.0 3452.37
1088.87 17327.0 3451.17
1095.16 17327.0 3449.94
1101.45 17327.0 3448.69
1107.74 17327.0 3447.40
1114.03 17327.0 3446.08
1120.32 17327.0 3444.75
1126.61 17327.0 3443.38
1132.90 17327.0 3442.00
1139.19 17327.0 3440.57
1145.48 17327.0 3431.46
1151.77 17327.0 3419.37
1158.06 17327.0 3409.27
1164.34 17327.0 3403.53
1170.63 17327.0 3398.09
1176.92 17327.0 3392.95
1183.21 17327.0 3388.07
1189.50 17327.0 3383.42
1195.79 17327.0 3378.96
1202.08 17327.0 3374.70
1208.37 17327.0 3370.63
1214.66 17327.0 3366.70
1220.95 17327.0 3362.92
1227.24 17327.0 3359.28
1233.53 17327.0 3355.74
1239.82 17327.0 3351.49
1246.11 17327.0 3348.87
1252.40 17327.0 3345.42
1258.68 17327.0 3341.79
1264.97 17327.0 3339.24
1271.26 17327.0 3336.79
1277.55 17327.0 3334.31
1283.84 17327.0 3331.92
1290.13 17327.0 3329.60
1296.42 17327.0 3327.35
1302.71 17327.0 3325.14
1309.00 17327.0 3322.98
1315.29 17327.0 3320.86
1321.58 17327.0 3318.80
1327.87 17327.0 3316.75
1334.16 17327.0 3314.70
1340.45 17327.0 3312.78
1346.73 17327.0 3310.86
1353.02 17327.0 3308.95
1359.31 17327.0 3307.09
1365.60 17327.0 3305.26
1371.89 17327.0 3303.45
1378.18 17327.0 3301.67
1384.47 17327.0 3299.91
1390.76 17327.0 3298.17
1397.05 17327.0 3296.46
1403.34 17327.0 3294.78
1409.63 17327.0 3293.10
1415.92 17327.0 3291.46
1422.21 17327.0 3289.82
1428.50 17327.0 3288.21
1434.79 17327.0 3286.60
1441.07 17327.0 3285.03
1447.36 17327.0 3283.44
1453.65 17327.0 3281.91
1459.94 17327.0 3280.36
1466.23 17327.0 3278.84
1472.52 17327.0 3277.33
1478.81 17327.0 3275.82
1485.10 17327.0 3274.33
1491.39 17327.0 3272.84
1497.68 17327.0 3271.38
1503.97 17327.0 3269.93
1510.26 17327.0 3268.46
1516.55 17327.0 3266.98
1522.84 17327.0 3265.59
1529.12 17327.0 3264.16
1535.41 17327.0 3262.73
1541.70 17327.0 3261.31
1547.99 17327.0 3259.90
1554.28 17327.0 3258.50
1560.57 17327.0 3257.09
1566.86 17327.0 3255.70
1573.15 17327.0 3254.32
573.150 17452.8 3513.03
579.439 17452.8 3512.41
585.729 17452.8 3511.80
592.018 17452.8 3511.18
598.307 17452.8 3510.56
604.597 17452.8 3509.94
610.886 17452.8 3509.32
617.175 17452.8 3508.69
623.464 17452.8 3508.06
629.754 17452.8 3507.44
636.043 17452.8 3506.81
642.332 17452.8 3506.18
648.622 17452.8 3505.54
654.911 17452.8 3504.90
661.200 17452.8 3504.26
667.490 17452.8 3503.63
673.779 17452.8 3502.98
680.068 17452.8 3502.34
686.358 17452.8 3501.69
692.647 17452.8 3501.05
698.936 17452.8 3500.42
705.225 17452.8 3499.78
711.515 17452.8 3499.15
717.804 17452.8 3498.51
724.093 17452.8 3497.88
730.383 17452.8 3497.25
736.672 17452.8 3496.61
742.961 17452.8 3495.97
749.251 17452.8 3495.33
755.540 17452.8 3494.69
761.829 17452.8 3494.04
768.119 17452.8 3493.38
774.408 17452.8 3492.75
780.697 17452.8 3492.10
786.986 17452.8 3491.44
793.276 17452.8 3490.79
799.565 17452.8 3490.13
805.854 17452.8 3489.47
812.144 17452.8 3488.81
818.433 17452.8 3488.15
824.722 17452.8 3487.47
831.012 17452.8 3486.80
837.301 17452.8 3486.13
843.590 17452.8 3485.45
849.880 17452.8 3484.77
856.169 17452.8 3484.07
862.458 17452.8 3483.38
868.747 17452.8 3482.69
875.037 17452.8 3481.95
881.326 17452.8 3481.40
887.615 17452.8 3480.57
893.905 17452.8 3479.85
900.194 17452.8 3479.12
906.483 17452.8 3478.39
912.773 17452.8 3477.65
919.062 17452.8 3476.90
925.351 17452.8 3476.15
931.641 17452.8 3475.39
937.930 17452.8 3474.62
944.219 17452.8 3473.84
950.508 17452.8 3473.05
956.798 17452.8 3472.24
963.087 17452.8 3471.44
969.376 17452.8 3470.62
975.666 17452.8 3469.78
981.955 17452.8 3468.93
988.244 17452.8 3468.07
994.534 17452.8 3467.20
1000.82 17452.8 3466.30
1007.11 17452.8 3465.39
1013.40 17452.8 3464.50
1019.69 17452.8 3463.53
1025.98 17452.8 3462.57
1032.27 17452.8 3461.58
1038.56 17452.8 3460.58
1044.85 17452.8 3459.57
1051.14 17452.8 3458.52
1057.43 17452.8 3457.45
1063.72 17452.8 3456.32
1070.01 17452.8 3455.23
1076.29 17452.8 3454.07
1082.58 17452.8 3452.92
1088.87 17452.8 3451.72
1095.16 17452.8 3450.51
1101.45 17452.8 3449.26
1107.74 17452.8 3447.99
1114.03 17452.8 3446.73
1120.32 17452.8 3445.35
1126.61 17452.8 3444.00
1132.90 17452.8 3442.61
1139.19 17452.8 3441.20
1145.48 17452.8 3439.77
1151.77 17452.8 3433.27
1158.06 17452.8 3421.10
1164.34 17452.8 3412.46
1170.63 17452.8 3406.64
1176.92 17452.8 3401.12
1183.21 17452.8 3395.91
1189.50 17452.8 3390.94
1195.79 17452.8 3386.22
1202.08 17452.8 3381.66
1208.37 17452.8 3377.37
1214.66 17452.8 3373.23
1220.95 17452.8 3369.24
1227.24 17452.8 3365.39
1233.53 17452.8 3361.68
1239.82 17452.8 3358.07
1246.11 17452.8 3354.53
1252.40 17452.8 3351.00
1258.68 17452.8 3346.96
1264.97 17452.8 3344.15
1271.26 17452.8 3341.54
1277.55 17452.8 3339.01
1283.84 17452.8 3336.54
1290.13 17452.8 3334.07
1296.42 17452.8 3331.78
1302.71 17452.8 3329.46
1309.00 17452.8 3327.22
1315.29 17452.8 3325.00
1321.58 17452.8 3322.86
1327.87 17452.8 3320.77
1334.16 17452.8 3318.69
1340.45 17452.8 3316.66
1346.73 17452.8 3314.67
1353.02 17452.8 3312.71
1359.31 17452.8 3310.77
1365.60 17452.8 3308.88
1371.89 17452.8 3306.98
1378.18 17452.8 3305.19
1384.47 17452.8 3303.37
1390.76 17452.8 3301.60
1397.05 17452.8 3299.82
1403.34 17452.8 3298.13
1409.63 17452.8 3296.39
1415.92 17452.8 3294.69
1422.21 17452.8 3293.00
1428.50 17452.8 3291.36
1434.79 17452.8 3289.71
1441.07 17452.8 3288.12
1447.36 17452.8 3286.52
1453.65 17452.8 3284.90
1459.94 17452.8 3283.36
1466.23 17452.8 3281.78
1472.52 17452.8 3280.24
1478.81 17452.8 3278.72
1485.10 17452.8 3277.19
1491.39 17452.8 3275.68
1497.68 17452.8 3274.19
1503.97 17452.8 3272.70
1510.26 17452.8 3271.22
1516.55 17452.8 3269.73
1522.84 17452.8 3268.27
1529.12 17452.8 3266.84
1535.41 17452.8 3265.40
1541.70 17452.8 3263.95
1547.99 17452.8 3262.47
1554.28 17452.8 3261.09
1560.57 17452.8 3259.66
1566.86 17452.8 3258.24
1573.15 17452.8 3256.84
573.150 17578.6 3513.41
579.439 17578.6 3512.79
585.729 17578.6 3512.18
592.018 17578.6 3511.56
598.307 17578.6 3510.94
604.597 17578.6 3510.32
610.886 17578.6 3509.70
617.175 17578.6 3509.07
623.464 17578.6 3508.45
629.754 17578.6 3507.82
636.043 17578.6 3507.19
642.332 17578.6 3506.56
648.622 17578.6 3505.93
654.911 17578.6 3505.29
661.200 17578.6 3504.65
667.490 17578.6 3504.01
673.779 17578.6 3503.37
680.068 17578.6 3502.73
686.358 17578.6 3502.09
692.647 17578.6 3501.43
698.936 17578.6 3500.80
705.225 17578.6 3500.18
711.515 17578.6 3499.54
717.804 17578.6 3498.91
724.093 17578.6 3498.27
730.383 17578.6 3497.64
736.672 17578.6 3497.00
742.961 17578.6 3496.36
749.251 17578.6 3495.73
755.540 17578.6 3495.08
761.829 17578.6 3494.44
768.119 17578.6 3493.79
774.408 17578.6 3493.15
780.697 17578.6 3492.50
786.986 17578.6 3491.84
793.276 17578.6 3491.19
799.565 17578.6 3490.54
805.854 17578.6 3489.88
812.144 17578.6 3489.22
818.433 17578.6 3488.55
824.722 17578.6 3487.88
831.012 17578.6 3487.21
837.301 17578.6 3486.54
843.590 17578.6 3485.86
849.880 17578.6 3485.18
856.169 17578.6 3484.49
862.458 17578.6 3483.79
868.747 17578.6 3483.10
875.037 17578.6 3482.40
881.326 17578.6 3481.78
887.615 17578.6 3480.99
893.905 17578.6 3480.27
900.194 17578.6 3479.55
906.483 17578.6 3478.82
912.773 17578.6 3478.08
919.062 17578.6 3477.34
925.351 17578.6 3476.59
931.641 17578.6 3475.82
937.930 17578.6 3475.06
944.219 17578.6 3474.29
950.508 17578.6 3473.49
956.798 17578.6 3472.69
963.087 17578.6 3471.89
969.376 17578.6 3471.07
975.666 17578.6 3470.24
981.955 17578.6 3469.39
988.244 17578.6 3468.54
994.534 17578.6 3467.66
1000.82 17578.6 3466.78
1007.11 17578.6 3465.87
1013.40 17578.6 3464.95
1019.69 17578.6 3464.02
1025.98 17578.6 3463.06
1032.27 17578.6 3462.07
1038.56 17578.6 3461.08
1044.85 17578.6 3460.06
1051.14 17578.6 3459.02
1057.43 17578.6 3457.97
1063.72 17578.6 3456.88
1070.01 17578.6 3455.77
1076.29 17578.6 3454.64
1082.58 17578.6 3453.47
1088.87 17578.6 3452.29
1095.16 17578.6 3451.08
1101.45 17578.6 3449.84
1107.74 17578.6 3448.57
1114.03 17578.6 3447.27
1120.32 17578.6 3445.94
1126.61 17578.6 3444.61
1132.90 17578.6 3443.23
1139.19 17578.6 3441.84
1145.48 17578.6 3440.43
1151.77 17578.6 3438.96
1158.06 17578.6 3435.07
1164.34 17578.6 3422.81
1170.63 17578.6 3415.60
1176.92 17578.6 3409.70
1183.21 17578.6 3404.12
1189.50 17578.6 3398.82
1195.79 17578.6 3393.78
1202.08 17578.6 3389.02
1208.37 17578.6 3384.40
1214.66 17578.6 3379.98
1220.95 17578.6 3375.79
1227.24 17578.6 3371.75
1233.53 17578.6 3367.85
1239.82 17578.6 3364.01
1246.11 17578.6 3360.37
1252.40 17578.6 3356.74
1258.68 17578.6 3353.03
1264.97 17578.6 3349.25
1271.26 17578.6 3346.52
1277.55 17578.6 3343.87
1283.84 17578.6 3341.27
1290.13 17578.6 3338.76
1296.42 17578.6 3336.32
1302.71 17578.6 3333.92
1309.00 17578.6 3331.57
1315.29 17578.6 3329.29
1321.58 17578.6 3327.07
1327.87 17578.6 3324.88
1334.16 17578.6 3322.74
1340.45 17578.6 3320.58
1346.73 17578.6 3318.57
1353.02 17578.6 3316.55
1359.31 17578.6 3314.57
1365.60 17578.6 3312.61
1371.89 17578.6 3310.67
1378.18 17578.6 3308.79
1384.47 17578.6 3306.93
1390.76 17578.6 3305.10
1397.05 17578.6 3303.28
1403.34 17578.6 3301.50
1409.63 17578.6 3299.73
1415.92 17578.6 3297.99
1422.21 17578.6 3296.29
1428.50 17578.6 3294.59
1434.79 17578.6 3292.91
1441.07 17578.6 3291.26
1447.36 17578.6 3289.62
1453.65 17578.6 3287.98
1459.94 17578.6 3286.39
1466.23 17578.6 3284.78
1472.52 17578.6 3283.19
1478.81 17578.6 3281.66
1485.10 17578.6 3280.09
1491.39 17578.6 3278.57
1497.68 17578.6 3277.03
1503.97 17578.6 3275.51
1510.26 17578.6 3273.99
1516.55 17578.6 3272.51
1522.84 17578.6 3271.02
1529.12 17578.6 3269.55
1535.41 17578.6 3268.07
1541.70 17578.6 3266.59
1547.99 17578.6 3265.15
1554.28 17578.6 3263.71
1560.57 17578.6 3262.25
1566.86 17578.6 3260.85
1573.15 17578.6 3259.42
573.150 17704.4 3513.78
579.439 17704.4 3513.17
585.729 17704.4 3512.56
592.018 17704.4 3511.94
598.307 17704.4 3511.32
604.597 17704.4 3510.70
610.886 17704.4 3510.08
617.175 17704.4 3509.45
623.464 17704.4 3508.83
629.754 17704.4 3508.20
636.043 17704.4 3507.57
642.332 17704.4 3506.94
648.622 17704.4 3506.31
654.911 17704.4 3505.67
661.200 17704.4 3505.04
667.490 17704.4 3504.40
673.779 17704.4 3503.76
680.068 17704.4 3503.12
686.358 17704.4 3502.47
692.647 17704.4 3501.82
698.936 17704.4 3501.19
705.225 17704.4 3500.56
711.515 17704.4 3499.93
717.804 17704.4 3499.30
724.093 17704.4 3498.66
730.383 17704.4 3498.03
736.672 17704.4 3497.39
742.961 17704.4 3496.76
749.251 17704.4 3496.12
755.540 17704.4 3495.48
761.829 17704.4 3494.83
768.119 17704.4 3494.20
774.408 17704.4 3493.54
780.697 17704.4 3492.89
786.986 17704.4 3492.25
793.276 17704.4 3491.59
799.565 17704.4 3490.94
805.854 17704.4 3490.28
812.144 17704.4 3489.63
818.433 17704.4 3488.96
824.722 17704.4 3488.29
831.012 17704.4 3487.62
837.301 17704.4 3486.95
843.590 17704.4 3486.27
849.880 17704.4 3485.59
856.169 17704.4 3484.90
862.458 17704.4 3484.21
868.747 17704.4 3483.52
875.037 17704.4 3482.82
881.326 17704.4 3482.16
887.615 17704.4 3481.41
893.905 17704.4 3480.70
900.194 17704.4 3479.97
906.483 17704.4 3479.25
912.773 17704.4 3478.51
919.062 17704.4 3477.76
925.351 17704.4 3477.02
931.641 17704.4 3476.26
937.930 17704.4 3475.50
944.219 17704.4 3474.73
950.508 17704.4 3473.94
956.798 17704.4 3473.14
963.087 17704.4 3472.34
969.376 17704.4 3471.52
975.666 17704.4 3470.69
981.955 17704.4 3469.85
988.244 17704.4 3469.00
994.534 17704.4 3468.12
1000.82 17704.4 3467.25
1007.11 17704.4 3466.35
1013.40 17704.4 3465.43
1019.69 17704.4 3464.50
1025.98 17704.4 3463.55
1032.27 17704.4 3462.58
1038.56 17704.4 3461.59
1044.85 17704.4 3460.58
1051.14 17704.4 3459.54
1057.43 17704.4 3458.50
1063.72 17704.4 3457.41
1070.01 17704.4 3456.31
1076.29 17704.4 3455.17
1082.58 17704.4 3454.03
1088.87 17704.4 3452.85
1095.16 17704.4 3451.64
1101.45 17704.4 3450.41
1107.74 17704.4 3449.16
1114.03 17704.4 3447.88
1120.32 17704.4 3446.55
1126.61 17704.4 3445.22
1132.90 17704.4 3443.85
1139.19 17704.4 3442.46
1145.48 17704.4 3441.05
1151.77 17704.4 3439.61
1158.06 17704.4 3438.17
1164.34 17704.4 3436.65
1170.63 17704.4 3425.03
1176.92 17704.4 3418.71
1183.21 17704.4 3412.74
1189.50 17704.4 3407.08
1195.79 17704.4 3401.72
1202.08 17704.4 3396.60
1208.37 17704.4 3391.75
1214.66 17704.4 3387.09
1220.95 17704.4 3382.63
1227.24 17704.4 3378.36
1233.53 17704.4 3374.24
1239.82 17704.4 3370.26
1246.11 17704.4 3366.40
1252.40 17704.4 3362.63
1258.68 17704.4 3358.87
1264.97 17704.4 3354.55
1271.26 17704.4 3351.66
1277.55 17704.4 3348.89
1283.84 17704.4 3346.15
1290.13 17704.4 3343.53
1296.42 17704.4 3341.00
1302.71 17704.4 3338.49
1309.00 17704.4 3336.05
1315.29 17704.4 3333.69
1321.58 17704.4 3331.38
1327.87 17704.4 3329.10
1334.16 17704.4 3326.87
1340.45 17704.4 3324.69
1346.73 17704.4 3322.56
1353.02 17704.4 3320.47
1359.31 17704.4 3318.45
1365.60 17704.4 3316.40
1371.89 17704.4 3314.43
1378.18 17704.4 3312.49
1384.47 17704.4 3310.54
1390.76 17704.4 3308.66
1397.05 17704.4 3306.80
1403.34 17704.4 3304.97
1409.63 17704.4 3303.18
1415.92 17704.4 3301.37
1422.21 17704.4 3299.61
1428.50 17704.4 3297.87
1434.79 17704.4 3296.15
1441.07 17704.4 3294.46
1447.36 17704.4 3292.78
1453.65 17704.4 3291.10
1459.94 17704.4 3289.47
1466.23 17704.4 3287.84
1472.52 17704.4 3286.24
1478.81 17704.4 3284.64
1485.10 17704.4 3283.05
1491.39 17704.4 3281.48
1497.68 17704.4 3279.91
1503.97 17704.4 3278.39
1510.26 17704.4 3276.83
1516.55 17704.4 3275.32
1522.84 17704.4 3273.80
1529.12 17704.4 3272.30
1535.41 17704.4 3270.80
1541.70 17704.4 3269.31
1547.99 17704.4 3267.82
1554.28 17704.4 3266.37
1560.57 17704.4 3264.91
1566.86 17704.4 3263.47
1573.15 17704.4 3262.00
573.150 17830.2 3514.16
579.439 17830.2 3513.55
585.729 17830.2 3512.93
592.018 17830.2 3512.32
598.307 17830.2 3511.70
604.597 17830.2 3511.08
610.886 17830.2 3510.46
617.175 17830.2 3509.84
623.464 17830.2 3509.21
629.754 17830.2 3508.58
636.043 17830.2 3507.96
642.332 17830.2 3507.32
648.622 17830.2 3506.69
654.911 17830.2 3506.06
661.200 17830.2 3505.42
667.490 17830.2 3504.78
673.779 17830.2 3504.14
680.068 17830.2 3503.50
686.358 17830.2 3502.86
692.647 17830.2 3502.21
698.936 17830.2 3501.58
705.225 17830.2 3500.95
711.515 17830.2 3500.32
717.804 17830.2 3499.69
724.093 17830.2 3499.05
730.383 17830.2 3498.42
736.672 17830.2 3497.78
742.961 17830.2 3497.15
749.251 17830.2 3496.51
755.540 17830.2 3495.88
761.829 17830.2 3495.23
768.119 17830.2 3494.61
774.408 17830.2 3493.93
780.697 17830.2 3493.30
786.986 17830.2 3492.64
793.276 17830.2 3491.99
799.565 17830.2 3491.33
805.854 17830.2 3490.68
812.144 17830.2 3490.03
818.433 17830.2 3489.36
824.722 17830.2 3488.70
831.012 17830.2 3488.03
837.301 17830.2 3487.36
843.590 17830.2 3486.68
849.880 17830.2 3486.00
856.169 17830.2 3485.32
862.458 17830.2 3484.63
868.747 17830.2 3483.93
875.037 17830.2 3483.25
881.326 17830.2 3482.54
887.615 17830.2 3481.84
893.905 17830.2 3481.12
900.194 17830.2 3480.40
906.483 17830.2 3479.67
912.773 17830.2 3478.94
919.062 17830.2 3478.20
925.351 17830.2 3477.45
931.641 17830.2 3476.70
937.930 17830.2 3475.93
944.219 17830.2 3475.16
950.508 17830.2 3474.38
956.798 17830.2 3473.60
963.087 17830.2 3472.79
969.376 17830.2 3471.98
975.666 17830.2 3471.15
981.955 17830.2 3470.31
988.244 17830.2 3469.46
994.534 17830.2 3468.51
1000.82 17830.2 3467.71
1007.11 17830.2 3466.84
1013.40 17830.2 3465.92
1019.69 17830.2 3464.99
1025.98 17830.2 3464.04
1032.27 17830.2 3463.07
1038.56 17830.2 3462.09
1044.85 17830.2 3461.08
1051.14 17830.2 3460.06
1057.43 17830.2 3459.02
1063.72 17830.2 3457.93
1070.01 17830.2 3456.84
1076.29 17830.2 3455.73
1082.58 17830.2 3454.57
1088.87 17830.2 3453.37
1095.16 17830.2 3452.21
1101.45 17830.2 3450.98
1107.74 17830.2 3449.72
1114.03 17830.2 3448.46
1120.32 17830.2 3447.15
1126.61 17830.2 3445.82
1132.90 17830.2 3444.47
1139.19 17830.2 3443.09
1145.48 17830.2 3441.69
1151.77 17830.2 3440.24
1158.06 17830.2 3438.80
1164.34 17830.2 3437.32
1170.63 17830.2 3435.81
1176.92 17830.2 3428.20
1183.21 17830.2 3421.79
1189.50 17830.2 3415.75
1195.79 17830.2 3410.01
1202.08 17830.2 3404.58
1208.37 17830.2 3399.40
1214.66 17830.2 3394.46
1220.95 17830.2 3389.75
1227.24 17830.2 3385.22
1233.53 17830.2 3380.89
1239.82 17830.2 3376.70
1246.11 17830.2 3372.65
1252.40 17830.2 3368.72
1258.68 17830.2 3364.84
1264.97 17830.2 3360.86
1271.26 17830.2 3356.94
1277.55 17830.2 3354.01
1283.84 17830.2 3351.22
1290.13 17830.2 3348.47
1296.42 17830.2 3345.79
1302.71 17830.2 3343.21
1309.00 17830.2 3340.67
1315.29 17830.2 3338.20
1321.58 17830.2 3335.79
1327.87 17830.2 3333.45
1334.16 17830.2 3331.12
1340.45 17830.2 3328.87
1346.73 17830.2 3326.66
1353.02 17830.2 3324.50
1359.31 17830.2 3322.36
1365.60 17830.2 3320.29
1371.89 17830.2 3318.24
1378.18 17830.2 3316.24
1384.47 17830.2 3314.23
1390.76 17830.2 3312.31
1397.05 17830.2 3310.40
1403.34 17830.2 3308.50
1409.63 17830.2 3306.64
1415.92 17830.2 3304.80
1422.21 17830.2 3302.99
1428.50 17830.2 3301.21
1434.79 17830.2 3299.45
1441.07 17830.2 3297.69
1447.36 17830.2 3295.98
1453.65 17830.2 3294.28
1459.94 17830.2 3292.61
1466.23 17830.2 3290.94
1472.52 17830.2 3289.29
1478.81 17830.2 3287.66
1485.10 17830.2 3286.04
1491.39 17830.2 3284.44
1497.68 17830.2 3282.85
1503.97 17830.2 3281.20
1510.26 17830.2 3279.72
1516.55 17830.2 3278.15
1522.84 17830.2 3276.61
1529.12 17830.2 3275.07
1535.41 17830.2 3273.57
1541.70 17830.2 3272.05
1547.99 17830.2 3270.54
1554.28 17830.2 3269.05
1560.57 17830.2 3267.57
1566.86 17830.2 3266.10
1573.15 17830.2 3264.62
573.150 17956.0 3514.53
579.439 17956.0 3513.92
585.729 17956.0 3513.31
592.018 17956.0 3512.70
598.307 17956.0 3512.08
604.597 17956.0 3511.46
610.886 17956.0 3510.84
617.175 17956.0 3510.22
623.464 17956.0 3509.59
629.754 17956.0 3508.97
636.043 17956.0 3508.34
642.332 17956.0 3507.71
648.622 17956.0 3507.07
654.911 17956.0 3506.44
661.200 17956.0 3505.81
667.490 17956.0 3505.17
673.779 17956.0 3504.53
680.068 17956.0 3503.88
686.358 17956.0 3503.25
692.647 17956.0 3502.60
698.936 17956.0 3501.97
705.225 17956.0 3501.34
711.515 17956.0 3500.71
717.804 17956.0 3500.07
724.093 17956.0 3499.44
730.383 17956.0 3498.81
736.672 17956.0 3498.18
742.961 17956.0 3497.56
749.251 17956.0 3496.90
755.540 17956.0 3496.27
761.829 17956.0 3495.63
768.119 17956.0 3494.98
774.408 17956.0 3494.35
780.697 17956.0 3493.69
786.986 17956.0 3493.04
793.276 17956.0 3492.40
799.565 17956.0 3491.74
805.854 17956.0 3491.09
812.144 17956.0 3490.43
818.433 17956.0 3489.77
824.722 17956.0 3489.10
831.012 17956.0 3488.44
837.301 17956.0 3487.77
843.590 17956.0 3487.09
849.880 17956.0 3486.41
856.169 17956.0 3485.73
862.458 17956.0 3485.05
868.747 17956.0 3484.35
875.037 17956.0 3483.66
881.326 17956.0 3482.91
887.615 17956.0 3482.26
893.905 17956.0 3481.54
900.194 17956.0 3480.82
906.483 17956.0 3480.10
912.773 17956.0 3479.37
919.062 17956.0 3478.63
925.351 17956.0 3477.89
931.641 17956.0 3477.13
937.930 17956.0 3476.39
944.219 17956.0 3475.60
950.508 17956.0 3474.83
956.798 17956.0 3474.04
963.087 17956.0 3473.24
969.376 17956.0 3472.43
975.666 17956.0 3471.61
981.955 17956.0 3470.77
988.244 17956.0 3469.92
994.534 17956.0 3469.07
1000.82 17956.0 3468.19
1007.11 17956.0 3467.28
1013.40 17956.0 3466.38
1019.69 17956.0 3465.47
1025.98 17956.0 3464.53
1032.27 17956.0 3463.56
1038.56 17956.0 3462.62
1044.85 17956.0 3461.58
1051.14 17956.0 3460.56
1057.43 17956.0 3459.52
1063.72 17956.0 3458.46
1070.01 17956.0 3457.37
1076.29 17956.0 3456.26
1082.58 17956.0 3455.12
1088.87 17956.0 3453.95
1095.16 17956.0 3452.76
1101.45 17956.0 3451.55
1107.74 17956.0 3450.31
1114.03 17956.0 3449.05
1120.32 17956.0 3447.75
1126.61 17956.0 3446.42
1132.90 17956.0 3445.08
1139.19 17956.0 3443.72
1145.48 17956.0 3442.32
1151.77 17956.0 3440.90
1158.06 17956.0 3439.45
1164.34 17956.0 3437.98
1170.63 17956.0 3436.49
1176.92 17956.0 3434.99
1183.21 17956.0 3431.33
1189.50 17956.0 3424.85
1195.79 17956.0 3418.71
1202.08 17956.0 3412.92
1208.37 17956.0 3407.41
1214.66 17956.0 3402.16
1220.95 17956.0 3397.16
1227.24 17956.0 3392.38
1233.53 17956.0 3387.79
1239.82 17956.0 3383.39
1246.11 17956.0 3379.13
1252.40 17956.0 3375.01
1258.68 17956.0 3370.99
1264.97 17956.0 3366.97
1271.26 17956.0 3362.39
1277.55 17956.0 3359.34
1283.84 17956.0 3356.40
1290.13 17956.0 3353.57
1296.42 17956.0 3350.75
1302.71 17956.0 3348.04
1309.00 17956.0 3345.42
1315.29 17956.0 3342.83
1321.58 17956.0 3340.31
1327.87 17956.0 3337.88
1334.16 17956.0 3335.49
1340.45 17956.0 3333.15
1346.73 17956.0 3330.81
1353.02 17956.0 3328.61
1359.31 17956.0 3326.42
1365.60 17956.0 3324.27
1371.89 17956.0 3322.14
1378.18 17956.0 3320.07
1384.47 17956.0 3318.01
1390.76 17956.0 3316.02
1397.05 17956.0 3314.03
1403.34 17956.0 3312.10
1409.63 17956.0 3310.18
1415.92 17956.0 3308.30
1422.21 17956.0 3306.45
1428.50 17956.0 3304.61
1434.79 17956.0 3302.81
1441.07 17956.0 3301.03
1447.36 17956.0 3299.26
1453.65 17956.0 3297.52
1459.94 17956.0 3295.79
1466.23 17956.0 3294.09
1472.52 17956.0 3292.43
1478.81 17956.0 3290.74
1485.10 17956.0 3289.09
1491.39 17956.0 3287.41
1497.68 17956.0 3285.85
1503.97 17956.0 3284.22
1510.26 17956.0 3282.62
1516.55 17956.0 3281.04
1522.84 17956.0 3279.47
1529.12 17956.0 3277.91
1535.41 17956.0 3276.36
1541.70 17956.0 3274.83
1547.99 17956.0 3273.31
1554.28 17956.0 3271.76
1560.57 17956.0 3270.25
1566.86 17956.0 3268.77
1573.15 17956.0 3267.29
573.150 18081.8 3514.91
579.439 18081.8 3514.30
585.729 18081.8 3513.69
592.018 18081.8 3513.07
598.307 18081.8 3512.46
604.597 18081.8 3511.84
610.886 18081.8 3511.22
617.175 18081.8 3510.60
623.464 18081.8 3509.97
629.754 18081.8 3509.35
636.043 18081.8 3508.72
642.332 18081.8 3508.09
648.622 18081.8 3507.46
654.911 18081.8 3506.82
661.200 18081.8 3506.19
667.490 18081.8 3505.55
673.779 18081.8 3504.91
680.068 18081.8 3504.27
686.358 18081.8 3503.63
692.647 18081.8 3502.98
698.936 18081.8 3502.35
705.225 18081.8 3501.72
711.515 18081.8 3501.09
717.804 18081.8 3500.47
724.093 18081.8 3499.84
730.383 18081.8 3499.20
736.672 18081.8 3498.57
742.961 18081.8 3497.94
749.251 18081.8 3497.30
755.540 18081.8 3496.66
761.829 18081.8 3496.02
768.119 18081.8 3495.38
774.408 18081.8 3494.74
780.697 18081.8 3494.09
786.986 18081.8 3493.44
793.276 18081.8 3492.80
799.565 18081.8 3492.14
805.854 18081.8 3491.49
812.144 18081.8 3490.83
818.433 18081.8 3490.17
824.722 18081.8 3489.51
831.012 18081.8 3488.84
837.301 18081.8 3488.17
843.590 18081.8 3487.50
849.880 18081.8 3486.82
856.169 18081.8 3486.14
862.458 18081.8 3485.46
868.747 18081.8 3484.78
875.037 18081.8 3484.10
881.326 18081.8 3483.29
887.615 18081.8 3482.67
893.905 18081.8 3481.97
900.194 18081.8 3481.25
906.483 18081.8 3480.52
912.773 18081.8 3479.80
919.062 18081.8 3479.07
925.351 18081.8 3478.32
931.641 18081.8 3477.57
937.930 18081.8 3476.81
944.219 18081.8 3476.04
950.508 18081.8 3475.27
956.798 18081.8 3474.48
963.087 18081.8 3473.69
969.376 18081.8 3472.88
975.666 18081.8 3472.06
981.955 18081.8 3471.23
988.244 18081.8 3470.37
994.534 18081.8 3469.53
1000.82 18081.8 3468.66
1007.11 18081.8 3467.77
1013.40 18081.8 3466.86
1019.69 18081.8 3465.95
1025.98 18081.8 3465.01
1032.27 18081.8 3464.06
1038.56 18081.8 3463.09
1044.85 18081.8 3462.08
1051.14 18081.8 3461.08
1057.43 18081.8 3460.03
1063.72 18081.8 3458.98
1070.01 18081.8 3457.89
1076.29 18081.8 3456.80
1082.58 18081.8 3455.67
1088.87 18081.8 3454.51
1095.16 18081.8 3453.32
1101.45 18081.8 3452.11
1107.74 18081.8 3450.88
1114.03 18081.8 3449.64
1120.32 18081.8 3448.34
1126.61 18081.8 3447.03
1132.90 18081.8 3445.69
1139.19 18081.8 3444.31
1145.48 18081.8 3442.95
1151.77 18081.8 3441.53
1158.06 18081.8 3440.12
1164.34 18081.8 3438.62
1170.63 18081.8 3437.15
1176.92 18081.8 3435.65
1183.21 18081.8 3434.24
1189.50 18081.8 3432.95
1195.79 18081.8 3427.86
1202.08 18081.8 3421.66
1208.37 18081.8 3415.79
1214.66 18081.8 3410.21
1220.95 18081.8 3404.90
1227.24 18081.8 3399.83
1233.53 18081.8 3394.98
1239.82 18081.8 3390.32
1246.11 18081.8 3385.86
1252.40 18081.8 3381.53
1258.68 18081.8 3377.32
1264.97 18081.8 3373.20
1271.26 18081.8 3368.94
1277.55 18081.8 3364.86
1283.84 18081.8 3361.73
1290.13 18081.8 3358.75
1296.42 18081.8 3355.85
1302.71 18081.8 3353.03
1309.00 18081.8 3350.27
1315.29 18081.8 3347.57
1321.58 18081.8 3344.97
1327.87 18081.8 3342.43
1334.16 18081.8 3339.97
1340.45 18081.8 3337.53
1346.73 18081.8 3335.15
1353.02 18081.8 3332.84
1359.31 18081.8 3330.55
1365.60 18081.8 3328.32
1371.89 18081.8 3326.13
1378.18 18081.8 3323.98
1384.47 18081.8 3321.89
1390.76 18081.8 3319.82
1397.05 18081.8 3317.79
1403.34 18081.8 3315.78
1409.63 18081.8 3313.82
1415.92 18081.8 3311.88
1422.21 18081.8 3309.97
1428.50 18081.8 3308.09
1434.79 18081.8 3306.23
1441.07 18081.8 3304.40
1447.36 18081.8 3302.60
1453.65 18081.8 3300.78
1459.94 18081.8 3299.04
1466.23 18081.8 3297.29
1472.52 18081.8 3295.55
1478.81 18081.8 3293.87
1485.10 18081.8 3292.17
1491.39 18081.8 3290.50
1497.68 18081.8 3288.86
1503.97 18081.8 3287.21
1510.26 18081.8 3285.59
1516.55 18081.8 3283.96
1522.84 18081.8 3282.37
1529.12 18081.8 3280.78
1535.41 18081.8 3279.21
1541.70 18081.8 3277.65
1547.99 18081.8 3276.10
1554.28 18081.8 3274.53
1560.57 18081.8 3273.02
1566.86 18081.8 3271.50
1573.15 18081.8 3269.95
573.150 18207.5 3515.29
579.439 18207.5 3514.68
585.729 18207.5 3514.07
592.018 18207.5 3513.46
598.307 18207.5 3512.83
604.597 18207.5 3512.22
610.886 18207.5 3511.60
617.175 18207.5 3510.98
623.464 18207.5 3510.36
629.754 18207.5 3509.73
636.043 18207.5 3509.10
642.332 18207.5 3508.47
648.622 18207.5 3507.85
654.911 18207.5 3507.21
661.200 18207.5 3506.57
667.490 18207.5 3505.94
673.779 18207.5 3505.30
680.068 18207.5 3504.66
686.358 18207.5 3504.02
692.647 18207.5 3503.37
698.936 18207.5 3502.74
705.225 18207.5 3502.11
711.515 18207.5 3501.49
717.804 18207.5 3500.84
724.093 18207.5 3500.23
730.383 18207.5 3499.60
736.672 18207.5 3498.97
742.961 18207.5 3498.33
749.251 18207.5 3497.69
755.540 18207.5 3497.06
761.829 18207.5 3496.41
768.119 18207.5 3495.78
774.408 18207.5 3495.13
780.697 18207.5 3494.49
786.986 18207.5 3493.85
793.276 18207.5 3493.20
799.565 18207.5 3492.53
805.854 18207.5 3491.89
812.144 18207.5 3491.24
818.433 18207.5 3490.58
824.722 18207.5 3489.92
831.012 18207.5 3489.25
837.301 18207.5 3488.58
843.590 18207.5 3487.91
849.880 18207.5 3487.25
856.169 18207.5 3486.56
862.458 18207.5 3485.88
868.747 18207.5 3485.19
875.037 18207.5 3484.49
881.326 18207.5 3483.67
887.615 18207.5 3483.09
893.905 18207.5 3482.39
900.194 18207.5 3481.68
906.483 18207.5 3481.00
912.773 18207.5 3480.23
919.062 18207.5 3479.50
925.351 18207.5 3478.77
931.641 18207.5 3478.01
937.930 18207.5 3477.25
944.219 18207.5 3476.48
950.508 18207.5 3475.71
956.798 18207.5 3474.94
963.087 18207.5 3474.14
969.376 18207.5 3473.33
975.666 18207.5 3472.52
981.955 18207.5 3471.72
988.244 18207.5 3470.85
994.534 18207.5 3470.00
1000.82 18207.5 3469.13
1007.11 18207.5 3468.25
1013.40 18207.5 3467.36
1019.69 18207.5 3466.44
1025.98 18207.5 3465.50
1032.27 18207.5 3464.55
1038.56 18207.5 3463.58
1044.85 18207.5 3462.58
1051.14 18207.5 3461.58
1057.43 18207.5 3460.55
1063.72 18207.5 3459.50
1070.01 18207.5 3458.43
1076.29 18207.5 3457.33
1082.58 18207.5 3456.20
1088.87 18207.5 3455.05
1095.16 18207.5 3453.88
1101.45 18207.5 3452.68
1107.74 18207.5 3451.46
1114.03 18207.5 3450.21
1120.32 18207.5 3448.93
1126.61 18207.5 3447.63
1132.90 18207.5 3446.31
1139.19 18207.5 3444.95
1145.48 18207.5 3443.58
1151.77 18207.5 3442.19
1158.06 18207.5 3440.75
1164.34 18207.5 3439.30
1170.63 18207.5 3437.82
1176.92 18207.5 3436.30
1183.21 18207.5 3434.92
1189.50 18207.5 3433.61
1195.79 18207.5 3432.31
1202.08 18207.5 3430.84
1208.37 18207.5 3424.55
1214.66 18207.5 3418.62
1220.95 18207.5 3412.98
1227.24 18207.5 3407.60
1233.53 18207.5 3402.47
1239.82 18207.5 3397.55
1246.11 18207.5 3392.84
1252.40 18207.5 3388.29
1258.68 18207.5 3383.90
1264.97 18207.5 3379.59
1271.26 18207.5 3375.31
1277.55 18207.5 3370.63
1283.84 18207.5 3367.27
1290.13 18207.5 3364.15
1296.42 18207.5 3361.10
1302.71 18207.5 3358.15
1309.00 18207.5 3355.28
1315.29 18207.5 3352.47
1321.58 18207.5 3349.77
1327.87 18207.5 3347.13
1334.16 18207.5 3344.55
1340.45 18207.5 3342.03
1346.73 18207.5 3339.55
1353.02 18207.5 3337.16
1359.31 18207.5 3334.80
1365.60 18207.5 3332.50
1371.89 18207.5 3330.24
1378.18 18207.5 3328.02
1384.47 18207.5 3325.84
1390.76 18207.5 3323.70
1397.05 18207.5 3321.60
1403.34 18207.5 3319.54
1409.63 18207.5 3317.52
1415.92 18207.5 3315.51
1422.21 18207.5 3313.58
1428.50 18207.5 3311.62
1434.79 18207.5 3309.68
1441.07 18207.5 3307.84
1447.36 18207.5 3305.95
1453.65 18207.5 3304.16
1459.94 18207.5 3302.34
1466.23 18207.5 3300.56
1472.52 18207.5 3298.80
1478.81 18207.5 3297.04
1485.10 18207.5 3295.32
1491.39 18207.5 3293.58
1497.68 18207.5 3291.92
1503.97 18207.5 3290.25
1510.26 18207.5 3288.58
1516.55 18207.5 3286.94
1522.84 18207.5 3285.32
1529.12 18207.5 3283.69
1535.41 18207.5 3282.09
1541.70 18207.5 3280.47
1547.99 18207.5 3278.91
1554.28 18207.5 3277.35
1560.57 18207.5 3275.79
1566.86 18207.5 3274.23
1573.15 18207.5 3272.69
573.150 18333.3 3515.67
579.439 18333.3 3515.06
585.729 18333.3 3514.45
592.018 18333.3 3513.83
598.307 18333.3 3513.22
604.597 18333.3 3512.60
610.886 18333.3 3511.98
617.175 18333.3 3511.36
623.464 18333.3 3510.74
629.754 18333.3 3510.11
636.043 18333.3 3509.48
642.332 18333.3 3508.85
648.622 18333.3 3508.22
654.911 18333.3 3507.59
661.200 18333.3 3506.95
667.490 18333.3 3506.32
673.779 18333.3 3505.68
680.068 18333.3 3505.05
686.358 18333.3 3504.40
692.647 18333.3 3503.75
698.936 18333.3 3503.13
705.225 18333.3 3502.50
711.515 18333.3 3501.87
717.804 18333.3 3501.24
724.093 18333.3 3500.62
730.383 18333.3 3499.99
736.672 18333.3 3499.35
742.961 18333.3 3498.72
749.251 18333.3 3498.09
755.540 18333.3 3497.45
761.829 18333.3 3496.81
768.119 18333.3 3496.17
774.408 18333.3 3495.53
780.697 18333.3 3494.89
786.986 18333.3 3494.25
793.276 18333.3 3493.60
799.565 18333.3 3492.94
805.854 18333.3 3492.29
812.144 18333.3 3491.64
818.433 18333.3 3490.98
824.722 18333.3 3490.32
831.012 18333.3 3489.66
837.301 18333.3 3488.99
843.590 18333.3 3488.31
849.880 18333.3 3487.65
856.169 18333.3 3486.97
862.458 18333.3 3486.28
868.747 18333.3 3485.60
875.037 18333.3 3484.92
881.326 18333.3 3484.21
887.615 18333.3 3483.51
893.905 18333.3 3482.81
900.194 18333.3 3482.09
906.483 18333.3 3481.38
912.773 18333.3 3480.66
919.062 18333.3 3479.92
925.351 18333.3 3479.18
931.641 18333.3 3478.44
937.930 18333.3 3477.70
944.219 18333.3 3476.92
950.508 18333.3 3476.15
956.798 18333.3 3475.38
963.087 18333.3 3474.58
969.376 18333.3 3473.78
975.666 18333.3 3472.97
981.955 18333.3 3472.10
988.244 18333.3 3471.29
994.534 18333.3 3470.45
1000.82 18333.3 3469.59
1007.11 18333.3 3468.71
1013.40 18333.3 3467.83
1019.69 18333.3 3466.91
1025.98 18333.3 3465.99
1032.27 18333.3 3465.04
1038.56 18333.3 3464.08
1044.85 18333.3 3463.09
1051.14 18333.3 3462.09
1057.43 18333.3 3461.07
1063.72 18333.3 3460.02
1070.01 18333.3 3458.95
1076.29 18333.3 3457.86
1082.58 18333.3 3456.74
1088.87 18333.3 3455.60
1095.16 18333.3 3454.44
1101.45 18333.3 3453.26
1107.74 18333.3 3452.03
1114.03 18333.3 3450.79
1120.32 18333.3 3449.52
1126.61 18333.3 3448.23
1132.90 18333.3 3446.91
1139.19 18333.3 3445.56
1145.48 18333.3 3444.20
1151.77 18333.3 3442.82
1158.06 18333.3 3441.38
1164.34 18333.3 3439.95
1170.63 18333.3 3438.49
1176.92 18333.3 3436.99
1183.21 18333.3 3435.56
1189.50 18333.3 3434.28
1195.79 18333.3 3432.95
1202.08 18333.3 3431.65
1208.37 18333.3 3430.32
1214.66 18333.3 3427.43
1220.95 18333.3 3421.43
1227.24 18333.3 3415.72
1233.53 18333.3 3410.27
1239.82 18333.3 3405.06
1246.11 18333.3 3400.10
1252.40 18333.3 3395.31
1258.68 18333.3 3390.69
1264.97 18333.3 3386.20
1271.26 18333.3 3381.80
1277.55 18333.3 3377.27
1283.84 18333.3 3372.97
1290.13 18333.3 3369.70
1296.42 18333.3 3366.51
1302.71 18333.3 3363.42
1309.00 18333.3 3360.43
1315.29 18333.3 3357.54
1321.58 18333.3 3354.68
1327.87 18333.3 3351.94
1334.16 18333.3 3349.26
1340.45 18333.3 3346.63
1346.73 18333.3 3344.08
1353.02 18333.3 3341.58
1359.31 18333.3 3339.12
1365.60 18333.3 3336.75
1371.89 18333.3 3334.41
1378.18 18333.3 3332.12
1384.47 18333.3 3329.87
1390.76 18333.3 3327.64
1397.05 18333.3 3325.47
1403.34 18333.3 3323.40
1409.63 18333.3 3321.29
1415.92 18333.3 3319.23
1422.21 18333.3 3317.21
1428.50 18333.3 3315.23
1434.79 18333.3 3313.26
1441.07 18333.3 3311.32
1447.36 18333.3 3309.43
1453.65 18333.3 3307.53
1459.94 18333.3 3305.72
1466.23 18333.3 3303.89
1472.52 18333.3 3302.07
1478.81 18333.3 3300.27
1485.10 18333.3 3298.51
1491.39 18333.3 3296.77
1497.68 18333.3 3295.04
1503.97 18333.3 3293.36
1510.26 18333.3 3291.64
1516.55 18333.3 3289.96
1522.84 18333.3 3288.30
1529.12 18333.3 3286.65
1535.41 18333.3 3285.01
1541.70 18333.3 3283.44
1547.99 18333.3 3281.79
1554.28 18333.3 3280.20
1560.57 18333.3 3278.61
1566.86 18333.3 3277.02
1573.15 18333.3 3275.45
573.150 18459.1 3516.04
579.439 18459.1 3515.43
585.729 18459.1 3514.82
592.018 18459.1 3514.21
598.307 18459.1 3513.59
604.597 18459.1 3512.98
610.886 18459.1 3512.36
617.175 18459.1 3511.74
623.464 18459.1 3511.12
629.754 18459.1 3510.49
636.043 18459.1 3509.86
642.332 18459.1 3509.23
648.622 18459.1 3508.60
654.911 18459.1 3507.98
661.200 18459.1 3507.34
667.490 18459.1 3506.71
673.779 18459.1 3506.07
680.068 18459.1 3505.43
686.358 18459.1 3504.79
692.647 18459.1 3504.15
698.936 18459.1 3503.51
705.225 18459.1 3502.89
711.515 18459.1 3502.26
717.804 18459.1 3501.63
724.093 18459.1 3501.00
730.383 18459.1 3500.38
736.672 18459.1 3499.75
742.961 18459.1 3499.12
749.251 18459.1 3498.48
755.540 18459.1 3497.84
761.829 18459.1 3497.21
768.119 18459.1 3496.57
774.408 18459.1 3495.93
780.697 18459.1 3495.28
786.986 18459.1 3494.64
793.276 18459.1 3493.99
799.565 18459.1 3493.35
805.854 18459.1 3492.69
812.144 18459.1 3492.04
818.433 18459.1 3491.41
824.722 18459.1 3490.73
831.012 18459.1 3490.07
837.301 18459.1 3489.40
843.590 18459.1 3488.72
849.880 18459.1 3488.06
856.169 18459.1 3487.38
862.458 18459.1 3486.72
868.747 18459.1 3486.01
875.037 18459.1 3485.32
881.326 18459.1 3484.64
887.615 18459.1 3483.93
893.905 18459.1 3483.24
900.194 18459.1 3482.52
906.483 18459.1 3481.81
912.773 18459.1 3481.08
919.062 18459.1 3480.36
925.351 18459.1 3479.64
931.641 18459.1 3478.88
937.930 18459.1 3478.12
944.219 18459.1 3477.37
950.508 18459.1 3476.59
956.798 18459.1 3475.82
963.087 18459.1 3475.03
969.376 18459.1 3474.23
975.666 18459.1 3473.43
981.955 18459.1 3472.60
988.244 18459.1 3471.77
994.534 18459.1 3470.92
1000.82 18459.1 3470.06
1007.11 18459.1 3469.19
1013.40 18459.1 3468.29
1019.69 18459.1 3467.39
1025.98 18459.1 3466.47
1032.27 18459.1 3465.53
1038.56 18459.1 3464.57
1044.85 18459.1 3463.62
1051.14 18459.1 3462.59
1057.43 18459.1 3461.58
1063.72 18459.1 3460.54
1070.01 18459.1 3459.47
1076.29 18459.1 3458.39
1082.58 18459.1 3457.29
1088.87 18459.1 3456.15
1095.16 18459.1 3455.00
1101.45 18459.1 3453.78
1107.74 18459.1 3452.60
1114.03 18459.1 3451.37
1120.32 18459.1 3450.18
1126.61 18459.1 3448.82
1132.90 18459.1 3447.50
1139.19 18459.1 3446.17
1145.48 18459.1 3444.82
1151.77 18459.1 3443.43
1158.06 18459.1 3442.03
1164.34 18459.1 3440.60
1170.63 18459.1 3439.14
1176.92 18459.1 3437.67
1183.21 18459.1 3436.21
1189.50 18459.1 3434.91
1195.79 18459.1 3433.61
1202.08 18459.1 3432.31
1208.37 18459.1 3430.99
1214.66 18459.1 3429.67
1220.95 18459.1 3428.31
1227.24 18459.1 3424.20
1233.53 18459.1 3418.42
1239.82 18459.1 3412.91
1246.11 18459.1 3407.63
1252.40 18459.1 3402.59
1258.68 18459.1 3397.75
1264.97 18459.1 3393.05
1271.26 18459.1 3388.49
1277.55 18459.1 3383.91
1283.84 18459.1 3378.95
1290.13 18459.1 3375.41
1296.42 18459.1 3372.09
1302.71 18459.1 3368.87
1309.00 18459.1 3365.74
1315.29 18459.1 3362.70
1321.58 18459.1 3359.74
1327.87 18459.1 3356.90
1334.16 18459.1 3354.10
1340.45 18459.1 3351.36
1346.73 18459.1 3348.69
1353.02 18459.1 3346.12
1359.31 18459.1 3343.58
1365.60 18459.1 3341.10
1371.89 18459.1 3338.69
1378.18 18459.1 3336.32
1384.47 18459.1 3334.00
1390.76 18459.1 3331.73
1397.05 18459.1 3329.49
1403.34 18459.1 3327.30
1409.63 18459.1 3325.15
1415.92 18459.1 3323.03
1422.21 18459.1 3320.95
1428.50 18459.1 3318.91
1434.79 18459.1 3316.91
1441.07 18459.1 3314.90
1447.36 18459.1 3312.95
1453.65 18459.1 3311.03
1459.94 18459.1 3309.12
1466.23 18459.1 3307.25
1472.52 18459.1 3305.41
1478.81 18459.1 3303.57
1485.10 18459.1 3301.76
1491.39 18459.1 3299.97
1497.68 18459.1 3298.22
1503.97 18459.1 3296.47
1510.26 18459.1 3294.73
1516.55 18459.1 3293.02
1522.84 18459.1 3291.32
1529.12 18459.1 3289.65
1535.41 18459.1 3287.99
1541.70 18459.1 3286.32
1547.99 18459.1 3284.69
1554.28 18459.1 3283.06
1560.57 18459.1 3281.45
1566.86 18459.1 3279.83
1573.15 18459.1 3278.25
573.150 18584.9 3516.42
579.439 18584.9 3515.81
585.729 18584.9 3515.20
592.018 18584.9 3514.59
598.307 18584.9 3513.97
604.597 18584.9 3513.36
610.886 18584.9 3512.74
617.175 18584.9 3512.12
623.464 18584.9 3511.50
629.754 18584.9 3510.87
636.043 18584.9 3510.24
642.332 18584.9 3509.62
648.622 18584.9 3508.99
654.911 18584.9 3508.36
661.200 18584.9 3507.73
667.490 18584.9 3507.09
673.779 18584.9 3506.45
680.068 18584.9 3505.81
686.358 18584.9 3505.17
692.647 18584.9 3504.53
698.936 18584.9 3503.90
705.225 18584.9 3503.28
711.515 18584.9 3502.65
717.804 18584.9 3502.01
724.093 18584.9 3501.39
730.383 18584.9 3500.78
736.672 18584.9 3500.13
742.961 18584.9 3499.50
749.251 18584.9 3498.87
755.540 18584.9 3498.24
761.829 18584.9 3497.60
768.119 18584.9 3496.96
774.408 18584.9 3496.33
780.697 18584.9 3495.69
786.986 18584.9 3495.04
793.276 18584.9 3494.39
799.565 18584.9 3493.74
805.854 18584.9 3493.10
812.144 18584.9 3492.45
818.433 18584.9 3491.79
824.722 18584.9 3491.13
831.012 18584.9 3490.47
837.301 18584.9 3489.82
843.590 18584.9 3489.13
849.880 18584.9 3488.47
856.169 18584.9 3487.79
862.458 18584.9 3487.11
868.747 18584.9 3486.43
875.037 18584.9 3485.74
881.326 18584.9 3485.06
887.615 18584.9 3484.35
893.905 18584.9 3483.65
900.194 18584.9 3482.95
906.483 18584.9 3482.23
912.773 18584.9 3481.51
919.062 18584.9 3480.79
925.351 18584.9 3480.05
931.641 18584.9 3479.31
937.930 18584.9 3478.56
944.219 18584.9 3477.81
950.508 18584.9 3477.04
956.798 18584.9 3476.25
963.087 18584.9 3475.48
969.376 18584.9 3474.68
975.666 18584.9 3473.87
981.955 18584.9 3473.07
988.244 18584.9 3472.20
994.534 18584.9 3471.39
1000.82 18584.9 3470.53
1007.11 18584.9 3469.66
1013.40 18584.9 3468.77
1019.69 18584.9 3467.87
1025.98 18584.9 3466.96
1032.27 18584.9 3466.02
1038.56 18584.9 3465.06
1044.85 18584.9 3464.09
1051.14 18584.9 3463.10
1057.43 18584.9 3462.08
1063.72 18584.9 3461.05
1070.01 18584.9 3460.00
1076.29 18584.9 3458.92
1082.58 18584.9 3457.83
1088.87 18584.9 3456.68
1095.16 18584.9 3455.52
1101.45 18584.9 3454.35
1107.74 18584.9 3453.16
1114.03 18584.9 3451.94
1120.32 18584.9 3450.68
1126.61 18584.9 3449.40
1132.90 18584.9 3448.12
1139.19 18584.9 3446.79
1145.48 18584.9 3445.43
1151.77 18584.9 3444.06
1158.06 18584.9 3442.65
1164.34 18584.9 3441.24
1170.63 18584.9 3439.80
1176.92 18584.9 3438.34
1183.21 18584.9 3436.87
1189.50 18584.9 3435.57
1195.79 18584.9 3434.30
1202.08 18584.9 3432.98
1208.37 18584.9 3431.65
1214.66 18584.9 3430.34
1220.95 18584.9 3429.03
1227.24 18584.9 3427.65
1233.53 18584.9 3426.29
1239.82 18584.9 3421.13
1246.11 18584.9 3415.51
1252.40 18584.9 3410.19
1258.68 18584.9 3405.07
1264.97 18584.9 3400.13
1271.26 18584.9 3395.36
1277.55 18584.9 3390.66
1283.84 18584.9 3385.79
1290.13 18584.9 3381.33
1296.42 18584.9 3377.85
1302.71 18584.9 3374.42
1309.00 18584.9 3371.21
1315.29 18584.9 3368.04
1321.58 18584.9 3364.96
1327.87 18584.9 3361.99
1334.16 18584.9 3359.06
1340.45 18584.9 3356.22
1346.73 18584.9 3353.48
1353.02 18584.9 3350.77
1359.31 18584.9 3348.15
1365.60 18584.9 3345.58
1371.89 18584.9 3343.07
1378.18 18584.9 3340.62
1384.47 18584.9 3338.22
1390.76 18584.9 3335.86
1397.05 18584.9 3333.57
1403.34 18584.9 3331.30
1409.63 18584.9 3329.07
1415.92 18584.9 3326.91
1422.21 18584.9 3324.78
1428.50 18584.9 3322.65
1434.79 18584.9 3320.58
1441.07 18584.9 3318.54
1447.36 18584.9 3316.53
1453.65 18584.9 3314.55
1459.94 18584.9 3312.61
1466.23 18584.9 3310.69
1472.52 18584.9 3308.79
1478.81 18584.9 3306.91
1485.10 18584.9 3305.07
1491.39 18584.9 3303.25
1497.68 18584.9 3301.43
1503.97 18584.9 3299.65
1510.26 18584.9 3297.87
1516.55 18584.9 3296.12
1522.84 18584.9 3294.40
1529.12 18584.9 3292.68
1535.41 18584.9 3290.99
1541.70 18584.9 3289.30
1547.99 18584.9 3287.63
1554.28 18584.9 3285.98
1560.57 18584.9 3284.34
1566.86 18584.9 3282.70
1573.15 18584.9 3281.06
573.150 18710.7 3516.80
579.439 18710.7 3516.19
585.729 18710.7 3515.58
592.018 18710.7 3514.97
598.307 18710.7 3514.35
604.597 18710.7 3513.73
610.886 18710.7 3513.12
617.175 18710.7 3512.50
623.464 18710.7 3511.87
629.754 18710.7 3511.25
636.043 18710.7 3510.63
642.332 18710.7 3510.00
648.622 18710.7 3509.37
654.911 18710.7 3508.74
661.200 18710.7 3508.11
667.490 18710.7 3507.47
673.779 18710.7 3506.84
680.068 18710.7 3506.20
686.358 18710.7 3505.56
692.647 18710.7 3504.92
698.936 18710.7 3504.29
705.225 18710.7 3503.66
711.515 18710.7 3503.03
717.804 18710.7 3502.42
724.093 18710.7 3501.79
730.383 18710.7 3501.16
736.672 18710.7 3500.53
742.961 18710.7 3499.90
749.251 18710.7 3499.27
755.540 18710.7 3498.64
761.829 18710.7 3498.00
768.119 18710.7 3497.36
774.408 18710.7 3496.73
780.697 18710.7 3496.08
786.986 18710.7 3495.44
793.276 18710.7 3494.80
799.565 18710.7 3494.15
805.854 18710.7 3493.51
812.144 18710.7 3492.85
818.433 18710.7 3492.20
824.722 18710.7 3491.53
831.012 18710.7 3490.88
837.301 18710.7 3490.22
843.590 18710.7 3489.55
849.880 18710.7 3488.88
856.169 18710.7 3488.21
862.458 18710.7 3487.53
868.747 18710.7 3486.85
875.037 18710.7 3486.16
881.326 18710.7 3485.47
887.615 18710.7 3484.77
893.905 18710.7 3484.07
900.194 18710.7 3483.37
906.483 18710.7 3482.66
912.773 18710.7 3481.94
919.062 18710.7 3481.22
925.351 18710.7 3480.48
931.641 18710.7 3479.73
937.930 18710.7 3479.00
944.219 18710.7 3478.25
950.508 18710.7 3477.48
956.798 18710.7 3476.70
963.087 18710.7 3475.92
969.376 18710.7 3475.13
975.666 18710.7 3474.32
981.955 18710.7 3473.51
988.244 18710.7 3472.68
994.534 18710.7 3471.85
1000.82 18710.7 3471.00
1007.11 18710.7 3470.13
1013.40 18710.7 3469.25
1019.69 18710.7 3468.35
1025.98 18710.7 3467.44
1032.27 18710.7 3466.51
1038.56 18710.7 3465.56
1044.85 18710.7 3464.62
1051.14 18710.7 3463.60
1057.43 18710.7 3462.59
1063.72 18710.7 3461.57
1070.01 18710.7 3460.52
1076.29 18710.7 3459.44
1082.58 18710.7 3458.35
1088.87 18710.7 3457.23
1095.16 18710.7 3456.09
1101.45 18710.7 3454.92
1107.74 18710.7 3453.72
1114.03 18710.7 3452.50
1120.32 18710.7 3451.26
1126.61 18710.7 3449.99
1132.90 18710.7 3448.71
1139.19 18710.7 3447.40
1145.48 18710.7 3446.04
1151.77 18710.7 3444.69
1158.06 18710.7 3443.29
1164.34 18710.7 3441.88
1170.63 18710.7 3440.44
1176.92 18710.7 3439.01
1183.21 18710.7 3437.52
1189.50 18710.7 3436.23
1195.79 18710.7 3434.93
1202.08 18710.7 3433.61
1208.37 18710.7 3432.31
1214.66 18710.7 3430.98
1220.95 18710.7 3429.67
1227.24 18710.7 3428.32
1233.53 18710.7 3426.98
1239.82 18710.7 3425.60
1246.11 18710.7 3423.74
1252.40 18710.7 3418.09
1258.68 18710.7 3412.69
1264.97 18710.7 3407.50
1271.26 18710.7 3402.50
1277.55 18710.7 3397.61
1283.84 18710.7 3392.75
1290.13 18710.7 3387.51
1296.42 18710.7 3383.79
1302.71 18710.7 3380.28
1309.00 18710.7 3376.84
1315.29 18710.7 3373.55
1321.58 18710.7 3370.32
1327.87 18710.7 3367.20
1334.16 18710.7 3364.16
1340.45 18710.7 3361.21
1346.73 18710.7 3358.35
1353.02 18710.7 3355.53
1359.31 18710.7 3352.83
1365.60 18710.7 3350.16
1371.89 18710.7 3347.55
1378.18 18710.7 3345.01
1384.47 18710.7 3342.54
1390.76 18710.7 3340.10
1397.05 18710.7 3337.72
1403.34 18710.7 3335.39
1409.63 18710.7 3333.11
1415.92 18710.7 3330.85
1422.21 18710.7 3328.64
1428.50 18710.7 3326.47
1434.79 18710.7 3324.35
1441.07 18710.7 3322.25
1447.36 18710.7 3320.18
1453.65 18710.7 3318.14
1459.94 18710.7 3316.15
1466.23 18710.7 3314.18
1472.52 18710.7 3312.24
1478.81 18710.7 3310.31
1485.10 18710.7 3308.42
1491.39 18710.7 3306.56
1497.68 18710.7 3304.71
1503.97 18710.7 3302.88
1510.26 18710.7 3301.08
1516.55 18710.7 3299.30
1522.84 18710.7 3297.52
1529.12 18710.7 3295.78
1535.41 18710.7 3294.03
1541.70 18710.7 3292.32
1547.99 18710.7 3290.63
1554.28 18710.7 3288.93
1560.57 18710.7 3287.26
1566.86 18710.7 3285.60
1573.15 18710.7 3283.96
573.150 18836.5 3517.18
579.439 18836.5 3516.56
585.729 18836.5 3515.95
592.018 18836.5 3515.34
598.307 18836.5 3514.73
604.597 18836.5 3514.11
610.886 18836.5 3513.50
617.175 18836.5 3512.87
623.464 18836.5 3512.26
629.754 18836.5 3511.64
636.043 18836.5 3511.01
642.332 18836.5 3510.38
648.622 18836.5 3509.76
654.911 18836.5 3509.13
661.200 18836.5 3508.49
667.490 18836.5 3507.86
673.779 18836.5 3507.22
680.068 18836.5 3506.58
686.358 18836.5 3505.94
692.647 18836.5 3505.30
698.936 18836.5 3504.67
705.225 18836.5 3504.05
711.515 18836.5 3503.43
717.804 18836.5 3502.80
724.093 18836.5 3502.18
730.383 18836.5 3501.55
736.672 18836.5 3500.92
742.961 18836.5 3500.29
749.251 18836.5 3499.66
755.540 18836.5 3499.03
761.829 18836.5 3498.40
768.119 18836.5 3497.76
774.408 18836.5 3497.12
780.697 18836.5 3496.48
786.986 18836.5 3495.85
793.276 18836.5 3495.20
799.565 18836.5 3494.55
805.854 18836.5 3493.90
812.144 18836.5 3493.25
818.433 18836.5 3492.60
824.722 18836.5 3491.94
831.012 18836.5 3491.28
837.301 18836.5 3490.63
843.590 18836.5 3489.96
849.880 18836.5 3489.29
856.169 18836.5 3488.62
862.458 18836.5 3487.94
868.747 18836.5 3487.25
875.037 18836.5 3486.57
881.326 18836.5 3485.89
887.615 18836.5 3485.19
893.905 18836.5 3484.49
900.194 18836.5 3483.79
906.483 18836.5 3483.08
912.773 18836.5 3482.37
919.062 18836.5 3481.65
925.351 18836.5 3480.91
931.641 18836.5 3480.18
937.930 18836.5 3479.44
944.219 18836.5 3478.68
950.508 18836.5 3477.92
956.798 18836.5 3477.15
963.087 18836.5 3476.37
969.376 18836.5 3475.58
975.666 18836.5 3474.78
981.955 18836.5 3473.97
988.244 18836.5 3473.14
994.534 18836.5 3472.31
1000.82 18836.5 3471.46
1007.11 18836.5 3470.59
1013.40 18836.5 3469.72
1019.69 18836.5 3468.83
1025.98 18836.5 3467.91
1032.27 18836.5 3466.99
1038.56 18836.5 3466.05
1044.85 18836.5 3465.08
1051.14 18836.5 3464.10
1057.43 18836.5 3463.10
1063.72 18836.5 3462.08
1070.01 18836.5 3461.04
1076.29 18836.5 3459.97
1082.58 18836.5 3458.87
1088.87 18836.5 3457.77
1095.16 18836.5 3456.63
1101.45 18836.5 3455.47
1107.74 18836.5 3454.29
1114.03 18836.5 3453.08
1120.32 18836.5 3451.84
1126.61 18836.5 3450.58
1132.90 18836.5 3449.30
1139.19 18836.5 3448.00
1145.48 18836.5 3446.66
1151.77 18836.5 3445.31
1158.06 18836.5 3443.93
1164.34 18836.5 3442.51
1170.63 18836.5 3441.09
1176.92 18836.5 3439.65
1183.21 18836.5 3438.19
1189.50 18836.5 3436.87
1195.79 18836.5 3435.61
1202.08 18836.5 3434.29
1208.37 18836.5 3432.97
1214.66 18836.5 3431.68
1220.95 18836.5 3430.31
1227.24 18836.5 3429.01
1233.53 18836.5 3427.66
1239.82 18836.5 3426.30
1246.11 18836.5 3424.92
1252.40 18836.5 3423.51
1258.68 18836.5 3420.61
1264.97 18836.5 3415.15
1271.26 18836.5 3409.93
1277.55 18836.5 3404.82
1283.84 18836.5 3399.79
1290.13 18836.5 3394.58
1296.42 18836.5 3389.95
1302.71 18836.5 3386.24
1309.00 18836.5 3382.67
1315.29 18836.5 3379.20
1321.58 18836.5 3375.84
1327.87 18836.5 3372.58
1334.16 18836.5 3369.43
1340.45 18836.5 3366.36
1346.73 18836.5 3363.36
1353.02 18836.5 3360.46
1359.31 18836.5 3357.62
1365.60 18836.5 3354.86
1371.89 18836.5 3352.17
1378.18 18836.5 3349.53
1384.47 18836.5 3346.96
1390.76 18836.5 3344.45
1397.05 18836.5 3341.98
1403.34 18836.5 3339.54
1409.63 18836.5 3337.21
1415.92 18836.5 3334.88
1422.21 18836.5 3332.62
1428.50 18836.5 3330.39
1434.79 18836.5 3328.19
1441.07 18836.5 3326.17
1447.36 18836.5 3323.91
1453.65 18836.5 3321.82
1459.94 18836.5 3319.77
1466.23 18836.5 3317.74
1472.52 18836.5 3315.75
1478.81 18836.5 3313.77
1485.10 18836.5 3311.85
1491.39 18836.5 3309.93
1497.68 18836.5 3308.04
1503.97 18836.5 3306.12
1510.26 18836.5 3304.35
1516.55 18836.5 3302.50
1522.84 18836.5 3300.70
1529.12 18836.5 3298.89
1535.41 18836.5 3297.13
1541.70 18836.5 3295.39
1547.99 18836.5 3293.67
1554.28 18836.5 3291.93
1560.57 18836.5 3290.22
1566.86 18836.5 3288.54
1573.15 18836.5 3286.89
573.150 18962.3 3517.55
579.439 18962.3 3516.94
585.729 18962.3 3516.33
592.018 18962.3 3515.72
598.307 18962.3 3515.11
604.597 18962.3 3514.49
610.886 18962.3 3513.88
617.175 18962.3 3513.26
623.464 18962.3 3512.64
629.754 18962.3 3512.01
636.043 18962.3 3511.39
642.332 18962.3 3510.76
648.622 18962.3 3510.13
654.911 18962.3 3509.51
661.200 18962.3 3508.88
667.490 18962.3 3508.24
673.779 18962.3 3507.60
680.068 18962.3 3506.97
686.358 18962.3 3506.33
692.647 18962.3 3505.69
698.936 18962.3 3505.06
705.225 18962.3 3504.44
711.515 18962.3 3503.81
717.804 18962.3 3503.19
724.093 18962.3 3502.57
730.383 18962.3 3501.94
736.672 18962.3 3501.31
742.961 18962.3 3500.68
749.251 18962.3 3500.05
755.540 18962.3 3499.42
761.829 18962.3 3498.79
768.119 18962.3 3498.15
774.408 18962.3 3497.52
780.697 18962.3 3496.87
786.986 18962.3 3496.24
793.276 18962.3 3495.60
799.565 18962.3 3494.95
805.854 18962.3 3494.30
812.144 18962.3 3493.65
818.433 18962.3 3493.00
824.722 18962.3 3492.35
831.012 18962.3 3491.69
837.301 18962.3 3491.03
843.590 18962.3 3490.38
849.880 18962.3 3489.70
856.169 18962.3 3489.03
862.458 18962.3 3488.35
868.747 18962.3 3487.67
875.037 18962.3 3486.99
881.326 18962.3 3486.31
887.615 18962.3 3485.60
893.905 18962.3 3484.92
900.194 18962.3 3484.21
906.483 18962.3 3483.51
912.773 18962.3 3482.79
919.062 18962.3 3482.07
925.351 18962.3 3481.34
931.641 18962.3 3480.61
937.930 18962.3 3479.87
944.219 18962.3 3479.12
950.508 18962.3 3478.35
956.798 18962.3 3477.52
963.087 18962.3 3476.81
969.376 18962.3 3476.03
975.666 18962.3 3475.23
981.955 18962.3 3474.42
988.244 18962.3 3473.60
994.534 18962.3 3472.77
1000.82 18962.3 3471.92
1007.11 18962.3 3471.06
1013.40 18962.3 3470.19
1019.69 18962.3 3469.31
1025.98 18962.3 3468.40
1032.27 18962.3 3467.48
1038.56 18962.3 3466.53
1044.85 18962.3 3465.58
1051.14 18962.3 3464.60
1057.43 18962.3 3463.61
1063.72 18962.3 3462.59
1070.01 18962.3 3461.55
1076.29 18962.3 3460.49
1082.58 18962.3 3459.41
1088.87 18962.3 3458.31
1095.16 18962.3 3457.17
1101.45 18962.3 3456.02
1107.74 18962.3 3454.85
1114.03 18962.3 3453.65
1120.32 18962.3 3452.40
1126.61 18962.3 3451.17
1132.90 18962.3 3449.89
1139.19 18962.3 3448.59
1145.48 18962.3 3447.27
1151.77 18962.3 3445.92
1158.06 18962.3 3444.54
1164.34 18962.3 3443.16
1170.63 18962.3 3441.72
1176.92 18962.3 3440.30
1183.21 18962.3 3438.84
1189.50 18962.3 3437.52
1195.79 18962.3 3436.23
1202.08 18962.3 3434.94
1208.37 18962.3 3433.64
1214.66 18962.3 3432.33
1220.95 18962.3 3431.01
1227.24 18962.3 3429.69
1233.53 18962.3 3428.32
1239.82 18962.3 3426.99
1246.11 18962.3 3425.62
1252.40 18962.3 3424.22
1258.68 18962.3 3422.79
1264.97 18962.3 3421.34
1271.26 18962.3 3417.59
1277.55 18962.3 3412.25
1283.84 18962.3 3407.03
1290.13 18962.3 3401.85
1296.42 18962.3 3396.33
1302.71 18962.3 3392.42
1309.00 18962.3 3388.66
1315.29 18962.3 3385.04
1321.58 18962.3 3381.51
1327.87 18962.3 3378.14
1334.16 18962.3 3374.83
1340.45 18962.3 3371.63
1346.73 18962.3 3368.48
1353.02 18962.3 3365.49
1359.31 18962.3 3362.54
1365.60 18962.3 3359.67
1371.89 18962.3 3356.87
1378.18 18962.3 3354.15
1384.47 18962.3 3351.49
1390.76 18962.3 3348.88
1397.05 18962.3 3346.34
1403.34 18962.3 3343.84
1409.63 18962.3 3341.40
1415.92 18962.3 3339.02
1422.21 18962.3 3336.67
1428.50 18962.3 3334.36
1434.79 18962.3 3332.11
1441.07 18962.3 3329.87
1447.36 18962.3 3327.70
1453.65 18962.3 3325.54
1459.94 18962.3 3323.45
1466.23 18962.3 3321.38
1472.52 18962.3 3319.32
1478.81 18962.3 3317.31
1485.10 18962.3 3315.34
1491.39 18962.3 3313.36
1497.68 18962.3 3311.42
1503.97 18962.3 3309.50
1510.26 18962.3 3307.61
1516.55 18962.3 3305.75
1522.84 18962.3 3303.90
1529.12 18962.3 3302.09
1535.41 18962.3 3300.24
1541.70 18962.3 3298.49
1547.99 18962.3 3296.72
1554.28 18962.3 3294.98
1560.57 18962.3 3293.23
1566.86 18962.3 3291.51
1573.15 18962.3 3289.82
573.150 19088.1 3517.93
579.439 19088.1 3517.31
585.729 19088.1 3516.71
592.018 19088.1 3516.10
598.307 19088.1 3515.48
604.597 19088.1 3514.87
610.886 19088.1 3514.25
617.175 19088.1 3513.64
623.464 19088.1 3513.02
629.754 19088.1 3512.40
636.043 19088.1 3511.77
642.332 19088.1 3511.14
648.622 19088.1 3510.52
654.911 19088.1 3509.89
661.200 19088.1 3509.26
667.490 19088.1 3508.63
673.779 19088.1 3507.99
680.068 19088.1 3507.36
686.358 19088.1 3506.72
692.647 19088.1 3506.08
698.936 19088.1 3505.45
705.225 19088.1 3504.83
711.515 19088.1 3504.21
717.804 19088.1 3503.58
724.093 19088.1 3502.95
730.383 19088.1 3502.33
736.672 19088.1 3501.71
742.961 19088.1 3501.07
749.251 19088.1 3500.45
755.540 19088.1 3499.82
761.829 19088.1 3499.18
768.119 19088.1 3498.55
774.408 19088.1 3497.91
780.697 19088.1 3497.28
786.986 19088.1 3496.64
793.276 19088.1 3496.00
799.565 19088.1 3495.35
805.854 19088.1 3494.70
812.144 19088.1 3494.05
818.433 19088.1 3493.41
824.722 19088.1 3492.74
831.012 19088.1 3492.09
837.301 19088.1 3491.44
843.590 19088.1 3490.78
849.880 19088.1 3490.11
856.169 19088.1 3489.44
862.458 19088.1 3488.76
868.747 19088.1 3488.09
875.037 19088.1 3487.41
881.326 19088.1 3486.72
887.615 19088.1 3486.03
893.905 19088.1 3485.34
900.194 19088.1 3484.64
906.483 19088.1 3483.93
912.773 19088.1 3483.22
919.062 19088.1 3482.50
925.351 19088.1 3481.77
931.641 19088.1 3481.04
937.930 19088.1 3480.28
944.219 19088.1 3479.56
950.508 19088.1 3478.78
956.798 19088.1 3478.02
963.087 19088.1 3477.26
969.376 19088.1 3476.48
975.666 19088.1 3475.68
981.955 19088.1 3474.88
988.244 19088.1 3474.06
994.534 19088.1 3473.23
1000.82 19088.1 3472.39
1007.11 19088.1 3471.53
1013.40 19088.1 3470.65
1019.69 19088.1 3469.78
1025.98 19088.1 3468.87
1032.27 19088.1 3467.97
1038.56 19088.1 3467.03
1044.85 19088.1 3466.07
1051.14 19088.1 3465.11
1057.43 19088.1 3464.11
1063.72 19088.1 3463.09
1070.01 19088.1 3462.07
1076.29 19088.1 3461.02
1082.58 19088.1 3459.93
1088.87 19088.1 3458.84
1095.16 19088.1 3457.73
1101.45 19088.1 3456.58
1107.74 19088.1 3455.41
1114.03 19088.1 3454.21
1120.32 19088.1 3452.99
1126.61 19088.1 3451.75
1132.90 19088.1 3450.49
1139.19 19088.1 3449.19
1145.48 19088.1 3447.91
1151.77 19088.1 3446.53
1158.06 19088.1 3445.18
1164.34 19088.1 3443.79
1170.63 19088.1 3442.37
1176.92 19088.1 3440.95
1183.21 19088.1 3439.50
1189.50 19088.1 3438.17
1195.79 19088.1 3436.88
1202.08 19088.1 3435.59
1208.37 19088.1 3434.27
1214.66 19088.1 3433.00
1220.95 19088.1 3431.67
1227.24 19088.1 3430.36
1233.53 19088.1 3429.02
1239.82 19088.1 3427.67
1246.11 19088.1 3426.31
1252.40 19088.1 3424.91
1258.68 19088.1 3423.44
1264.97 19088.1 3422.08
1271.26 19088.1 3420.61
1277.55 19088.1 3419.08
1283.84 19088.1 3414.54
1290.13 19088.1 3409.20
1296.42 19088.1 3403.56
1302.71 19088.1 3398.81
1309.00 19088.1 3394.87
1315.29 19088.1 3391.07
1321.58 19088.1 3387.39
1327.87 19088.1 3383.85
1334.16 19088.1 3380.40
1340.45 19088.1 3377.06
1346.73 19088.1 3373.82
1353.02 19088.1 3370.66
1359.31 19088.1 3367.62
1365.60 19088.1 3364.62
1371.89 19088.1 3361.74
1378.18 19088.1 3358.90
1384.47 19088.1 3356.14
1390.76 19088.1 3353.43
1397.05 19088.1 3350.79
1403.34 19088.1 3348.22
1409.63 19088.1 3345.69
1415.92 19088.1 3343.22
1422.21 19088.1 3340.83
1428.50 19088.1 3338.43
1434.79 19088.1 3336.10
1441.07 19088.1 3333.83
1447.36 19088.1 3331.57
1453.65 19088.1 3329.36
1459.94 19088.1 3327.23
1466.23 19088.1 3325.03
1472.52 19088.1 3322.95
1478.81 19088.1 3320.89
1485.10 19088.1 3318.85
1491.39 19088.1 3316.84
1497.68 19088.1 3314.87
1503.97 19088.1 3312.89
1510.26 19088.1 3310.99
1516.55 19088.1 3309.05
1522.84 19088.1 3307.18
1529.12 19088.1 3305.30
1535.41 19088.1 3303.48
1541.70 19088.1 3301.64
1547.99 19088.1 3299.84
1554.28 19088.1 3298.06
1560.57 19088.1 3296.30
1566.86 19088.1 3294.55
1573.15 19088.1 3292.91
573.150 19213.8 3518.30
579.439 19213.8 3517.69
585.729 19213.8 3517.08
592.018 19213.8 3516.48
598.307 19213.8 3515.86
604.597 19213.8 3515.25
610.886 19213.8 3514.63
617.175 19213.8 3514.02
623.464 19213.8 3513.40
629.754 19213.8 3512.77
636.043 19213.8 3512.15
642.332 19213.8 3511.53
648.622 19213.8 3510.90
654.911 19213.8 3510.27
661.200 19213.8 3509.64
667.490 19213.8 3509.01
673.779 19213.8 3508.37
680.068 19213.8 3507.74
686.358 19213.8 3507.10
692.647 19213.8 3506.46
698.936 19213.8 3505.83
705.225 19213.8 3505.21
711.515 19213.8 3504.59
717.804 19213.8 3503.97
724.093 19213.8 3503.34
730.383 19213.8 3502.72
736.672 19213.8 3502.10
742.961 19213.8 3501.46
749.251 19213.8 3500.84
755.540 19213.8 3500.21
761.829 19213.8 3499.58
768.119 19213.8 3498.94
774.408 19213.8 3498.31
780.697 19213.8 3497.67
786.986 19213.8 3497.03
793.276 19213.8 3496.40
799.565 19213.8 3495.76
805.854 19213.8 3495.11
812.144 19213.8 3494.45
818.433 19213.8 3493.82
824.722 19213.8 3493.15
831.012 19213.8 3492.50
837.301 19213.8 3491.85
843.590 19213.8 3491.19
849.880 19213.8 3490.52
856.169 19213.8 3489.85
862.458 19213.8 3489.19
868.747 19213.8 3488.51
875.037 19213.8 3487.84
881.326 19213.8 3487.15
887.615 19213.8 3486.45
893.905 19213.8 3485.76
900.194 19213.8 3485.05
906.483 19213.8 3484.36
912.773 19213.8 3483.64
919.062 19213.8 3482.92
925.351 19213.8 3482.20
931.641 19213.8 3481.47
937.930 19213.8 3480.73
944.219 19213.8 3479.99
950.508 19213.8 3479.23
956.798 19213.8 3478.47
963.087 19213.8 3477.70
969.376 19213.8 3476.92
975.666 19213.8 3476.13
981.955 19213.8 3475.32
988.244 19213.8 3474.51
994.534 19213.8 3473.69
1000.82 19213.8 3472.85
1007.11 19213.8 3472.00
1013.40 19213.8 3471.14
1019.69 19213.8 3470.24
1025.98 19213.8 3469.36
1032.27 19213.8 3468.43
1038.56 19213.8 3467.51
1044.85 19213.8 3466.56
1051.14 19213.8 3465.61
1057.43 19213.8 3464.62
1063.72 19213.8 3463.61
1070.01 19213.8 3462.59
1076.29 19213.8 3461.54
1082.58 19213.8 3460.47
1088.87 19213.8 3459.37
1095.16 19213.8 3458.26
1101.45 19213.8 3457.12
1107.74 19213.8 3455.96
1114.03 19213.8 3454.77
1120.32 19213.8 3453.56
1126.61 19213.8 3452.33
1132.90 19213.8 3451.07
1139.19 19213.8 3449.78
1145.48 19213.8 3448.48
1151.77 19213.8 3447.15
1158.06 19213.8 3445.80
1164.34 19213.8 3444.41
1170.63 19213.8 3443.01
1176.92 19213.8 3441.61
1183.21 19213.8 3440.15
1189.50 19213.8 3438.81
1195.79 19213.8 3437.54
1202.08 19213.8 3436.24
1208.37 19213.8 3434.94
1214.66 19213.8 3433.65
1220.95 19213.8 3432.34
1227.24 19213.8 3431.03
1233.53 19213.8 3429.71
1239.82 19213.8 3428.34
1246.11 19213.8 3427.00
1252.40 19213.8 3425.61
1258.68 19213.8 3424.23
1264.97 19213.8 3422.81
1271.26 19213.8 3421.37
1277.55 19213.8 3419.86
1283.84 19213.8 3418.28
1290.13 19213.8 3416.50
1296.42 19213.8 3411.23
1302.71 19213.8 3405.43
1309.00 19213.8 3401.32
1315.29 19213.8 3397.31
1321.58 19213.8 3393.46
1327.87 19213.8 3389.74
1334.16 19213.8 3386.14
1340.45 19213.8 3382.66
1346.73 19213.8 3379.26
1353.02 19213.8 3375.99
1359.31 19213.8 3372.81
1365.60 19213.8 3369.70
1371.89 19213.8 3366.69
1378.18 19213.8 3363.75
1384.47 19213.8 3360.89
1390.76 19213.8 3358.10
1397.05 19213.8 3355.37
1403.34 19213.8 3352.69
1409.63 19213.8 3350.09
1415.92 19213.8 3347.54
1422.21 19213.8 3345.03
1428.50 19213.8 3342.58
1434.79 19213.8 3340.19
1441.07 19213.8 3337.83
1447.36 19213.8 3335.52
1453.65 19213.8 3333.25
1459.94 19213.8 3331.02
1466.23 19213.8 3328.84
1472.52 19213.8 3326.77
1478.81 19213.8 3324.56
1485.10 19213.8 3322.46
1491.39 19213.8 3320.39
1497.68 19213.8 3318.36
1503.97 19213.8 3316.35
1510.26 19213.8 3314.38
1516.55 19213.8 3312.44
1522.84 19213.8 3310.50
1529.12 19213.8 3308.60
1535.41 19213.8 3306.71
1541.70 19213.8 3304.85
1547.99 19213.8 3302.98
1554.28 19213.8 3301.19
1560.57 19213.8 3299.39
1566.86 19213.8 3297.61
1573.15 19213.8 3295.83
573.150 19339.6 3518.68
579.439 19339.6 3518.07
585.729 19339.6 3517.46
592.018 19339.6 3516.85
598.307 19339.6 3516.24
604.597 19339.6 3515.62
610.886 19339.6 3515.01
617.175 19339.6 3514.40
623.464 19339.6 3513.78
629.754 19339.6 3513.16
636.043 19339.6 3512.53
642.332 19339.6 3511.91
648.622 19339.6 3511.28
654.911 19339.6 3510.66
661.200 19339.6 3510.03
667.490 19339.6 3509.40
673.779 19339.6 3508.76
680.068 19339.6 3508.12
686.358 19339.6 3507.49
692.647 19339.6 3506.85
698.936 19339.6 3506.22
705.225 19339.6 3505.60
711.515 19339.6 3504.98
717.804 19339.6 3504.36
724.093 19339.6 3503.76
730.383 19339.6 3503.10
736.672 19339.6 3502.49
742.961 19339.6 3501.86
749.251 19339.6 3501.22
755.540 19339.6 3500.61
761.829 19339.6 3499.97
768.119 19339.6 3499.34
774.408 19339.6 3498.71
780.697 19339.6 3498.07
786.986 19339.6 3497.44
793.276 19339.6 3496.79
799.565 19339.6 3496.15
805.854 19339.6 3495.50
812.144 19339.6 3494.86
818.433 19339.6 3494.21
824.722 19339.6 3493.57
831.012 19339.6 3492.89
837.301 19339.6 3492.25
843.590 19339.6 3491.60
849.880 19339.6 3490.93
856.169 19339.6 3490.26
862.458 19339.6 3489.59
868.747 19339.6 3488.92
875.037 19339.6 3488.23
881.326 19339.6 3487.55
887.615 19339.6 3486.86
893.905 19339.6 3486.18
900.194 19339.6 3485.48
906.483 19339.6 3484.78
912.773 19339.6 3484.07
919.062 19339.6 3483.35
925.351 19339.6 3482.63
931.641 19339.6 3481.91
937.930 19339.6 3481.17
944.219 19339.6 3480.42
950.508 19339.6 3479.68
956.798 19339.6 3478.92
963.087 19339.6 3478.14
969.376 19339.6 3477.37
975.666 19339.6 3476.58
981.955 19339.6 3475.78
988.244 19339.6 3474.96
994.534 19339.6 3474.15
1000.82 19339.6 3473.31
1007.11 19339.6 3472.47
1013.40 19339.6 3471.60
1019.69 19339.6 3470.72
1025.98 19339.6 3469.84
1032.27 19339.6 3468.91
1038.56 19339.6 3468.00
1044.85 19339.6 3467.07
1051.14 19339.6 3466.10
1057.43 19339.6 3465.11
1063.72 19339.6 3464.12
1070.01 19339.6 3463.10
1076.29 19339.6 3462.06
1082.58 19339.6 3460.99
1088.87 19339.6 3459.91
1095.16 19339.6 3458.79
1101.45 19339.6 3457.67
1107.74 19339.6 3456.51
1114.03 19339.6 3455.33
1120.32 19339.6 3454.13
1126.61 19339.6 3452.91
1132.90 19339.6 3451.65
1139.19 19339.6 3450.38
1145.48 19339.6 3449.08
1151.77 19339.6 3447.76
1158.06 19339.6 3446.41
1164.34 19339.6 3445.04
1170.63 19339.6 3443.65
1176.92 19339.6 3442.25
1183.21 19339.6 3440.81
1189.50 19339.6 3439.45
1195.79 19339.6 3438.19
1202.08 19339.6 3436.89
1208.37 19339.6 3435.60
1214.66 19339.6 3434.36
1220.95 19339.6 3433.03
1227.24 19339.6 3431.64
1233.53 19339.6 3430.35
1239.82 19339.6 3429.03
1246.11 19339.6 3427.67
1252.40 19339.6 3426.31
1258.68 19339.6 3424.93
1264.97 19339.6 3423.53
1271.26 19339.6 3422.09
1277.55 19339.6 3420.61
1283.84 19339.6 3419.07
1290.13 19339.6 3417.47
1296.42 19339.6 3415.67
1302.71 19339.6 3412.86
1309.00 19339.6 3407.95
1315.29 19339.6 3403.75
1321.58 19339.6 3399.73
1327.87 19339.6 3395.83
1334.16 19339.6 3392.07
1340.45 19339.6 3388.42
1346.73 19339.6 3384.90
1353.02 19339.6 3381.47
1359.31 19339.6 3378.15
1365.60 19339.6 3374.92
1371.89 19339.6 3371.79
1378.18 19339.6 3368.74
1384.47 19339.6 3365.76
1390.76 19339.6 3362.87
1397.05 19339.6 3360.04
1403.34 19339.6 3357.28
1409.63 19339.6 3354.58
1415.92 19339.6 3351.94
1422.21 19339.6 3349.37
1428.50 19339.6 3346.84
1434.79 19339.6 3344.36
1441.07 19339.6 3341.94
1447.36 19339.6 3339.56
1453.65 19339.6 3337.19
1459.94 19339.6 3334.93
1466.23 19339.6 3332.67
1472.52 19339.6 3330.45
1478.81 19339.6 3328.27
1485.10 19339.6 3326.12
1491.39 19339.6 3324.01
1497.68 19339.6 3321.92
1503.97 19339.6 3319.86
1510.26 19339.6 3317.82
1516.55 19339.6 3315.85
1522.84 19339.6 3313.87
1529.12 19339.6 3311.94
1535.41 19339.6 3310.02
1541.70 19339.6 3308.10
1547.99 19339.6 3306.23
1554.28 19339.6 3304.38
1560.57 19339.6 3302.53
1566.86 19339.6 3300.71
1573.15 19339.6 3298.91
573.150 19465.4 3519.05
579.439 19465.4 3518.45
585.729 19465.4 3517.84
592.018 19465.4 3517.22
598.307 19465.4 3516.62
604.597 19465.4 3516.00
610.886 19465.4 3515.39
617.175 19465.4 3514.78
623.464 19465.4 3514.15
629.754 19465.4 3513.54
636.043 19465.4 3512.92
642.332 19465.4 3512.29
648.622 19465.4 3511.67
654.911 19465.4 3511.04
661.200 19465.4 3510.41
667.490 19465.4 3509.77
673.779 19465.4 3509.14
680.068 19465.4 3508.51
686.358 19465.4 3507.87
692.647 19465.4 3507.23
698.936 19465.4 3506.61
705.225 19465.4 3505.99
711.515 19465.4 3505.37
717.804 19465.4 3504.75
724.093 19465.4 3504.12
730.383 19465.4 3503.50
736.672 19465.4 3502.88
742.961 19465.4 3502.25
749.251 19465.4 3501.62
755.540 19465.4 3500.99
761.829 19465.4 3500.37
768.119 19465.4 3499.73
774.408 19465.4 3499.08
780.697 19465.4 3498.47
786.986 19465.4 3497.83
793.276 19465.4 3497.19
799.565 19465.4 3496.55
805.854 19465.4 3495.91
812.144 19465.4 3495.26
818.433 19465.4 3494.62
824.722 19465.4 3493.97
831.012 19465.4 3493.31
837.301 19465.4 3492.66
843.590 19465.4 3492.02
849.880 19465.4 3491.34
856.169 19465.4 3490.67
862.458 19465.4 3490.01
868.747 19465.4 3489.33
875.037 19465.4 3488.65
881.326 19465.4 3487.97
887.615 19465.4 3487.29
893.905 19465.4 3486.60
900.194 19465.4 3485.91
906.483 19465.4 3485.19
912.773 19465.4 3484.48
919.062 19465.4 3483.79
925.351 19465.4 3483.06
931.641 19465.4 3482.34
937.930 19465.4 3481.60
944.219 19465.4 3480.86
950.508 19465.4 3480.11
956.798 19465.4 3479.35
963.087 19465.4 3478.59
969.376 19465.4 3477.82
975.666 19465.4 3477.03
981.955 19465.4 3476.23
988.244 19465.4 3475.42
994.534 19465.4 3474.60
1000.82 19465.4 3473.78
1007.11 19465.4 3472.93
1013.40 19465.4 3472.07
1019.69 19465.4 3471.19
1025.98 19465.4 3470.31
1032.27 19465.4 3469.40
1038.56 19465.4 3468.49
1044.85 19465.4 3467.55
1051.14 19465.4 3466.59
1057.43 19465.4 3465.62
1063.72 19465.4 3464.61
1070.01 19465.4 3463.61
1076.29 19465.4 3462.58
1082.58 19465.4 3461.52
1088.87 19465.4 3460.44
1095.16 19465.4 3459.33
1101.45 19465.4 3458.21
1107.74 19465.4 3457.06
1114.03 19465.4 3455.89
1120.32 19465.4 3454.71
1126.61 19465.4 3453.48
1132.90 19465.4 3452.24
1139.19 19465.4 3450.98
1145.48 19465.4 3449.68
1151.77 19465.4 3448.37
1158.06 19465.4 3447.03
1164.34 19465.4 3445.68
1170.63 19465.4 3444.28
1176.92 19465.4 3442.89
1183.21 19465.4 3441.46
1189.50 19465.4 3440.08
1195.79 19465.4 3438.78
1202.08 19465.4 3437.53
1208.37 19465.4 3436.25
1214.66 19465.4 3434.92
1220.95 19465.4 3433.69
1227.24 19465.4 3432.35
1233.53 19465.4 3431.03
1239.82 19465.4 3429.72
1246.11 19465.4 3428.35
1252.40 19465.4 3427.01
1258.68 19465.4 3425.65
1264.97 19465.4 3424.24
1271.26 19465.4 3422.83
1277.55 19465.4 3421.37
1283.84 19465.4 3419.87
1290.13 19465.4 3418.28
1296.42 19465.4 3416.58
1302.71 19465.4 3414.62
1309.00 19465.4 3412.16
1315.29 19465.4 3410.43
1321.58 19465.4 3406.20
1327.87 19465.4 3402.13
1334.16 19465.4 3398.18
1340.45 19465.4 3394.37
1346.73 19465.4 3390.69
1353.02 19465.4 3387.12
1359.31 19465.4 3383.66
1365.60 19465.4 3380.30
1371.89 19465.4 3377.04
1378.18 19465.4 3373.87
1384.47 19465.4 3370.78
1390.76 19465.4 3367.77
1397.05 19465.4 3364.84
1403.34 19465.4 3361.97
1409.63 19465.4 3359.18
1415.92 19465.4 3356.45
1422.21 19465.4 3353.81
1428.50 19465.4 3351.16
1434.79 19465.4 3348.61
1441.07 19465.4 3346.14
1447.36 19465.4 3343.67
1453.65 19465.4 3341.27
1459.94 19465.4 3338.89
1466.23 19465.4 3336.60
1472.52 19465.4 3334.30
1478.81 19465.4 3332.10
1485.10 19465.4 3329.86
1491.39 19465.4 3327.70
1497.68 19465.4 3325.57
1503.97 19465.4 3323.46
1510.26 19465.4 3321.38
1516.55 19465.4 3319.33
1522.84 19465.4 3317.31
1529.12 19465.4 3315.32
1535.41 19465.4 3313.38
1541.70 19465.4 3311.43
1547.99 19465.4 3309.49
1554.28 19465.4 3307.60
1560.57 19465.4 3305.72
1566.86 19465.4 3303.87
1573.15 19465.4 3302.03
573.150 19591.2 3519.43
579.439 19591.2 3518.82
585.729 19591.2 3518.22
592.018 19591.2 3517.61
598.307 19591.2 3517.00
604.597 19591.2 3516.38
610.886 19591.2 3515.76
617.175 19591.2 3515.15
623.464 19591.2 3514.54
629.754 19591.2 3513.92
636.043 19591.2 3513.29
642.332 19591.2 3512.67
648.622 19591.2 3512.04
654.911 19591.2 3511.42
661.200 19591.2 3510.79
667.490 19591.2 3510.16
673.779 19591.2 3509.53
680.068 19591.2 3508.89
686.358 19591.2 3508.25
692.647 19591.2 3507.62
698.936 19591.2 3506.99
705.225 19591.2 3506.38
711.515 19591.2 3505.75
717.804 19591.2 3505.13
724.093 19591.2 3504.51
730.383 19591.2 3503.89
736.672 19591.2 3503.27
742.961 19591.2 3502.64
749.251 19591.2 3502.02
755.540 19591.2 3501.37
761.829 19591.2 3500.76
768.119 19591.2 3500.13
774.408 19591.2 3499.45
780.697 19591.2 3498.87
786.986 19591.2 3498.23
793.276 19591.2 3497.59
799.565 19591.2 3496.95
805.854 19591.2 3496.30
812.144 19591.2 3495.67
818.433 19591.2 3495.02
824.722 19591.2 3494.37
831.012 19591.2 3493.72
837.301 19591.2 3493.06
843.590 19591.2 3492.41
849.880 19591.2 3491.75
856.169 19591.2 3491.08
862.458 19591.2 3490.42
868.747 19591.2 3489.74
875.037 19591.2 3489.07
881.326 19591.2 3488.39
887.615 19591.2 3487.71
893.905 19591.2 3487.02
900.194 19591.2 3486.33
906.483 19591.2 3485.62
912.773 19591.2 3484.92
919.062 19591.2 3484.20
925.351 19591.2 3483.49
931.641 19591.2 3482.77
937.930 19591.2 3482.03
944.219 19591.2 3481.30
950.508 19591.2 3480.55
956.798 19591.2 3479.79
963.087 19591.2 3479.03
969.376 19591.2 3478.25
975.666 19591.2 3477.47
981.955 19591.2 3476.67
988.244 19591.2 3475.87
994.534 19591.2 3475.07
1000.82 19591.2 3474.23
1007.11 19591.2 3473.39
1013.40 19591.2 3472.54
1019.69 19591.2 3471.67
1025.98 19591.2 3470.78
1032.27 19591.2 3469.89
1038.56 19591.2 3468.97
1044.85 19591.2 3468.04
1051.14 19591.2 3467.08
1057.43 19591.2 3466.12
1063.72 19591.2 3465.12
1070.01 19591.2 3464.12
1076.29 19591.2 3463.09
1082.58 19591.2 3462.04
1088.87 19591.2 3460.96
1095.16 19591.2 3459.87
1101.45 19591.2 3458.74
1107.74 19591.2 3457.60
1114.03 19591.2 3456.46
1120.32 19591.2 3455.27
1126.61 19591.2 3454.05
1132.90 19591.2 3452.81
1139.19 19591.2 3451.55
1145.48 19591.2 3450.28
1151.77 19591.2 3448.96
1158.06 19591.2 3447.64
1164.34 19591.2 3446.29
1170.63 19591.2 3444.92
1176.92 19591.2 3443.52
1183.21 19591.2 3442.10
1189.50 19591.2 3440.72
1195.79 19591.2 3439.45
1202.08 19591.2 3438.19
1208.37 19591.2 3436.88
1214.66 19591.2 3435.62
1220.95 19591.2 3434.32
1227.24 19591.2 3433.00
1233.53 19591.2 3431.67
1239.82 19591.2 3430.37
1246.11 19591.2 3429.02
1252.40 19591.2 3427.69
1258.68 19591.2 3426.30
1264.97 19591.2 3424.95
1271.26 19591.2 3423.62
1277.55 19591.2 3422.10
1283.84 19591.2 3420.61
1290.13 19591.2 3419.09
1296.42 19591.2 3417.46
1302.71 19591.2 3415.65
1309.00 19591.2 3413.04
1315.29 19591.2 3411.68
1321.58 19591.2 3410.66
1327.87 19591.2 3408.62
1334.16 19591.2 3404.50
1340.45 19591.2 3400.51
1346.73 19591.2 3396.66
1353.02 19591.2 3392.94
1359.31 19591.2 3389.33
1365.60 19591.2 3385.82
1371.89 19591.2 3382.41
1378.18 19591.2 3379.13
1384.47 19591.2 3375.93
1390.76 19591.2 3372.79
1397.05 19591.2 3369.75
1403.34 19591.2 3366.80
1409.63 19591.2 3363.89
1415.92 19591.2 3361.08
1422.21 19591.2 3358.32
1428.50 19591.2 3355.64
1434.79 19591.2 3352.98
1441.07 19591.2 3350.41
1447.36 19591.2 3347.87
1453.65 19591.2 3345.39
1459.94 19591.2 3342.96
1466.23 19591.2 3340.55
1472.52 19591.2 3338.21
1478.81 19591.2 3335.93
1485.10 19591.2 3333.67
1491.39 19591.2 3331.45
1497.68 19591.2 3329.25
1503.97 19591.2 3327.09
1510.26 19591.2 3324.97
1516.55 19591.2 3322.87
1522.84 19591.2 3320.80
1529.12 19591.2 3318.78
1535.41 19591.2 3316.80
1541.70 19591.2 3314.78
1547.99 19591.2 3312.81
1554.28 19591.2 3310.87
1560.57 19591.2 3308.96
1566.86 19591.2 3307.06
1573.15 19591.2 3305.19
573.150 19717.0 3519.80
579.439 19717.0 3519.20
585.729 19717.0 3518.59
592.018 19717.0 3517.98
598.307 19717.0 3517.37
604.597 19717.0 3516.76
610.886 19717.0 3516.15
617.175 19717.0 3515.53
623.464 19717.0 3514.92
629.754 19717.0 3514.30
636.043 19717.0 3513.68
642.332 19717.0 3513.06
648.622 19717.0 3512.43
654.911 19717.0 3511.81
661.200 19717.0 3511.17
667.490 19717.0 3510.55
673.779 19717.0 3509.92
680.068 19717.0 3509.28
686.358 19717.0 3508.64
692.647 19717.0 3508.00
698.936 19717.0 3507.38
705.225 19717.0 3506.76
711.515 19717.0 3506.14
717.804 19717.0 3505.52
724.093 19717.0 3504.90
730.383 19717.0 3504.28
736.672 19717.0 3503.66
742.961 19717.0 3503.04
749.251 19717.0 3502.42
755.540 19717.0 3501.77
761.829 19717.0 3501.15
768.119 19717.0 3500.53
774.408 19717.0 3499.89
780.697 19717.0 3499.26
786.986 19717.0 3498.62
793.276 19717.0 3497.99
799.565 19717.0 3497.35
805.854 19717.0 3496.71
812.144 19717.0 3496.07
818.433 19717.0 3495.42
824.722 19717.0 3494.78
831.012 19717.0 3494.11
837.301 19717.0 3493.47
843.590 19717.0 3492.81
849.880 19717.0 3492.15
856.169 19717.0 3491.49
862.458 19717.0 3490.83
868.747 19717.0 3490.16
875.037 19717.0 3489.49
881.326 19717.0 3488.81
887.615 19717.0 3488.12
893.905 19717.0 3487.43
900.194 19717.0 3486.74
906.483 19717.0 3486.06
912.773 19717.0 3485.34
919.062 19717.0 3484.63
925.351 19717.0 3483.92
931.641 19717.0 3483.19
937.930 19717.0 3482.46
944.219 19717.0 3481.72
950.508 19717.0 3480.99
956.798 19717.0 3480.23
963.087 19717.0 3479.47
969.376 19717.0 3478.70
975.666 19717.0 3477.92
981.955 19717.0 3477.13
988.244 19717.0 3476.33
994.534 19717.0 3475.52
1000.82 19717.0 3474.70
1007.11 19717.0 3473.86
1013.40 19717.0 3473.01
1019.69 19717.0 3472.14
1025.98 19717.0 3471.26
1032.27 19717.0 3470.36
1038.56 19717.0 3469.43
1044.85 19717.0 3468.52
1051.14 19717.0 3467.58
1057.43 19717.0 3466.61
1063.72 19717.0 3465.64
1070.01 19717.0 3464.63
1076.29 19717.0 3463.61
1082.58 19717.0 3462.56
1088.87 19717.0 3461.46
1095.16 19717.0 3460.41
1101.45 19717.0 3459.29
1107.74 19717.0 3458.16
1114.03 19717.0 3457.01
1120.32 19717.0 3455.82
1126.61 19717.0 3454.62
1132.90 19717.0 3453.39
1139.19 19717.0 3452.14
1145.48 19717.0 3450.87
1151.77 19717.0 3449.57
1158.06 19717.0 3448.28
1164.34 19717.0 3446.91
1170.63 19717.0 3445.55
1176.92 19717.0 3444.15
1183.21 19717.0 3442.75
1189.50 19717.0 3441.35
1195.79 19717.0 3440.12
1202.08 19717.0 3438.80
1208.37 19717.0 3437.55
1214.66 19717.0 3436.25
1220.95 19717.0 3434.97
1227.24 19717.0 3433.68
1233.53 19717.0 3432.35
1239.82 19717.0 3431.02
1246.11 19717.0 3429.73
1252.40 19717.0 3428.37
1258.68 19717.0 3427.01
1264.97 19717.0 3425.62
1271.26 19717.0 3424.25
1277.55 19717.0 3422.83
1283.84 19717.0 3421.35
1290.13 19717.0 3419.86
1296.42 19717.0 3418.28
1302.71 19717.0 3416.58
1309.00 19717.0 3414.57
1315.29 19717.0 3412.19
1321.58 19717.0 3411.19
1327.87 19717.0 3410.17
1334.16 19717.0 3409.14
1340.45 19717.0 3406.85
1346.73 19717.0 3402.82
1353.02 19717.0 3398.93
1359.31 19717.0 3395.16
1365.60 19717.0 3391.51
1371.89 19717.0 3387.98
1378.18 19717.0 3384.55
1384.47 19717.0 3381.20
1390.76 19717.0 3377.96
1397.05 19717.0 3374.80
1403.34 19717.0 3371.74
1409.63 19717.0 3368.74
1415.92 19717.0 3365.82
1422.21 19717.0 3362.95
1428.50 19717.0 3360.16
1434.79 19717.0 3357.46
1441.07 19717.0 3354.78
1447.36 19717.0 3352.17
1453.65 19717.0 3349.62
1459.94 19717.0 3347.11
1466.23 19717.0 3344.64
1472.52 19717.0 3342.23
1478.81 19717.0 3339.88
1485.10 19717.0 3337.55
1491.39 19717.0 3335.26
1497.68 19717.0 3333.01
1503.97 19717.0 3330.80
1510.26 19717.0 3328.62
1516.55 19717.0 3326.46
1522.84 19717.0 3324.37
1529.12 19717.0 3322.28
1535.41 19717.0 3320.21
1541.70 19717.0 3318.18
1547.99 19717.0 3316.20
1554.28 19717.0 3314.20
1560.57 19717.0 3312.24
1566.86 19717.0 3310.31
1573.15 19717.0 3308.39
573.150 19842.8 3520.18
579.439 19842.8 3519.57
585.729 19842.8 3518.97
592.018 19842.8 3518.36
598.307 19842.8 3517.75
604.597 19842.8 3517.14
610.886 19842.8 3516.53
617.175 19842.8 3515.91
623.464 19842.8 3515.30
629.754 19842.8 3514.68
636.043 19842.8 3514.06
642.332 19842.8 3513.44
648.622 19842.8 3512.81
654.911 19842.8 3512.18
661.200 19842.8 3511.55
667.490 19842.8 3510.93
673.779 19842.8 3510.29
680.068 19842.8 3509.66
686.358 19842.8 3509.02
692.647 19842.8 3508.39
698.936 19842.8 3507.77
705.225 19842.8 3507.15
711.515 19842.8 3506.53
717.804 19842.8 3505.91
724.093 19842.8 3505.29
730.383 19842.8 3504.67
736.672 19842.8 3504.05
742.961 19842.8 3503.42
749.251 19842.8 3502.80
755.540 19842.8 3502.17
761.829 19842.8 3501.55
768.119 19842.8 3500.92
774.408 19842.8 3500.28
780.697 19842.8 3499.66
786.986 19842.8 3499.02
793.276 19842.8 3498.39
799.565 19842.8 3497.75
805.854 19842.8 3497.14
812.144 19842.8 3496.47
818.433 19842.8 3495.82
824.722 19842.8 3495.17
831.012 19842.8 3494.53
837.301 19842.8 3493.88
843.590 19842.8 3493.22
849.880 19842.8 3492.57
856.169 19842.8 3491.90
862.458 19842.8 3491.24
868.747 19842.8 3490.57
875.037 19842.8 3489.90
881.326 19842.8 3489.22
887.615 19842.8 3488.54
893.905 19842.8 3487.86
900.194 19842.8 3487.17
906.483 19842.8 3486.47
912.773 19842.8 3485.77
919.062 19842.8 3485.05
925.351 19842.8 3484.35
931.641 19842.8 3483.61
937.930 19842.8 3482.90
944.219 19842.8 3482.16
950.508 19842.8 3481.43
956.798 19842.8 3480.67
963.087 19842.8 3479.91
969.376 19842.8 3479.15
975.666 19842.8 3478.37
981.955 19842.8 3477.57
988.244 19842.8 3476.78
994.534 19842.8 3475.97
1000.82 19842.8 3475.16
1007.11 19842.8 3474.32
1013.40 19842.8 3473.47
1019.69 19842.8 3472.61
1025.98 19842.8 3471.74
1032.27 19842.8 3470.84
1038.56 19842.8 3469.94
1044.85 19842.8 3469.02
1051.14 19842.8 3468.07
1057.43 19842.8 3467.11
1063.72 19842.8 3466.13
1070.01 19842.8 3465.14
1076.29 19842.8 3464.12
1082.58 19842.8 3463.08
1088.87 19842.8 3462.02
1095.16 19842.8 3460.94
1101.45 19842.8 3459.83
1107.74 19842.8 3458.70
1114.03 19842.8 3457.56
1120.32 19842.8 3456.38
1126.61 19842.8 3455.19
1132.90 19842.8 3453.95
1139.19 19842.8 3452.73
1145.48 19842.8 3451.45
1151.77 19842.8 3450.16
1158.06 19842.8 3448.86
1164.34 19842.8 3447.53
1170.63 19842.8 3446.16
1176.92 19842.8 3444.79
1183.21 19842.8 3443.39
1189.50 19842.8 3442.01
1195.79 19842.8 3440.73
1202.08 19842.8 3439.47
1208.37 19842.8 3438.19
1214.66 19842.8 3436.88
1220.95 19842.8 3435.63
1227.24 19842.8 3434.32
1233.53 19842.8 3433.01
1239.82 19842.8 3431.70
1246.11 19842.8 3430.37
1252.40 19842.8 3429.05
1258.68 19842.8 3427.71
1264.97 19842.8 3426.33
1271.26 19842.8 3424.94
1277.55 19842.8 3423.55
1283.84 19842.8 3422.09
1290.13 19842.8 3420.62
1296.42 19842.8 3419.08
1302.71 19842.8 3417.46
1309.00 19842.8 3415.63
1315.29 19842.8 3412.71
1321.58 19842.8 3411.71
1327.87 19842.8 3410.69
1334.16 19842.8 3409.68
1340.45 19842.8 3408.66
1346.73 19842.8 3407.65
1353.02 19842.8 3405.12
1359.31 19842.8 3401.18
1365.60 19842.8 3397.38
1371.89 19842.8 3393.69
1378.18 19842.8 3390.11
1384.47 19842.8 3386.64
1390.76 19842.8 3383.26
1397.05 19842.8 3379.99
1403.34 19842.8 3376.81
1409.63 19842.8 3373.69
1415.92 19842.8 3370.66
1422.21 19842.8 3367.73
1428.50 19842.8 3364.83
1434.79 19842.8 3362.02
1441.07 19842.8 3359.25
1447.36 19842.8 3356.56
1453.65 19842.8 3353.93
1459.94 19842.8 3351.34
1466.23 19842.8 3348.82
1472.52 19842.8 3346.36
1478.81 19842.8 3343.90
1485.10 19842.8 3341.53
1491.39 19842.8 3339.16
1497.68 19842.8 3336.85
1503.97 19842.8 3334.57
1510.26 19842.8 3332.33
1516.55 19842.8 3330.14
1522.84 19842.8 3327.97
1529.12 19842.8 3325.84
1535.41 19842.8 3323.71
1541.70 19842.8 3321.65
1547.99 19842.8 3319.59
1554.28 19842.8 3317.57
1560.57 19842.8 3315.57
1566.86 19842.8 3313.61
1573.15 19842.8 3311.66
573.150 19968.6 3520.55
579.439 19968.6 3519.95
585.729 19968.6 3519.34
592.018 19968.6 3518.74
598.307 19968.6 3518.13
604.597 19968.6 3517.52
610.886 19968.6 3516.90
617.175 19968.6 3516.29
623.464 19968.6 3515.67
629.754 19968.6 3515.05
636.043 19968.6 3514.44
642.332 19968.6 3513.82
648.622 19968.6 3513.19
654.911 19968.6 3512.57
661.200 19968.6 3511.94
667.490 19968.6 3511.32
673.779 19968.6 3510.68
680.068 19968.6 3510.05
686.358 19968.6 3509.41
692.647 19968.6 3508.77
698.936 19968.6 3508.15
705.225 19968.6 3507.51
711.515 19968.6 3506.92
717.804 19968.6 3506.29
724.093 19968.6 3505.68
730.383 19968.6 3505.06
736.672 19968.6 3504.44
742.961 19968.6 3503.82
749.251 19968.6 3503.19
755.540 19968.6 3502.57
761.829 19968.6 3501.94
768.119 19968.6 3501.31
774.408 19968.6 3500.69
780.697 19968.6 3500.05
786.986 19968.6 3499.42
793.276 19968.6 3498.79
799.565 19968.6 3498.15
805.854 19968.6 3497.51
812.144 19968.6 3496.87
818.433 19968.6 3496.23
824.722 19968.6 3495.58
831.012 19968.6 3494.94
837.301 19968.6 3494.28
843.590 19968.6 3493.63
849.880 19968.6 3492.97
856.169 19968.6 3492.31
862.458 19968.6 3491.65
868.747 19968.6 3490.98
875.037 19968.6 3490.31
881.326 19968.6 3489.64
887.615 19968.6 3488.95
893.905 19968.6 3488.27
900.194 19968.6 3487.58
906.483 19968.6 3486.90
912.773 19968.6 3486.19
919.062 19968.6 3485.48
925.351 19968.6 3484.78
931.641 19968.6 3484.06
937.930 19968.6 3483.33
944.219 19968.6 3482.60
950.508 19968.6 3481.86
956.798 19968.6 3481.11
963.087 19968.6 3480.35
969.376 19968.6 3479.60
975.666 19968.6 3478.82
981.955 19968.6 3478.03
988.244 19968.6 3477.24
994.534 19968.6 3476.43
1000.82 19968.6 3475.61
1007.11 19968.6 3474.78
1013.40 19968.6 3473.94
1019.69 19968.6 3473.08
1025.98 19968.6 3472.21
1032.27 19968.6 3471.32
1038.56 19968.6 3470.42
1044.85 19968.6 3469.50
1051.14 19968.6 3468.56
1057.43 19968.6 3467.61
1063.72 19968.6 3466.64
1070.01 19968.6 3465.64
1076.29 19968.6 3464.64
1082.58 19968.6 3463.60
1088.87 19968.6 3462.54
1095.16 19968.6 3461.47
1101.45 19968.6 3460.38
1107.74 19968.6 3459.25
1114.03 19968.6 3458.10
1120.32 19968.6 3456.94
1126.61 19968.6 3455.75
1132.90 19968.6 3454.54
1139.19 19968.6 3453.30
1145.48 19968.6 3452.04
1151.77 19968.6 3450.77
1158.06 19968.6 3449.46
1164.34 19968.6 3448.14
1170.63 19968.6 3446.78
1176.92 19968.6 3445.42
1183.21 19968.6 3444.03
1189.50 19968.6 3442.61
1195.79 19968.6 3441.36
1202.08 19968.6 3440.11
1208.37 19968.6 3438.82
1214.66 19968.6 3437.56
1220.95 19968.6 3436.27
1227.24 19968.6 3434.96
1233.53 19968.6 3433.66
1239.82 19968.6 3432.36
1246.11 19968.6 3431.03
1252.40 19968.6 3429.72
1258.68 19968.6 3428.32
1264.97 19968.6 3427.02
1271.26 19968.6 3425.65
1277.55 19968.6 3424.26
1283.84 19968.6 3422.81
1290.13 19968.6 3421.36
1296.42 19968.6 3419.84
1302.71 19968.6 3418.28
1309.00 19968.6 3416.59
1315.29 19968.6 3414.52
1321.58 19968.6 3412.23
1327.87 19968.6 3411.24
1334.16 19968.6 3410.19
1340.45 19968.6 3409.21
1346.73 19968.6 3408.15
1353.02 19968.6 3407.06
1359.31 19968.6 3406.14
1365.60 19968.6 3403.42
1371.89 19968.6 3399.59
1378.18 19968.6 3395.85
1384.47 19968.6 3392.23
1390.76 19968.6 3388.72
1397.05 19968.6 3385.32
1403.34 19968.6 3382.01
1409.63 19968.6 3378.79
1415.92 19968.6 3375.64
1422.21 19968.6 3372.58
1428.50 19968.6 3369.60
1434.79 19968.6 3366.69
1441.07 19968.6 3363.85
1447.36 19968.6 3361.07
1453.65 19968.6 3358.35
1459.94 19968.6 3355.67
1466.23 19968.6 3353.06
1472.52 19968.6 3350.51
1478.81 19968.6 3348.00
1485.10 19968.6 3345.54
1491.39 19968.6 3343.12
1497.68 19968.6 3340.76
1503.97 19968.6 3338.42
1510.26 19968.6 3336.13
1516.55 19968.6 3333.88
1522.84 19968.6 3331.65
1529.12 19968.6 3329.46
1535.41 19968.6 3327.30
1541.70 19968.6 3325.19
1547.99 19968.6 3323.08
1554.28 19968.6 3321.02
1560.57 19968.6 3318.98
1566.86 19968.6 3316.96
1573.15 19968.6 3314.94
573.150 20094.3 3520.92
579.439 20094.3 3520.32
585.729 20094.3 3519.72
592.018 20094.3 3519.11
598.307 20094.3 3518.50
604.597 20094.3 3517.89
610.886 20094.3 3517.28
617.175 20094.3 3516.67
623.464 20094.3 3516.05
629.754 20094.3 3515.44
636.043 20094.3 3514.82
642.332 20094.3 3514.20
648.622 20094.3 3513.58
654.911 20094.3 3512.95
661.200 20094.3 3512.32
667.490 20094.3 3511.69
673.779 20094.3 3511.07
680.068 20094.3 3510.43
686.358 20094.3 3509.79
692.647 20094.3 3509.16
698.936 20094.3 3508.54
705.225 20094.3 3507.92
711.515 20094.3 3507.31
717.804 20094.3 3506.69
724.093 20094.3 3506.07
730.383 20094.3 3505.45
736.672 20094.3 3504.83
742.961 20094.3 3504.21
749.251 20094.3 3503.58
755.540 20094.3 3502.96
761.829 20094.3 3502.34
768.119 20094.3 3501.76
774.408 20094.3 3501.08
780.697 20094.3 3500.45
786.986 20094.3 3499.82
793.276 20094.3 3499.18
799.565 20094.3 3498.55
805.854 20094.3 3497.91
812.144 20094.3 3497.27
818.433 20094.3 3496.63
824.722 20094.3 3495.99
831.012 20094.3 3495.34
837.301 20094.3 3494.69
843.590 20094.3 3494.04
849.880 20094.3 3493.38
856.169 20094.3 3492.72
862.458 20094.3 3492.05
868.747 20094.3 3491.39
875.037 20094.3 3490.73
881.326 20094.3 3490.05
887.615 20094.3 3489.37
893.905 20094.3 3488.69
900.194 20094.3 3488.01
906.483 20094.3 3487.31
912.773 20094.3 3486.62
919.062 20094.3 3485.92
925.351 20094.3 3485.20
931.641 20094.3 3484.49
937.930 20094.3 3483.77
944.219 20094.3 3483.03
950.508 20094.3 3482.29
956.798 20094.3 3481.55
963.087 20094.3 3480.79
969.376 20094.3 3480.04
975.666 20094.3 3479.26
981.955 20094.3 3478.48
988.244 20094.3 3477.68
994.534 20094.3 3476.89
1000.82 20094.3 3476.08
1007.11 20094.3 3475.24
1013.40 20094.3 3474.41
1019.69 20094.3 3473.55
1025.98 20094.3 3472.68
1032.27 20094.3 3471.80
1038.56 20094.3 3470.90
1044.85 20094.3 3469.99
1051.14 20094.3 3469.06
1057.43 20094.3 3468.11
1063.72 20094.3 3467.14
1070.01 20094.3 3466.16
1076.29 20094.3 3465.14
1082.58 20094.3 3464.12
1088.87 20094.3 3463.07
1095.16 20094.3 3462.00
1101.45 20094.3 3460.91
1107.74 20094.3 3459.80
1114.03 20094.3 3458.65
1120.32 20094.3 3457.50
1126.61 20094.3 3456.32
1132.90 20094.3 3455.12
1139.19 20094.3 3453.89
1145.48 20094.3 3452.63
1151.77 20094.3 3451.36
1158.06 20094.3 3450.06
1164.34 20094.3 3448.75
1170.63 20094.3 3447.41
1176.92 20094.3 3446.05
1183.21 20094.3 3444.67
1189.50 20094.3 3443.26
1195.79 20094.3 3442.01
1202.08 20094.3 3440.73
1208.37 20094.3 3439.45
1214.66 20094.3 3438.24
1220.95 20094.3 3436.90
1227.24 20094.3 3435.60
1233.53 20094.3 3434.32
1239.82 20094.3 3433.02
1246.11 20094.3 3431.69
1252.40 20094.3 3430.38
1258.68 20094.3 3429.06
1264.97 20094.3 3427.70
1271.26 20094.3 3426.32
1277.55 20094.3 3424.95
1283.84 20094.3 3423.53
1290.13 20094.3 3422.12
1296.42 20094.3 3420.62
1302.71 20094.3 3419.09
1309.00 20094.3 3417.48
1315.29 20094.3 3415.61
1321.58 20094.3 3412.74
1327.87 20094.3 3411.72
1334.16 20094.3 3410.73
1340.45 20094.3 3409.70
1346.73 20094.3 3408.67
1353.02 20094.3 3407.68
1359.31 20094.3 3406.65
1365.60 20094.3 3405.66
1371.89 20094.3 3404.64
1378.18 20094.3 3401.75
1384.47 20094.3 3398.01
1390.76 20094.3 3394.34
1397.05 20094.3 3390.79
1403.34 20094.3 3387.35
1409.63 20094.3 3384.01
1415.92 20094.3 3380.75
1422.21 20094.3 3377.57
1428.50 20094.3 3374.48
1434.79 20094.3 3371.47
1441.07 20094.3 3368.53
1447.36 20094.3 3365.66
1453.65 20094.3 3362.85
1459.94 20094.3 3360.10
1466.23 20094.3 3357.41
1472.52 20094.3 3354.78
1478.81 20094.3 3352.19
1485.10 20094.3 3349.65
1491.39 20094.3 3347.17
1497.68 20094.3 3344.74
1503.97 20094.3 3342.37
1510.26 20094.3 3339.98
1516.55 20094.3 3337.68
1522.84 20094.3 3335.42
1529.12 20094.3 3333.15
1535.41 20094.3 3330.94
1541.70 20094.3 3328.77
1547.99 20094.3 3326.62
1554.28 20094.3 3324.51
1560.57 20094.3 3322.42
1566.86 20094.3 3320.37
1573.15 20094.3 3318.33
573.150 20220.1 3521.30
579.439 20220.1 3520.70
585.729 20220.1 3520.10
592.018 20220.1 3519.49
598.307 20220.1 3518.88
604.597 20220.1 3518.27
610.886 20220.1 3517.66
617.175 20220.1 3517.05
623.464 20220.1 3516.44
629.754 20220.1 3515.82
636.043 20220.1 3515.20
642.332 20220.1 3514.58
648.622 20220.1 3513.95
654.911 20220.1 3513.33
661.200 20220.1 3512.71
667.490 20220.1 3512.08
673.779 20220.1 3511.45
680.068 20220.1 3510.82
686.358 20220.1 3510.18
692.647 20220.1 3509.55
698.936 20220.1 3508.92
705.225 20220.1 3508.31
711.515 20220.1 3507.69
717.804 20220.1 3507.07
724.093 20220.1 3506.45
730.383 20220.1 3505.84
736.672 20220.1 3505.22
742.961 20220.1 3504.59
749.251 20220.1 3503.97
755.540 20220.1 3503.35
761.829 20220.1 3502.73
768.119 20220.1 3502.10
774.408 20220.1 3501.48
780.697 20220.1 3500.84
786.986 20220.1 3500.21
793.276 20220.1 3499.58
799.565 20220.1 3498.95
805.854 20220.1 3498.31
812.144 20220.1 3497.67
818.433 20220.1 3497.03
824.722 20220.1 3496.39
831.012 20220.1 3495.74
837.301 20220.1 3495.08
843.590 20220.1 3494.45
849.880 20220.1 3493.79
856.169 20220.1 3493.18
862.458 20220.1 3492.47
868.747 20220.1 3491.81
875.037 20220.1 3491.15
881.326 20220.1 3490.47
887.615 20220.1 3489.79
893.905 20220.1 3489.11
900.194 20220.1 3488.43
906.483 20220.1 3487.73
912.773 20220.1 3487.03
919.062 20220.1 3486.34
925.351 20220.1 3485.63
931.641 20220.1 3484.92
937.930 20220.1 3484.19
944.219 20220.1 3483.47
950.508 20220.1 3482.73
956.798 20220.1 3481.99
963.087 20220.1 3481.24
969.376 20220.1 3480.50
975.666 20220.1 3479.71
981.955 20220.1 3478.93
988.244 20220.1 3478.13
994.534 20220.1 3477.34
1000.82 20220.1 3476.53
1007.11 20220.1 3475.70
1013.40 20220.1 3474.87
1019.69 20220.1 3474.02
1025.98 20220.1 3473.15
1032.27 20220.1 3472.26
1038.56 20220.1 3471.38
1044.85 20220.1 3470.47
1051.14 20220.1 3469.54
1057.43 20220.1 3468.61
1063.72 20220.1 3467.63
1070.01 20220.1 3466.64
1076.29 20220.1 3465.66
1082.58 20220.1 3464.63
1088.87 20220.1 3463.58
1095.16 20220.1 3462.53
1101.45 20220.1 3461.44
1107.74 20220.1 3460.35
1114.03 20220.1 3459.21
1120.32 20220.1 3458.05
1126.61 20220.1 3456.88
1132.90 20220.1 3455.69
1139.19 20220.1 3454.46
1145.48 20220.1 3453.22
1151.77 20220.1 3451.95
1158.06 20220.1 3450.67
1164.34 20220.1 3449.36
1170.63 20220.1 3448.03
1176.92 20220.1 3446.67
1183.21 20220.1 3445.29
1189.50 20220.1 3443.90
1195.79 20220.1 3442.64
1202.08 20220.1 3441.39
1208.37 20220.1 3440.09
1214.66 20220.1 3438.82
1220.95 20220.1 3437.55
1227.24 20220.1 3436.28
1233.53 20220.1 3434.95
1239.82 20220.1 3433.67
1246.11 20220.1 3432.36
1252.40 20220.1 3431.04
1258.68 20220.1 3429.73
1264.97 20220.1 3428.39
1271.26 20220.1 3427.01
1277.55 20220.1 3425.65
1283.84 20220.1 3424.26
1290.13 20220.1 3422.90
1296.42 20220.1 3421.38
1302.71 20220.1 3419.87
1309.00 20220.1 3418.25
1315.29 20220.1 3416.53
1321.58 20220.1 3414.47
1327.87 20220.1 3412.27
1334.16 20220.1 3411.25
1340.45 20220.1 3410.23
1346.73 20220.1 3409.21
1353.02 20220.1 3408.21
1359.31 20220.1 3407.18
1365.60 20220.1 3406.17
1371.89 20220.1 3405.17
1378.18 20220.1 3404.13
1384.47 20220.1 3403.12
1390.76 20220.1 3400.11
1397.05 20220.1 3396.43
1403.34 20220.1 3392.85
1409.63 20220.1 3389.37
1415.92 20220.1 3385.99
1422.21 20220.1 3382.70
1428.50 20220.1 3379.50
1434.79 20220.1 3376.38
1441.07 20220.1 3373.34
1447.36 20220.1 3370.37
1453.65 20220.1 3367.47
1459.94 20220.1 3364.62
1466.23 20220.1 3361.84
1472.52 20220.1 3359.13
1478.81 20220.1 3356.48
1485.10 20220.1 3353.85
1491.39 20220.1 3351.31
1497.68 20220.1 3348.81
1503.97 20220.1 3346.34
1510.26 20220.1 3343.92
1516.55 20220.1 3341.54
1522.84 20220.1 3339.21
1529.12 20220.1 3336.91
1535.41 20220.1 3334.64
1541.70 20220.1 3332.42
1547.99 20220.1 3330.22
1554.28 20220.1 3328.06
1560.57 20220.1 3325.92
1566.86 20220.1 3323.83
1573.15 20220.1 3321.74
573.150 20345.9 3521.67
579.439 20345.9 3521.08
585.729 20345.9 3520.47
592.018 20345.9 3519.87
598.307 20345.9 3519.26
604.597 20345.9 3518.65
610.886 20345.9 3518.04
617.175 20345.9 3517.43
623.464 20345.9 3516.81
629.754 20345.9 3516.19
636.043 20345.9 3515.57
642.332 20345.9 3514.96
648.622 20345.9 3514.34
654.911 20345.9 3513.71
661.200 20345.9 3513.09
667.490 20345.9 3512.46
673.779 20345.9 3511.83
680.068 20345.9 3511.20
686.358 20345.9 3510.57
692.647 20345.9 3509.93
698.936 20345.9 3509.31
705.225 20345.9 3508.69
711.515 20345.9 3508.07
717.804 20345.9 3507.46
724.093 20345.9 3506.84
730.383 20345.9 3506.23
736.672 20345.9 3505.61
742.961 20345.9 3504.99
749.251 20345.9 3504.37
755.540 20345.9 3503.75
761.829 20345.9 3503.11
768.119 20345.9 3502.49
774.408 20345.9 3501.87
780.697 20345.9 3501.25
786.986 20345.9 3500.61
793.276 20345.9 3499.97
799.565 20345.9 3499.35
805.854 20345.9 3498.70
812.144 20345.9 3498.07
818.433 20345.9 3497.42
824.722 20345.9 3496.80
831.012 20345.9 3496.14
837.301 20345.9 3495.50
843.590 20345.9 3494.85
849.880 20345.9 3494.20
856.169 20345.9 3493.58
862.458 20345.9 3492.88
868.747 20345.9 3492.22
875.037 20345.9 3491.55
881.326 20345.9 3490.89
887.615 20345.9 3490.20
893.905 20345.9 3489.52
900.194 20345.9 3488.85
906.483 20345.9 3488.15
912.773 20345.9 3487.46
919.062 20345.9 3486.77
925.351 20345.9 3486.06
931.641 20345.9 3485.30
937.930 20345.9 3484.63
944.219 20345.9 3483.89
950.508 20345.9 3483.17
956.798 20345.9 3482.42
963.087 20345.9 3481.68
969.376 20345.9 3480.93
975.666 20345.9 3480.15
981.955 20345.9 3479.38
988.244 20345.9 3478.59
994.534 20345.9 3477.79
1000.82 20345.9 3476.99
1007.11 20345.9 3476.17
1013.40 20345.9 3475.33
1019.69 20345.9 3474.48
1025.98 20345.9 3473.63
1032.27 20345.9 3472.75
1038.56 20345.9 3471.86
1044.85 20345.9 3470.95
1051.14 20345.9 3470.04
1057.43 20345.9 3469.09
1063.72 20345.9 3468.14
1070.01 20345.9 3467.16
1076.29 20345.9 3466.16
1082.58 20345.9 3465.16
1088.87 20345.9 3464.11
1095.16 20345.9 3463.06
1101.45 20345.9 3461.97
1107.74 20345.9 3460.88
1114.03 20345.9 3459.75
1120.32 20345.9 3458.61
1126.61 20345.9 3457.43
1132.90 20345.9 3456.24
1139.19 20345.9 3455.04
1145.48 20345.9 3453.80
1151.77 20345.9 3452.50
1158.06 20345.9 3451.27
1164.34 20345.9 3449.97
1170.63 20345.9 3448.65
1176.92 20345.9 3447.29
1183.21 20345.9 3445.93
1189.50 20345.9 3444.57
1195.79 20345.9 3443.25
1202.08 20345.9 3442.00
1208.37 20345.9 3440.73
1214.66 20345.9 3439.45
1220.95 20345.9 3438.19
1227.24 20345.9 3436.88
1233.53 20345.9 3435.62
1239.82 20345.9 3434.32
1246.11 20345.9 3433.03
1252.40 20345.9 3431.72
1258.68 20345.9 3430.39
1264.97 20345.9 3429.05
1271.26 20345.9 3427.71
1277.55 20345.9 3426.35
1283.84 20345.9 3424.97
1290.13 20345.9 3423.52
1296.42 20345.9 3422.11
1302.71 20345.9 3420.62
1309.00 20345.9 3419.07
1315.29 20345.9 3417.42
1321.58 20345.9 3415.58
1327.87 20345.9 3412.81
1334.16 20345.9 3411.76
1340.45 20345.9 3410.79
1346.73 20345.9 3409.74
1353.02 20345.9 3408.74
1359.31 20345.9 3407.71
1365.60 20345.9 3406.70
1371.89 20345.9 3405.69
1378.18 20345.9 3404.66
1384.47 20345.9 3403.66
1390.76 20345.9 3402.63
1397.05 20345.9 3401.64
1403.34 20345.9 3398.50
1409.63 20345.9 3394.89
1415.92 20345.9 3391.38
1422.21 20345.9 3387.97
1428.50 20345.9 3384.64
1434.79 20345.9 3381.41
1441.07 20345.9 3378.26
1447.36 20345.9 3375.19
1453.65 20345.9 3372.19
1459.94 20345.9 3369.25
1466.23 20345.9 3366.39
1472.52 20345.9 3363.58
1478.81 20345.9 3360.85
1485.10 20345.9 3358.17
1491.39 20345.9 3355.53
1497.68 20345.9 3352.95
1503.97 20345.9 3350.42
1510.26 20345.9 3347.93
1516.55 20345.9 3345.50
1522.84 20345.9 3343.11
1529.12 20345.9 3340.73
1535.41 20345.9 3338.42
1541.70 20345.9 3336.13
1547.99 20345.9 3333.89
1554.28 20345.9 3331.67
1560.57 20345.9 3329.50
1566.86 20345.9 3327.34
1573.15 20345.9 3325.21
573.150 20471.7 3522.05
579.439 20471.7 3521.45
585.729 20471.7 3520.84
592.018 20471.7 3520.24
598.307 20471.7 3519.64
604.597 20471.7 3519.03
610.886 20471.7 3518.41
617.175 20471.7 3517.80
623.464 20471.7 3517.19
629.754 20471.7 3516.57
636.043 20471.7 3515.96
642.332 20471.7 3515.34
648.622 20471.7 3514.72
654.911 20471.7 3514.10
661.200 20471.7 3513.47
667.490 20471.7 3512.84
673.779 20471.7 3512.21
680.068 20471.7 3511.58
686.358 20471.7 3510.95
692.647 20471.7 3510.32
698.936 20471.7 3509.69
705.225 20471.7 3509.08
711.515 20471.7 3508.46
717.804 20471.7 3507.85
724.093 20471.7 3507.23
730.383 20471.7 3506.61
736.672 20471.7 3506.00
742.961 20471.7 3505.38
749.251 20471.7 3504.76
755.540 20471.7 3504.14
761.829 20471.7 3503.52
768.119 20471.7 3502.89
774.408 20471.7 3502.26
780.697 20471.7 3501.64
786.986 20471.7 3501.00
793.276 20471.7 3500.38
799.565 20471.7 3499.74
805.854 20471.7 3499.11
812.144 20471.7 3498.48
818.433 20471.7 3497.83
824.722 20471.7 3497.20
831.012 20471.7 3496.55
837.301 20471.7 3495.91
843.590 20471.7 3495.26
849.880 20471.7 3494.61
856.169 20471.7 3493.94
862.458 20471.7 3493.30
868.747 20471.7 3492.63
875.037 20471.7 3491.97
881.326 20471.7 3491.30
887.615 20471.7 3490.63
893.905 20471.7 3489.95
900.194 20471.7 3489.28
906.483 20471.7 3488.59
912.773 20471.7 3487.89
919.062 20471.7 3487.18
925.351 20471.7 3486.48
931.641 20471.7 3485.76
937.930 20471.7 3485.06
944.219 20471.7 3484.33
950.508 20471.7 3483.60
956.798 20471.7 3482.86
963.087 20471.7 3482.12
969.376 20471.7 3481.35
975.666 20471.7 3480.60
981.955 20471.7 3479.83
988.244 20471.7 3479.05
994.534 20471.7 3478.25
1000.82 20471.7 3477.44
1007.11 20471.7 3476.62
1013.40 20471.7 3475.80
1019.69 20471.7 3474.95
1025.98 20471.7 3474.09
1032.27 20471.7 3473.22
1038.56 20471.7 3472.33
1044.85 20471.7 3471.44
1051.14 20471.7 3470.52
1057.43 20471.7 3469.59
1063.72 20471.7 3468.63
1070.01 20471.7 3467.64
1076.29 20471.7 3466.67
1082.58 20471.7 3465.66
1088.87 20471.7 3464.62
1095.16 20471.7 3463.59
1101.45 20471.7 3462.50
1107.74 20471.7 3461.41
1114.03 20471.7 3460.30
1120.32 20471.7 3459.16
1126.61 20471.7 3457.99
1132.90 20471.7 3456.79
1139.19 20471.7 3455.55
1145.48 20471.7 3454.38
1151.77 20471.7 3453.13
1158.06 20471.7 3451.82
1164.34 20471.7 3450.57
1170.63 20471.7 3449.25
1176.92 20471.7 3447.91
1183.21 20471.7 3446.55
1189.50 20471.7 3445.18
1195.79 20471.7 3443.94
1202.08 20471.7 3442.62
1208.37 20471.7 3441.36
1214.66 20471.7 3440.10
1220.95 20471.7 3438.83
1227.24 20471.7 3437.52
1233.53 20471.7 3436.25
1239.82 20471.7 3434.96
1246.11 20471.7 3433.68
1252.40 20471.7 3432.38
1258.68 20471.7 3431.03
1264.97 20471.7 3429.73
1271.26 20471.7 3428.38
1277.55 20471.7 3427.03
1283.84 20471.7 3425.66
1290.13 20471.7 3424.25
1296.42 20471.7 3422.83
1302.71 20471.7 3421.38
1309.00 20471.7 3419.86
1315.29 20471.7 3418.27
1321.58 20471.7 3416.51
1327.87 20471.7 3414.42
1334.16 20471.7 3412.28
1340.45 20471.7 3411.27
1346.73 20471.7 3410.29
1353.02 20471.7 3409.24
1359.31 20471.7 3408.22
1365.60 20471.7 3407.21
1371.89 20471.7 3406.20
1378.18 20471.7 3405.19
1384.47 20471.7 3404.18
1390.76 20471.7 3403.16
1397.05 20471.7 3402.15
1403.34 20471.7 3401.13
1409.63 20471.7 3400.13
1415.92 20471.7 3396.92
1422.21 20471.7 3393.38
1428.50 20471.7 3389.93
1434.79 20471.7 3386.57
1441.07 20471.7 3383.31
1447.36 20471.7 3380.14
1453.65 20471.7 3377.03
1459.94 20471.7 3374.00
1466.23 20471.7 3371.04
1472.52 20471.7 3368.15
1478.81 20471.7 3365.32
1485.10 20471.7 3362.56
1491.39 20471.7 3359.85
1497.68 20471.7 3357.19
1503.97 20471.7 3354.59
1510.26 20471.7 3352.03
1516.55 20471.7 3349.52
1522.84 20471.7 3347.06
1529.12 20471.7 3344.64
1535.41 20471.7 3342.25
1541.70 20471.7 3339.92
1547.99 20471.7 3337.62
1554.28 20471.7 3335.35
1560.57 20471.7 3333.11
1566.86 20471.7 3330.92
1573.15 20471.7 3328.74
573.150 20597.5 3522.42
579.439 20597.5 3521.83
585.729 20597.5 3521.22
592.018 20597.5 3520.62
598.307 20597.5 3520.01
604.597 20597.5 3519.40
610.886 20597.5 3518.79
617.175 20597.5 3518.19
623.464 20597.5 3517.57
629.754 20597.5 3516.96
636.043 20597.5 3516.34
642.332 20597.5 3515.72
648.622 20597.5 3515.10
654.911 20597.5 3514.48
661.200 20597.5 3513.85
667.490 20597.5 3513.23
673.779 20597.5 3512.60
680.068 20597.5 3511.97
686.358 20597.5 3511.33
692.647 20597.5 3510.70
698.936 20597.5 3510.08
705.225 20597.5 3509.46
711.515 20597.5 3508.85
717.804 20597.5 3508.24
724.093 20597.5 3507.62
730.383 20597.5 3507.01
736.672 20597.5 3506.40
742.961 20597.5 3505.77
749.251 20597.5 3505.15
755.540 20597.5 3504.53
761.829 20597.5 3503.91
768.119 20597.5 3503.28
774.408 20597.5 3502.66
780.697 20597.5 3502.04
786.986 20597.5 3501.41
793.276 20597.5 3500.77
799.565 20597.5 3500.15
805.854 20597.5 3499.50
812.144 20597.5 3498.88
818.433 20597.5 3498.25
824.722 20597.5 3497.60
831.012 20597.5 3496.96
837.301 20597.5 3496.31
843.590 20597.5 3495.67
849.880 20597.5 3495.02
856.169 20597.5 3494.36
862.458 20597.5 3493.70
868.747 20597.5 3493.04
875.037 20597.5 3492.38
881.326 20597.5 3491.71
887.615 20597.5 3491.04
893.905 20597.5 3490.36
900.194 20597.5 3489.67
906.483 20597.5 3489.00
912.773 20597.5 3488.31
919.062 20597.5 3487.61
925.351 20597.5 3486.91
931.641 20597.5 3486.20
937.930 20597.5 3485.48
944.219 20597.5 3484.77
950.508 20597.5 3484.04
956.798 20597.5 3483.30
963.087 20597.5 3482.56
969.376 20597.5 3481.80
975.666 20597.5 3481.04
981.955 20597.5 3480.27
988.244 20597.5 3479.49
994.534 20597.5 3478.69
1000.82 20597.5 3477.90
1007.11 20597.5 3477.08
1013.40 20597.5 3476.26
1019.69 20597.5 3475.42
1025.98 20597.5 3474.57
1032.27 20597.5 3473.70
1038.56 20597.5 3472.82
1044.85 20597.5 3471.94
1051.14 20597.5 3471.02
1057.43 20597.5 3470.07
1063.72 20597.5 3469.12
1070.01 20597.5 3468.16
1076.29 20597.5 3467.17
1082.58 20597.5 3466.17
1088.87 20597.5 3465.15
1095.16 20597.5 3464.10
1101.45 20597.5 3463.04
1107.74 20597.5 3461.95
1114.03 20597.5 3460.84
1120.32 20597.5 3459.70
1126.61 20597.5 3458.55
1132.90 20597.5 3457.37
1139.19 20597.5 3456.18
1145.48 20597.5 3454.96
1151.77 20597.5 3453.71
1158.06 20597.5 3452.45
1164.34 20597.5 3451.17
1170.63 20597.5 3449.85
1176.92 20597.5 3448.53
1183.21 20597.5 3447.19
1189.50 20597.5 3445.81
1195.79 20597.5 3444.45
1202.08 20597.5 3443.24
1208.37 20597.5 3442.00
1214.66 20597.5 3440.74
1220.95 20597.5 3439.45
1227.24 20597.5 3438.17
1233.53 20597.5 3436.86
1239.82 20597.5 3435.61
1246.11 20597.5 3434.33
1252.40 20597.5 3433.02
1258.68 20597.5 3431.71
1264.97 20597.5 3430.35
1271.26 20597.5 3429.07
1277.55 20597.5 3427.72
1283.84 20597.5 3426.34
1290.13 20597.5 3424.98
1296.42 20597.5 3423.54
1302.71 20597.5 3422.13
1309.00 20597.5 3420.62
1315.29 20597.5 3419.08
1321.58 20597.5 3417.42
1327.87 20597.5 3415.57
1334.16 20597.5 3412.96
1340.45 20597.5 3411.80
1346.73 20597.5 3410.78
1353.02 20597.5 3409.78
1359.31 20597.5 3408.75
1365.60 20597.5 3407.75
1371.89 20597.5 3406.72
1378.18 20597.5 3405.71
1384.47 20597.5 3404.69
1390.76 20597.5 3403.68
1397.05 20597.5 3402.67
1403.34 20597.5 3401.67
1409.63 20597.5 3400.64
1415.92 20597.5 3399.63
1422.21 20597.5 3398.61
1428.50 20597.5 3395.36
1434.79 20597.5 3391.88
1441.07 20597.5 3388.49
1447.36 20597.5 3385.19
1453.65 20597.5 3381.99
1459.94 20597.5 3378.86
1466.23 20597.5 3375.80
1472.52 20597.5 3372.81
1478.81 20597.5 3369.90
1485.10 20597.5 3367.05
1491.39 20597.5 3364.25
1497.68 20597.5 3361.51
1503.97 20597.5 3358.84
1510.26 20597.5 3356.21
1516.55 20597.5 3353.63
1522.84 20597.5 3351.10
1529.12 20597.5 3348.62
1535.41 20597.5 3346.18
1541.70 20597.5 3343.77
1547.99 20597.5 3341.41
1554.28 20597.5 3339.08
1560.57 20597.5 3336.80
1566.86 20597.5 3334.55
1573.15 20597.5 3332.33
573.150 20723.3 3522.80
579.439 20723.3 3522.20
585.729 20723.3 3521.59
592.018 20723.3 3520.99
598.307 20723.3 3520.39
604.597 20723.3 3519.78
610.886 20723.3 3519.17
617.175 20723.3 3518.56
623.464 20723.3 3517.95
629.754 20723.3 3517.34
636.043 20723.3 3516.72
642.332 20723.3 3516.10
648.622 20723.3 3515.48
654.911 20723.3 3514.86
661.200 20723.3 3514.23
667.490 20723.3 3513.61
673.779 20723.3 3512.98
680.068 20723.3 3512.35
686.358 20723.3 3511.72
692.647 20723.3 3511.09
698.936 20723.3 3510.47
705.225 20723.3 3509.85
711.515 20723.3 3509.24
717.804 20723.3 3508.63
724.093 20723.3 3508.02
730.383 20723.3 3507.39
736.672 20723.3 3506.77
742.961 20723.3 3506.16
749.251 20723.3 3505.54
755.540 20723.3 3504.91
761.829 20723.3 3504.30
768.119 20723.3 3503.68
774.408 20723.3 3503.05
780.697 20723.3 3502.43
786.986 20723.3 3501.80
793.276 20723.3 3501.17
799.565 20723.3 3500.54
805.854 20723.3 3499.91
812.144 20723.3 3499.28
818.433 20723.3 3498.64
824.722 20723.3 3498.00
831.012 20723.3 3497.42
837.301 20723.3 3496.72
843.590 20723.3 3496.07
849.880 20723.3 3495.41
856.169 20723.3 3494.77
862.458 20723.3 3494.11
868.747 20723.3 3493.46
875.037 20723.3 3492.79
881.326 20723.3 3492.13
887.615 20723.3 3491.45
893.905 20723.3 3490.78
900.194 20723.3 3490.10
906.483 20723.3 3489.42
912.773 20723.3 3488.73
919.062 20723.3 3488.03
925.351 20723.3 3487.34
931.641 20723.3 3486.63
937.930 20723.3 3485.92
944.219 20723.3 3485.20
950.508 20723.3 3484.47
956.798 20723.3 3483.75
963.087 20723.3 3482.99
969.376 20723.3 3482.25
975.666 20723.3 3481.52
981.955 20723.3 3480.71
988.244 20723.3 3479.94
994.534 20723.3 3479.17
1000.82 20723.3 3478.35
1007.11 20723.3 3477.54
1013.40 20723.3 3476.72
1019.69 20723.3 3475.89
1025.98 20723.3 3475.04
1032.27 20723.3 3474.17
1038.56 20723.3 3473.29
1044.85 20723.3 3472.40
1051.14 20723.3 3471.48
1057.43 20723.3 3470.64
1063.72 20723.3 3469.62
1070.01 20723.3 3468.66
1076.29 20723.3 3467.68
1082.58 20723.3 3466.68
1088.87 20723.3 3465.68
1095.16 20723.3 3464.62
1101.45 20723.3 3463.56
1107.74 20723.3 3462.48
1114.03 20723.3 3461.38
1120.32 20723.3 3460.23
1126.61 20723.3 3459.10
1132.90 20723.3 3457.94
1139.19 20723.3 3456.75
1145.48 20723.3 3455.52
1151.77 20723.3 3454.30
1158.06 20723.3 3453.04
1164.34 20723.3 3451.76
1170.63 20723.3 3450.46
1176.92 20723.3 3449.15
1183.21 20723.3 3447.81
1189.50 20723.3 3446.44
1195.79 20723.3 3445.14
1202.08 20723.3 3443.88
1208.37 20723.3 3442.62
1214.66 20723.3 3441.35
1220.95 20723.3 3440.10
1227.24 20723.3 3438.82
1233.53 20723.3 3437.55
1239.82 20723.3 3436.26
1246.11 20723.3 3434.98
1252.40 20723.3 3433.67
1258.68 20723.3 3432.39
1264.97 20723.3 3431.06
1271.26 20723.3 3429.73
1277.55 20723.3 3428.39
1283.84 20723.3 3427.02
1290.13 20723.3 3425.63
1296.42 20723.3 3424.27
1302.71 20723.3 3422.85
1309.00 20723.3 3421.38
1315.29 20723.3 3419.83
1321.58 20723.3 3418.26
1327.87 20723.3 3416.51
1334.16 20723.3 3414.31
1340.45 20723.3 3412.31
1346.73 20723.3 3411.33
1353.02 20723.3 3410.28
1359.31 20723.3 3409.26
1365.60 20723.3 3408.27
1371.89 20723.3 3407.24
1378.18 20723.3 3406.25
1384.47 20723.3 3405.24
1390.76 20723.3 3404.21
1397.05 20723.3 3403.19
1403.34 20723.3 3402.18
1409.63 20723.3 3401.14
1415.92 20723.3 3400.10
1422.21 20723.3 3399.13
1428.50 20723.3 3398.11
1434.79 20723.3 3397.12
1441.07 20723.3 3393.81
1447.36 20723.3 3390.40
1453.65 20723.3 3387.08
1459.94 20723.3 3383.84
1466.23 20723.3 3380.69
1472.52 20723.3 3377.59
1478.81 20723.3 3374.58
1485.10 20723.3 3371.63
1491.39 20723.3 3368.75
1497.68 20723.3 3365.93
1503.97 20723.3 3363.18
1510.26 20723.3 3360.48
1516.55 20723.3 3357.82
1522.84 20723.3 3355.23
1529.12 20723.3 3352.67
1535.41 20723.3 3350.16
1541.70 20723.3 3347.70
1547.99 20723.3 3345.28
1554.28 20723.3 3342.89
1560.57 20723.3 3340.56
1566.86 20723.3 3338.25
1573.15 20723.3 3335.97
573.150 20849.1 3523.17
579.439 20849.1 3522.57
585.729 20849.1 3521.97
592.018 20849.1 3521.37
598.307 20849.1 3520.76
604.597 20849.1 3520.15
610.886 20849.1 3519.55
617.175 20849.1 3518.94
623.464 20849.1 3518.32
629.754 20849.1 3517.72
636.043 20849.1 3517.10
642.332 20849.1 3516.48
648.622 20849.1 3515.86
654.911 20849.1 3515.24
661.200 20849.1 3514.62
667.490 20849.1 3513.99
673.779 20849.1 3513.36
680.068 20849.1 3512.73
686.358 20849.1 3512.10
692.647 20849.1 3511.47
698.936 20849.1 3510.85
705.225 20849.1 3510.23
711.515 20849.1 3509.63
717.804 20849.1 3509.01
724.093 20849.1 3508.39
730.383 20849.1 3507.79
736.672 20849.1 3507.17
742.961 20849.1 3506.56
749.251 20849.1 3505.93
755.540 20849.1 3505.31
761.829 20849.1 3504.69
768.119 20849.1 3504.07
774.408 20849.1 3503.46
780.697 20849.1 3502.83
786.986 20849.1 3502.20
793.276 20849.1 3501.57
799.565 20849.1 3500.94
805.854 20849.1 3500.31
812.144 20849.1 3499.68
818.433 20849.1 3499.04
824.722 20849.1 3498.41
831.012 20849.1 3497.77
837.301 20849.1 3497.12
843.590 20849.1 3496.48
849.880 20849.1 3495.83
856.169 20849.1 3495.18
862.458 20849.1 3494.53
868.747 20849.1 3493.87
875.037 20849.1 3493.21
881.326 20849.1 3492.54
887.615 20849.1 3491.87
893.905 20849.1 3491.19
900.194 20849.1 3490.52
906.483 20849.1 3489.84
912.773 20849.1 3489.14
919.062 20849.1 3488.46
925.351 20849.1 3487.76
931.641 20849.1 3487.05
937.930 20849.1 3486.36
944.219 20849.1 3485.62
950.508 20849.1 3484.91
956.798 20849.1 3484.17
963.087 20849.1 3483.43
969.376 20849.1 3482.71
975.666 20849.1 3481.93
981.955 20849.1 3481.17
988.244 20849.1 3480.39
994.534 20849.1 3479.60
1000.82 20849.1 3478.80
1007.11 20849.1 3478.00
1013.40 20849.1 3477.17
1019.69 20849.1 3476.35
1025.98 20849.1 3475.50
1032.27 20849.1 3474.64
1038.56 20849.1 3473.78
1044.85 20849.1 3472.88
1051.14 20849.1 3471.97
1057.43 20849.1 3471.06
1063.72 20849.1 3470.12
1070.01 20849.1 3469.16
1076.29 20849.1 3468.18
1082.58 20849.1 3467.18
1088.87 20849.1 3466.18
1095.16 20849.1 3465.14
1101.45 20849.1 3464.09
1107.74 20849.1 3463.01
1114.03 20849.1 3461.91
1120.32 20849.1 3460.80
1126.61 20849.1 3459.66
1132.90 20849.1 3458.51
1139.19 20849.1 3457.31
1145.48 20849.1 3456.10
1151.77 20849.1 3454.87
1158.06 20849.1 3453.62
1164.34 20849.1 3452.36
1170.63 20849.1 3451.06
1176.92 20849.1 3449.73
1183.21 20849.1 3448.41
1189.50 20849.1 3447.07
1195.79 20849.1 3445.75
1202.08 20849.1 3444.51
1208.37 20849.1 3443.27
1214.66 20849.1 3441.98
1220.95 20849.1 3440.73
1227.24 20849.1 3439.44
1233.53 20849.1 3438.19
1239.82 20849.1 3436.90
1246.11 20849.1 3435.61
1252.40 20849.1 3434.33
1258.68 20849.1 3433.02
1264.97 20849.1 3431.71
1271.26 20849.1 3430.39
1277.55 20849.1 3429.06
1283.84 20849.1 3427.73
1290.13 20849.1 3426.36
1296.42 20849.1 3424.95
1302.71 20849.1 3423.55
1309.00 20849.1 3422.11
1315.29 20849.1 3420.61
1321.58 20849.1 3419.06
1327.87 20849.1 3417.40
1334.16 20849.1 3415.52
1340.45 20849.1 3412.92
1346.73 20849.1 3411.81
1353.02 20849.1 3410.81
1359.31 20849.1 3409.79
1365.60 20849.1 3408.77
1371.89 20849.1 3407.76
1378.18 20849.1 3406.75
1384.47 20849.1 3405.74
1390.76 20849.1 3404.70
1397.05 20849.1 3403.69
1403.34 20849.1 3402.70
1409.63 20849.1 3401.68
1415.92 20849.1 3400.67
1422.21 20849.1 3399.65
1428.50 20849.1 3398.64
1434.79 20849.1 3397.63
1441.07 20849.1 3396.38
1447.36 20849.1 3395.60
1453.65 20849.1 3392.30
1459.94 20849.1 3388.95
1466.23 20849.1 3385.67
1472.52 20849.1 3382.48
1478.81 20849.1 3379.37
1485.10 20849.1 3376.33
1491.39 20849.1 3373.36
1497.68 20849.1 3370.46
1503.97 20849.1 3367.61
1510.26 20849.1 3364.82
1516.55 20849.1 3362.10
1522.84 20849.1 3359.43
1529.12 20849.1 3356.80
1535.41 20849.1 3354.23
1541.70 20849.1 3351.70
1547.99 20849.1 3349.22
1554.28 20849.1 3346.78
1560.57 20849.1 3344.38
1566.86 20849.1 3342.01
1573.15 20849.1 3339.69
573.150 20974.8 3523.55
579.439 20974.8 3522.95
585.729 20974.8 3522.35
592.018 20974.8 3521.75
598.307 20974.8 3521.14
604.597 20974.8 3520.54
610.886 20974.8 3519.92
617.175 20974.8 3519.31
623.464 20974.8 3518.71
629.754 20974.8 3518.09
636.043 20974.8 3517.48
642.332 20974.8 3516.86
648.622 20974.8 3516.24
654.911 20974.8 3515.62
661.200 20974.8 3515.00
667.490 20974.8 3514.37
673.779 20974.8 3513.75
680.068 20974.8 3513.12
686.358 20974.8 3512.49
692.647 20974.8 3511.85
698.936 20974.8 3511.23
705.225 20974.8 3510.62
711.515 20974.8 3510.01
717.804 20974.8 3509.40
724.093 20974.8 3508.78
730.383 20974.8 3508.17
736.672 20974.8 3507.56
742.961 20974.8 3506.94
749.251 20974.8 3506.32
755.540 20974.8 3505.71
761.829 20974.8 3505.09
768.119 20974.8 3504.46
774.408 20974.8 3503.84
780.697 20974.8 3503.22
786.986 20974.8 3502.59
793.276 20974.8 3501.97
799.565 20974.8 3501.34
805.854 20974.8 3500.71
812.144 20974.8 3500.08
818.433 20974.8 3499.44
824.722 20974.8 3498.80
831.012 20974.8 3498.17
837.301 20974.8 3497.51
843.590 20974.8 3496.89
849.880 20974.8 3496.24
856.169 20974.8 3495.59
862.458 20974.8 3494.94
868.747 20974.8 3494.28
875.037 20974.8 3493.62
881.326 20974.8 3492.94
887.615 20974.8 3492.29
893.905 20974.8 3491.62
900.194 20974.8 3490.94
906.483 20974.8 3490.26
912.773 20974.8 3489.58
919.062 20974.8 3488.88
925.351 20974.8 3488.19
931.641 20974.8 3487.49
937.930 20974.8 3486.78
944.219 20974.8 3486.06
950.508 20974.8 3485.34
956.798 20974.8 3484.59
963.087 20974.8 3483.87
969.376 20974.8 3483.13
975.666 20974.8 3482.37
981.955 20974.8 3481.61
988.244 20974.8 3480.84
994.534 20974.8 3480.05
1000.82 20974.8 3479.26
1007.11 20974.8 3478.46
1013.40 20974.8 3477.64
1019.69 20974.8 3476.76
1025.98 20974.8 3475.97
1032.27 20974.8 3475.09
1038.56 20974.8 3474.24
1044.85 20974.8 3473.36
1051.14 20974.8 3472.46
1057.43 20974.8 3471.54
1063.72 20974.8 3470.61
1070.01 20974.8 3469.68
1076.29 20974.8 3468.69
1082.58 20974.8 3467.70
1088.87 20974.8 3466.70
1095.16 20974.8 3465.66
1101.45 20974.8 3464.61
1107.74 20974.8 3463.54
1114.03 20974.8 3462.46
1120.32 20974.8 3461.34
1126.61 20974.8 3460.21
1132.90 20974.8 3459.03
1139.19 20974.8 3457.89
1145.48 20974.8 3456.68
1151.77 20974.8 3455.47
1158.06 20974.8 3454.22
1164.34 20974.8 3452.97
1170.63 20974.8 3451.69
1176.92 20974.8 3450.36
1183.21 20974.8 3449.04
1189.50 20974.8 3447.69
1195.79 20974.8 3446.37
1202.08 20974.8 3445.16
1208.37 20974.8 3443.88
1214.66 20974.8 3442.61
1220.95 20974.8 3441.34
1227.24 20974.8 3440.10
1233.53 20974.8 3438.83
1239.82 20974.8 3437.54
1246.11 20974.8 3436.25
1252.40 20974.8 3434.97
1258.68 20974.8 3433.68
1264.97 20974.8 3432.36
1271.26 20974.8 3431.03
1277.55 20974.8 3429.74
1283.84 20974.8 3428.39
1290.13 20974.8 3427.04
1296.42 20974.8 3425.66
1302.71 20974.8 3424.27
1309.00 20974.8 3422.85
1315.29 20974.8 3421.37
1321.58 20974.8 3419.84
1327.87 20974.8 3418.25
1334.16 20974.8 3416.49
1340.45 20974.8 3414.26
1346.73 20974.8 3412.33
1353.02 20974.8 3411.33
1359.31 20974.8 3410.32
1365.60 20974.8 3409.29
1371.89 20974.8 3408.26
1378.18 20974.8 3407.25
1384.47 20974.8 3406.26
1390.76 20974.8 3405.24
1397.05 20974.8 3404.23
1403.34 20974.8 3403.20
1409.63 20974.8 3402.17
1415.92 20974.8 3401.20
1422.21 20974.8 3400.17
1428.50 20974.8 3399.15
1434.79 20974.8 3398.16
1441.07 20974.8 3397.10
1447.36 20974.8 3396.12
1453.65 20974.8 3395.09
1459.94 20974.8 3394.08
1466.23 20974.8 3390.80
1472.52 20974.8 3387.50
1478.81 20974.8 3384.28
1485.10 20974.8 3381.14
1491.39 20974.8 3378.08
1497.68 20974.8 3375.07
1503.97 20974.8 3372.14
1510.26 20974.8 3369.28
1516.55 20974.8 3366.47
1522.84 20974.8 3363.73
1529.12 20974.8 3361.04
1535.41 20974.8 3358.38
1541.70 20974.8 3355.79
1547.99 20974.8 3353.23
1554.28 20974.8 3350.74
1560.57 20974.8 3348.27
1566.86 20974.8 3345.85
1573.15 20974.8 3343.47
573.150 21100.6 3523.92
579.439 21100.6 3523.32
585.729 21100.6 3522.72
592.018 21100.6 3522.12
598.307 21100.6 3521.51
604.597 21100.6 3520.91
610.886 21100.6 3520.30
617.175 21100.6 3519.70
623.464 21100.6 3519.08
629.754 21100.6 3518.47
636.043 21100.6 3517.86
642.332 21100.6 3517.24
648.622 21100.6 3516.62
654.911 21100.6 3516.00
661.200 21100.6 3515.38
667.490 21100.6 3514.75
673.779 21100.6 3514.13
680.068 21100.6 3513.50
686.358 21100.6 3512.87
692.647 21100.6 3512.24
698.936 21100.6 3511.62
705.225 21100.6 3511.01
711.515 21100.6 3510.40
717.804 21100.6 3509.79
724.093 21100.6 3509.17
730.383 21100.6 3508.57
736.672 21100.6 3507.95
742.961 21100.6 3507.33
749.251 21100.6 3506.72
755.540 21100.6 3506.12
761.829 21100.6 3505.48
768.119 21100.6 3504.86
774.408 21100.6 3504.24
780.697 21100.6 3503.62
786.986 21100.6 3502.99
793.276 21100.6 3502.36
799.565 21100.6 3501.74
805.854 21100.6 3501.11
812.144 21100.6 3500.48
818.433 21100.6 3499.85
824.722 21100.6 3499.21
831.012 21100.6 3498.57
837.301 21100.6 3497.94
843.590 21100.6 3497.29
849.880 21100.6 3496.65
856.169 21100.6 3496.00
862.458 21100.6 3495.37
868.747 21100.6 3494.69
875.037 21100.6 3494.03
881.326 21100.6 3493.38
887.615 21100.6 3492.70
893.905 21100.6 3492.03
900.194 21100.6 3491.36
906.483 21100.6 3490.68
912.773 21100.6 3490.00
919.062 21100.6 3489.31
925.351 21100.6 3488.61
931.641 21100.6 3487.91
937.930 21100.6 3487.20
944.219 21100.6 3486.49
950.508 21100.6 3485.77
956.798 21100.6 3485.04
963.087 21100.6 3484.31
969.376 21100.6 3483.56
975.666 21100.6 3482.82
981.955 21100.6 3482.06
988.244 21100.6 3481.29
994.534 21100.6 3480.51
1000.82 21100.6 3479.72
1007.11 21100.6 3478.92
1013.40 21100.6 3478.11
1019.69 21100.6 3477.27
1025.98 21100.6 3476.44
1032.27 21100.6 3475.58
1038.56 21100.6 3474.71
1044.85 21100.6 3473.84
1051.14 21100.6 3472.94
1057.43 21100.6 3472.03
1063.72 21100.6 3471.10
1070.01 21100.6 3470.15
1076.29 21100.6 3469.18
1082.58 21100.6 3468.20
1088.87 21100.6 3467.21
1095.16 21100.6 3466.18
1101.45 21100.6 3465.14
1107.74 21100.6 3464.07
1114.03 21100.6 3462.98
1120.32 21100.6 3461.88
1126.61 21100.6 3460.76
1132.90 21100.6 3459.61
1139.19 21100.6 3458.44
1145.48 21100.6 3457.25
1151.77 21100.6 3456.04
1158.06 21100.6 3454.80
1164.34 21100.6 3453.54
1170.63 21100.6 3452.27
1176.92 21100.6 3450.97
1183.21 21100.6 3449.62
1189.50 21100.6 3448.32
1195.79 21100.6 3447.03
1202.08 21100.6 3445.77
1208.37 21100.6 3444.55
1214.66 21100.6 3443.25
1220.95 21100.6 3441.98
1227.24 21100.6 3440.73
1233.53 21100.6 3439.40
1239.82 21100.6 3438.19
1246.11 21100.6 3436.92
1252.40 21100.6 3435.62
1258.68 21100.6 3434.33
1264.97 21100.6 3433.02
1271.26 21100.6 3431.72
1277.55 21100.6 3430.40
1283.84 21100.6 3429.06
1290.13 21100.6 3427.72
1296.42 21100.6 3426.36
1302.71 21100.6 3425.00
1309.00 21100.6 3423.59
1315.29 21100.6 3422.10
1321.58 21100.6 3420.63
1327.87 21100.6 3419.04
1334.16 21100.6 3417.36
1340.45 21100.6 3415.46
1346.73 21100.6 3412.87
1353.02 21100.6 3411.85
1359.31 21100.6 3410.85
1365.60 21100.6 3409.82
1371.89 21100.6 3408.80
1378.18 21100.6 3407.76
1384.47 21100.6 3406.75
1390.76 21100.6 3405.77
1397.05 21100.6 3404.73
1403.34 21100.6 3403.74
1409.63 21100.6 3402.72
1415.92 21100.6 3401.70
1422.21 21100.6 3400.64
1428.50 21100.6 3399.68
1434.79 21100.6 3398.67
1441.07 21100.6 3397.66
1447.36 21100.6 3396.63
1453.65 21100.6 3395.63
1459.94 21100.6 3394.61
1466.23 21100.6 3393.57
1472.52 21100.6 3392.57
1478.81 21100.6 3389.30
1485.10 21100.6 3386.07
1491.39 21100.6 3382.90
1497.68 21100.6 3379.82
1503.97 21100.6 3376.79
1510.26 21100.6 3373.83
1516.55 21100.6 3370.94
1522.84 21100.6 3368.11
1529.12 21100.6 3365.34
1535.41 21100.6 3362.62
1541.70 21100.6 3359.95
1547.99 21100.6 3357.34
1554.28 21100.6 3354.76
1560.57 21100.6 3352.24
1566.86 21100.6 3349.76
1573.15 21100.6 3347.31
573.150 21226.4 3524.30
579.439 21226.4 3523.70
585.729 21226.4 3523.10
592.018 21226.4 3522.50
598.307 21226.4 3521.89
604.597 21226.4 3521.29
610.886 21226.4 3520.68
617.175 21226.4 3520.07
623.464 21226.4 3519.46
629.754 21226.4 3518.85
636.043 21226.4 3518.23
642.332 21226.4 3517.62
648.622 21226.4 3517.00
654.911 21226.4 3516.38
661.200 21226.4 3515.76
667.490 21226.4 3515.14
673.779 21226.4 3514.51
680.068 21226.4 3513.89
686.358 21226.4 3513.25
692.647 21226.4 3512.62
698.936 21226.4 3512.00
705.225 21226.4 3511.39
711.515 21226.4 3510.79
717.804 21226.4 3510.18
724.093 21226.4 3509.56
730.383 21226.4 3508.96
736.672 21226.4 3508.33
742.961 21226.4 3507.72
749.251 21226.4 3507.11
755.540 21226.4 3506.49
761.829 21226.4 3505.87
768.119 21226.4 3505.25
774.408 21226.4 3504.63
780.697 21226.4 3504.01
786.986 21226.4 3503.39
793.276 21226.4 3502.76
799.565 21226.4 3502.14
805.854 21226.4 3501.52
812.144 21226.4 3500.88
818.433 21226.4 3500.24
824.722 21226.4 3499.61
831.012 21226.4 3498.98
837.301 21226.4 3498.34
843.590 21226.4 3497.70
849.880 21226.4 3497.06
856.169 21226.4 3496.40
862.458 21226.4 3495.76
868.747 21226.4 3495.11
875.037 21226.4 3494.45
881.326 21226.4 3493.79
887.615 21226.4 3493.12
893.905 21226.4 3492.46
900.194 21226.4 3491.77
906.483 21226.4 3491.11
912.773 21226.4 3490.42
919.062 21226.4 3489.71
925.351 21226.4 3489.04
931.641 21226.4 3488.34
937.930 21226.4 3487.63
944.219 21226.4 3486.93
950.508 21226.4 3486.21
956.798 21226.4 3485.48
963.087 21226.4 3484.75
969.376 21226.4 3484.02
975.666 21226.4 3483.25
981.955 21226.4 3482.50
988.244 21226.4 3481.74
994.534 21226.4 3480.95
1000.82 21226.4 3480.17
1007.11 21226.4 3479.37
1013.40 21226.4 3478.56
1019.69 21226.4 3477.74
1025.98 21226.4 3476.93
1032.27 21226.4 3476.06
1038.56 21226.4 3475.19
1044.85 21226.4 3474.31
1051.14 21226.4 3473.42
1057.43 21226.4 3472.51
1063.72 21226.4 3471.58
1070.01 21226.4 3470.64
1076.29 21226.4 3469.69
1082.58 21226.4 3468.70
1088.87 21226.4 3467.72
1095.16 21226.4 3466.69
1101.45 21226.4 3465.68
1107.74 21226.4 3464.60
1114.03 21226.4 3463.53
1120.32 21226.4 3462.42
1126.61 21226.4 3461.31
1132.90 21226.4 3460.17
1139.19 21226.4 3459.00
1145.48 21226.4 3457.82
1151.77 21226.4 3456.61
1158.06 21226.4 3455.38
1164.34 21226.4 3454.15
1170.63 21226.4 3452.86
1176.92 21226.4 3451.57
1183.21 21226.4 3450.26
1189.50 21226.4 3448.93
1195.79 21226.4 3447.61
1202.08 21226.4 3446.37
1208.37 21226.4 3445.10
1214.66 21226.4 3443.86
1220.95 21226.4 3442.61
1227.24 21226.4 3441.36
1233.53 21226.4 3440.09
1239.82 21226.4 3438.83
1246.11 21226.4 3437.55
1252.40 21226.4 3436.26
1258.68 21226.4 3434.98
1264.97 21226.4 3433.67
1271.26 21226.4 3432.39
1277.55 21226.4 3431.06
1283.84 21226.4 3429.73
1290.13 21226.4 3428.39
1296.42 21226.4 3427.03
1302.71 21226.4 3425.66
1309.00 21226.4 3424.30
1315.29 21226.4 3422.84
1321.58 21226.4 3421.37
1327.87 21226.4 3419.82
1334.16 21226.4 3418.21
1340.45 21226.4 3416.46
1346.73 21226.4 3414.15
1353.02 21226.4 3412.37
1359.31 21226.4 3411.36
1365.60 21226.4 3410.32
1371.89 21226.4 3409.33
1378.18 21226.4 3408.27
1384.47 21226.4 3407.30
1390.76 21226.4 3406.26
1397.05 21226.4 3405.27
1403.34 21226.4 3404.26
1409.63 21226.4 3403.24
1415.92 21226.4 3402.23
1422.21 21226.4 3401.21
1428.50 21226.4 3400.20
1434.79 21226.4 3399.19
1441.07 21226.4 3398.18
1447.36 21226.4 3397.16
1453.65 21226.4 3396.14
1459.94 21226.4 3395.12
1466.23 21226.4 3394.11
1472.52 21226.4 3393.09
1478.81 21226.4 3392.07
1485.10 21226.4 3391.06
1491.39 21226.4 3387.84
1497.68 21226.4 3384.66
1503.97 21226.4 3381.53
1510.26 21226.4 3378.49
1516.55 21226.4 3375.50
1522.84 21226.4 3372.59
1529.12 21226.4 3369.74
1535.41 21226.4 3366.94
1541.70 21226.4 3364.20
1547.99 21226.4 3361.51
1554.28 21226.4 3358.87
1560.57 21226.4 3356.28
1566.86 21226.4 3353.74
1573.15 21226.4 3351.24
573.150 21352.2 3524.67
579.439 21352.2 3524.07
585.729 21352.2 3523.48
592.018 21352.2 3522.87
598.307 21352.2 3522.27
604.597 21352.2 3521.66
610.886 21352.2 3521.06
617.175 21352.2 3520.45
623.464 21352.2 3519.84
629.754 21352.2 3519.23
636.043 21352.2 3518.62
642.332 21352.2 3518.00
648.622 21352.2 3517.38
654.911 21352.2 3516.76
661.200 21352.2 3516.14
667.490 21352.2 3515.52
673.779 21352.2 3514.89
680.068 21352.2 3514.27
686.358 21352.2 3513.64
692.647 21352.2 3513.01
698.936 21352.2 3512.38
705.225 21352.2 3511.78
711.515 21352.2 3511.17
717.804 21352.2 3510.56
724.093 21352.2 3509.93
730.383 21352.2 3509.34
736.672 21352.2 3508.72
742.961 21352.2 3508.11
749.251 21352.2 3507.50
755.540 21352.2 3506.88
761.829 21352.2 3506.27
768.119 21352.2 3505.65
774.408 21352.2 3505.05
780.697 21352.2 3504.40
786.986 21352.2 3503.78
793.276 21352.2 3503.16
799.565 21352.2 3502.53
805.854 21352.2 3501.90
812.144 21352.2 3501.28
818.433 21352.2 3500.65
824.722 21352.2 3500.02
831.012 21352.2 3499.38
837.301 21352.2 3498.75
843.590 21352.2 3498.11
849.880 21352.2 3497.46
856.169 21352.2 3496.82
862.458 21352.2 3496.16
868.747 21352.2 3495.51
875.037 21352.2 3494.86
881.326 21352.2 3494.19
887.615 21352.2 3493.54
893.905 21352.2 3492.87
900.194 21352.2 3492.21
906.483 21352.2 3491.53
912.773 21352.2 3490.84
919.062 21352.2 3490.16
925.351 21352.2 3489.46
931.641 21352.2 3488.77
937.930 21352.2 3488.07
944.219 21352.2 3487.37
950.508 21352.2 3486.65
956.798 21352.2 3485.92
963.087 21352.2 3485.19
969.376 21352.2 3484.45
975.666 21352.2 3483.70
981.955 21352.2 3482.95
988.244 21352.2 3482.18
994.534 21352.2 3481.41
1000.82 21352.2 3480.62
1007.11 21352.2 3479.82
1013.40 21352.2 3479.02
1019.69 21352.2 3478.20
1025.98 21352.2 3477.37
1032.27 21352.2 3476.52
1038.56 21352.2 3475.66
1044.85 21352.2 3474.79
1051.14 21352.2 3473.90
1057.43 21352.2 3473.00
1063.72 21352.2 3472.08
1070.01 21352.2 3471.14
1076.29 21352.2 3470.18
1082.58 21352.2 3469.21
1088.87 21352.2 3468.22
1095.16 21352.2 3467.21
1101.45 21352.2 3466.18
1107.74 21352.2 3465.14
1114.03 21352.2 3464.06
1120.32 21352.2 3462.96
1126.61 21352.2 3461.87
1132.90 21352.2 3460.72
1139.19 21352.2 3459.56
1145.48 21352.2 3458.38
1151.77 21352.2 3457.18
1158.06 21352.2 3455.96
1164.34 21352.2 3454.72
1170.63 21352.2 3453.48
1176.92 21352.2 3452.12
1183.21 21352.2 3450.87
1189.50 21352.2 3449.55
1195.79 21352.2 3448.22
1202.08 21352.2 3446.98
1208.37 21352.2 3445.72
1214.66 21352.2 3444.51
1220.95 21352.2 3443.24
1227.24 21352.2 3441.98
1233.53 21352.2 3440.72
1239.82 21352.2 3439.46
1246.11 21352.2 3438.19
1252.40 21352.2 3436.91
1258.68 21352.2 3435.62
1264.97 21352.2 3434.36
1271.26 21352.2 3433.02
1277.55 21352.2 3431.72
1283.84 21352.2 3430.39
1290.13 21352.2 3429.06
1296.42 21352.2 3427.72
1302.71 21352.2 3426.37
1309.00 21352.2 3424.96
1315.29 21352.2 3423.57
1321.58 21352.2 3422.09
1327.87 21352.2 3420.61
1334.16 21352.2 3419.06
1340.45 21352.2 3417.37
1346.73 21352.2 3415.43
1353.02 21352.2 3412.90
1359.31 21352.2 3411.87
1365.60 21352.2 3410.87
1371.89 21352.2 3409.86
1378.18 21352.2 3408.83
1384.47 21352.2 3407.82
1390.76 21352.2 3406.81
1397.05 21352.2 3405.78
1403.34 21352.2 3404.78
1409.63 21352.2 3403.75
1415.92 21352.2 3402.74
1422.21 21352.2 3401.74
1428.50 21352.2 3400.72
1434.79 21352.2 3399.70
1441.07 21352.2 3398.69
1447.36 21352.2 3397.68
1453.65 21352.2 3396.67
1459.94 21352.2 3395.65
1466.23 21352.2 3394.63
1472.52 21352.2 3393.61
1478.81 21352.2 3392.61
1485.10 21352.2 3391.57
1491.39 21352.2 3390.55
1497.68 21352.2 3389.53
1503.97 21352.2 3386.40
1510.26 21352.2 3383.25
1516.55 21352.2 3380.19
1522.84 21352.2 3377.18
1529.12 21352.2 3374.24
1535.41 21352.2 3371.36
1541.70 21352.2 3368.54
1547.99 21352.2 3365.78
1554.28 21352.2 3363.06
1560.57 21352.2 3360.41
1566.86 21352.2 3357.79
1573.15 21352.2 3355.23
573.150 21478.0 3525.05
579.439 21478.0 3524.44
585.729 21478.0 3523.85
592.018 21478.0 3523.25
598.307 21478.0 3522.64
604.597 21478.0 3522.04
610.886 21478.0 3521.43
617.175 21478.0 3520.83
623.464 21478.0 3520.22
629.754 21478.0 3519.61
636.043 21478.0 3518.99
642.332 21478.0 3518.38
648.622 21478.0 3517.77
654.911 21478.0 3517.15
661.200 21478.0 3516.52
667.490 21478.0 3515.90
673.779 21478.0 3515.28
680.068 21478.0 3514.65
686.358 21478.0 3514.02
692.647 21478.0 3513.39
698.936 21478.0 3512.77
705.225 21478.0 3512.16
711.515 21478.0 3511.56
717.804 21478.0 3510.95
724.093 21478.0 3510.34
730.383 21478.0 3509.72
736.672 21478.0 3509.11
742.961 21478.0 3508.50
749.251 21478.0 3507.88
755.540 21478.0 3507.27
761.829 21478.0 3506.65
768.119 21478.0 3506.04
774.408 21478.0 3505.42
780.697 21478.0 3504.82
786.986 21478.0 3504.17
793.276 21478.0 3503.56
799.565 21478.0 3502.94
805.854 21478.0 3502.31
812.144 21478.0 3501.68
818.433 21478.0 3501.05
824.722 21478.0 3500.42
831.012 21478.0 3499.78
837.301 21478.0 3499.15
843.590 21478.0 3498.50
849.880 21478.0 3497.86
856.169 21478.0 3497.23
862.458 21478.0 3496.58
868.747 21478.0 3495.94
875.037 21478.0 3495.27
881.326 21478.0 3494.61
887.615 21478.0 3493.95
893.905 21478.0 3493.28
900.194 21478.0 3492.62
906.483 21478.0 3491.95
912.773 21478.0 3491.26
919.062 21478.0 3490.58
925.351 21478.0 3489.89
931.641 21478.0 3489.18
937.930 21478.0 3488.49
944.219 21478.0 3487.79
950.508 21478.0 3487.07
956.798 21478.0 3486.37
963.087 21478.0 3485.62
969.376 21478.0 3484.89
975.666 21478.0 3484.14
981.955 21478.0 3483.39
988.244 21478.0 3482.63
994.534 21478.0 3481.86
1000.82 21478.0 3481.07
1007.11 21478.0 3480.29
1013.40 21478.0 3479.48
1019.69 21478.0 3478.67
1025.98 21478.0 3477.83
1032.27 21478.0 3477.00
1038.56 21478.0 3476.14
1044.85 21478.0 3475.28
1051.14 21478.0 3474.39
1057.43 21478.0 3473.47
1063.72 21478.0 3472.58
1070.01 21478.0 3471.63
1076.29 21478.0 3470.68
1082.58 21478.0 3469.71
1088.87 21478.0 3468.73
1095.16 21478.0 3467.73
1101.45 21478.0 3466.70
1107.74 21478.0 3465.66
1114.03 21478.0 3464.59
1120.32 21478.0 3463.50
1126.61 21478.0 3462.39
1132.90 21478.0 3461.27
1139.19 21478.0 3460.12
1145.48 21478.0 3458.95
1151.77 21478.0 3457.75
1158.06 21478.0 3456.55
1164.34 21478.0 3455.31
1170.63 21478.0 3454.03
1176.92 21478.0 3452.77
1183.21 21478.0 3451.48
1189.50 21478.0 3450.15
1195.79 21478.0 3448.85
1202.08 21478.0 3447.59
1208.37 21478.0 3446.35
1214.66 21478.0 3445.09
1220.95 21478.0 3443.89
1227.24 21478.0 3442.62
1233.53 21478.0 3441.35
1239.82 21478.0 3440.09
1246.11 21478.0 3438.84
1252.40 21478.0 3437.54
1258.68 21478.0 3436.27
1264.97 21478.0 3434.97
1271.26 21478.0 3433.69
1277.55 21478.0 3432.38
1283.84 21478.0 3431.09
1290.13 21478.0 3429.75
1296.42 21478.0 3428.40
1302.71 21478.0 3427.04
1309.00 21478.0 3425.66
1315.29 21478.0 3424.24
1321.58 21478.0 3422.84
1327.87 21478.0 3421.35
1334.16 21478.0 3419.83
1340.45 21478.0 3418.22
1346.73 21478.0 3416.43
1353.02 21478.0 3414.05
1359.31 21478.0 3412.39
1365.60 21478.0 3411.38
1371.89 21478.0 3410.39
1378.18 21478.0 3409.36
1384.47 21478.0 3408.33
1390.76 21478.0 3407.32
1397.05 21478.0 3406.30
1403.34 21478.0 3405.28
1409.63 21478.0 3404.27
1415.92 21478.0 3403.26
1422.21 21478.0 3402.26
1428.50 21478.0 3401.25
1434.79 21478.0 3400.23
1441.07 21478.0 3399.20
1447.36 21478.0 3398.20
1453.65 21478.0 3397.19
1459.94 21478.0 3396.15
1466.23 21478.0 3395.15
1472.52 21478.0 3394.13
1478.81 21478.0 3393.05
1485.10 21478.0 3392.10
1491.39 21478.0 3391.08
1497.68 21478.0 3390.05
1503.97 21478.0 3389.03
1510.26 21478.0 3388.06
1516.55 21478.0 3384.97
1522.84 21478.0 3381.87
1529.12 21478.0 3378.84
1535.41 21478.0 3375.88
1541.70 21478.0 3372.97
1547.99 21478.0 3370.13
1554.28 21478.0 3367.34
1560.57 21478.0 3364.61
1566.86 21478.0 3361.93
1573.15 21478.0 3359.30
573.150 21603.8 3525.42
579.439 21603.8 3524.82
585.729 21603.8 3524.22
592.018 21603.8 3523.63
598.307 21603.8 3523.02
604.597 21603.8 3522.42
610.886 21603.8 3521.81
617.175 21603.8 3521.20
623.464 21603.8 3520.59
629.754 21603.8 3519.99
636.043 21603.8 3519.37
642.332 21603.8 3518.76
648.622 21603.8 3518.14
654.911 21603.8 3517.53
661.200 21603.8 3516.91
667.490 21603.8 3516.28
673.779 21603.8 3515.66
680.068 21603.8 3515.04
686.358 21603.8 3514.41
692.647 21603.8 3513.77
698.936 21603.8 3513.16
705.225 21603.8 3512.55
711.515 21603.8 3511.95
717.804 21603.8 3511.33
724.093 21603.8 3510.72
730.383 21603.8 3510.11
736.672 21603.8 3509.50
742.961 21603.8 3508.89
749.251 21603.8 3508.29
755.540 21603.8 3507.66
761.829 21603.8 3507.05
768.119 21603.8 3506.43
774.408 21603.8 3505.82
780.697 21603.8 3505.20
786.986 21603.8 3504.57
793.276 21603.8 3503.96
799.565 21603.8 3503.33
805.854 21603.8 3502.71
812.144 21603.8 3502.08
818.433 21603.8 3501.45
824.722 21603.8 3500.82
831.012 21603.8 3500.19
837.301 21603.8 3499.57
843.590 21603.8 3498.92
849.880 21603.8 3498.27
856.169 21603.8 3497.62
862.458 21603.8 3496.98
868.747 21603.8 3496.34
875.037 21603.8 3495.68
881.326 21603.8 3495.03
887.615 21603.8 3494.36
893.905 21603.8 3493.71
900.194 21603.8 3493.03
906.483 21603.8 3492.36
912.773 21603.8 3491.69
919.062 21603.8 3491.00
925.351 21603.8 3490.31
931.641 21603.8 3489.62
937.930 21603.8 3488.92
944.219 21603.8 3488.22
950.508 21603.8 3487.50
956.798 21603.8 3486.79
963.087 21603.8 3486.07
969.376 21603.8 3485.33
975.666 21603.8 3484.58
981.955 21603.8 3483.83
988.244 21603.8 3483.07
994.534 21603.8 3482.32
1000.82 21603.8 3481.51
1007.11 21603.8 3480.74
1013.40 21603.8 3479.94
1019.69 21603.8 3479.12
1025.98 21603.8 3478.30
1032.27 21603.8 3477.46
1038.56 21603.8 3476.58
1044.85 21603.8 3475.74
1051.14 21603.8 3474.86
1057.43 21603.8 3473.97
1063.72 21603.8 3473.06
1070.01 21603.8 3472.13
1076.29 21603.8 3471.18
1082.58 21603.8 3470.22
1088.87 21603.8 3469.25
1095.16 21603.8 3468.24
1101.45 21603.8 3467.21
1107.74 21603.8 3466.18
1114.03 21603.8 3465.12
1120.32 21603.8 3464.04
1126.61 21603.8 3462.94
1132.90 21603.8 3461.81
1139.19 21603.8 3460.67
1145.48 21603.8 3459.51
1151.77 21603.8 3458.32
1158.06 21603.8 3457.15
1164.34 21603.8 3455.89
1170.63 21603.8 3454.64
1176.92 21603.8 3453.37
1183.21 21603.8 3452.11
1189.50 21603.8 3450.58
1195.79 21603.8 3449.46
1202.08 21603.8 3448.24
1208.37 21603.8 3446.98
1214.66 21603.8 3445.76
1220.95 21603.8 3444.49
1227.24 21603.8 3443.23
1233.53 21603.8 3441.98
1239.82 21603.8 3440.72
1246.11 21603.8 3439.49
1252.40 21603.8 3438.18
1258.68 21603.8 3436.79
1264.97 21603.8 3435.62
1271.26 21603.8 3434.34
1277.55 21603.8 3433.00
1283.84 21603.8 3431.73
1290.13 21603.8 3430.40
1296.42 21603.8 3429.07
1302.71 21603.8 3427.70
1309.00 21603.8 3426.35
1315.29 21603.8 3424.97
1321.58 21603.8 3423.55
1327.87 21603.8 3422.16
1334.16 21603.8 3420.59
1340.45 21603.8 3419.04
1346.73 21603.8 3417.36
1353.02 21603.8 3415.37
1359.31 21603.8 3412.92
1365.60 21603.8 3411.91
1371.89 21603.8 3410.87
1378.18 21603.8 3409.87
1384.47 21603.8 3408.85
1390.76 21603.8 3407.84
1397.05 21603.8 3406.83
1403.34 21603.8 3405.82
1409.63 21603.8 3404.80
1415.92 21603.8 3403.77
1422.21 21603.8 3402.77
1428.50 21603.8 3401.76
1434.79 21603.8 3400.74
1441.07 21603.8 3399.75
1447.36 21603.8 3398.71
1453.65 21603.8 3397.70
1459.94 21603.8 3396.69
1466.23 21603.8 3395.68
1472.52 21603.8 3394.66
1478.81 21603.8 3393.63
1485.10 21603.8 3392.62
1491.39 21603.8 3391.60
1497.68 21603.8 3390.57
1503.97 21603.8 3389.55
1510.26 21603.8 3388.53
1516.55 21603.8 3387.51
1522.84 21603.8 3386.49
1529.12 21603.8 3383.55
1535.41 21603.8 3380.49
1541.70 21603.8 3377.50
1547.99 21603.8 3374.58
1554.28 21603.8 3371.71
1560.57 21603.8 3368.91
1566.86 21603.8 3366.15
1573.15 21603.8 3363.45
573.150 21729.6 3525.79
579.439 21729.6 3525.20
585.729 21729.6 3524.60
592.018 21729.6 3524.00
598.307 21729.6 3523.40
604.597 21729.6 3522.80
610.886 21729.6 3522.19
617.175 21729.6 3521.59
623.464 21729.6 3520.98
629.754 21729.6 3520.36
636.043 21729.6 3519.75
642.332 21729.6 3519.14
648.622 21729.6 3518.52
654.911 21729.6 3517.91
661.200 21729.6 3517.29
667.490 21729.6 3516.66
673.779 21729.6 3516.04
680.068 21729.6 3515.42
686.358 21729.6 3514.79
692.647 21729.6 3514.16
698.936 21729.6 3513.54
705.225 21729.6 3512.93
711.515 21729.6 3512.33
717.804 21729.6 3511.72
724.093 21729.6 3511.11
730.383 21729.6 3510.50
736.672 21729.6 3509.89
742.961 21729.6 3509.28
749.251 21729.6 3508.67
755.540 21729.6 3508.04
761.829 21729.6 3507.44
768.119 21729.6 3506.83
774.408 21729.6 3506.21
780.697 21729.6 3505.59
786.986 21729.6 3504.97
793.276 21729.6 3504.35
799.565 21729.6 3503.73
805.854 21729.6 3503.11
812.144 21729.6 3502.48
818.433 21729.6 3501.85
824.722 21729.6 3501.22
831.012 21729.6 3500.59
837.301 21729.6 3499.96
843.590 21729.6 3499.32
849.880 21729.6 3498.69
856.169 21729.6 3498.04
862.458 21729.6 3497.39
868.747 21729.6 3496.75
875.037 21729.6 3496.09
881.326 21729.6 3495.44
887.615 21729.6 3494.77
893.905 21729.6 3494.12
900.194 21729.6 3493.45
906.483 21729.6 3492.78
912.773 21729.6 3492.11
919.062 21729.6 3491.42
925.351 21729.6 3490.74
931.641 21729.6 3490.05
937.930 21729.6 3489.35
944.219 21729.6 3488.64
950.508 21729.6 3487.94
956.798 21729.6 3487.23
963.087 21729.6 3486.50
969.376 21729.6 3485.77
975.666 21729.6 3485.02
981.955 21729.6 3484.27
988.244 21729.6 3483.52
994.534 21729.6 3482.78
1000.82 21729.6 3481.98
1007.11 21729.6 3481.20
1013.40 21729.6 3480.37
1019.69 21729.6 3479.58
1025.98 21729.6 3478.76
1032.27 21729.6 3477.92
1038.56 21729.6 3477.08
1044.85 21729.6 3476.22
1051.14 21729.6 3475.34
1057.43 21729.6 3474.44
1063.72 21729.6 3473.54
1070.01 21729.6 3472.62
1076.29 21729.6 3471.68
1082.58 21729.6 3470.72
1088.87 21729.6 3469.75
1095.16 21729.6 3468.73
1101.45 21729.6 3467.75
1107.74 21729.6 3466.70
1114.03 21729.6 3465.65
1120.32 21729.6 3464.57
1126.61 21729.6 3463.47
1132.90 21729.6 3462.36
1139.19 21729.6 3461.24
1145.48 21729.6 3460.08
1151.77 21729.6 3458.89
1158.06 21729.6 3457.68
1164.34 21729.6 3456.46
1170.63 21729.6 3455.23
1176.92 21729.6 3453.97
1183.21 21729.6 3452.68
1189.50 21729.6 3451.38
1195.79 21729.6 3450.06
1202.08 21729.6 3448.79
1208.37 21729.6 3447.61
1214.66 21729.6 3446.36
1220.95 21729.6 3445.10
1227.24 21729.6 3443.86
1233.53 21729.6 3442.61
1239.82 21729.6 3441.37
1246.11 21729.6 3440.11
1252.40 21729.6 3438.81
1258.68 21729.6 3437.56
1264.97 21729.6 3436.26
1271.26 21729.6 3434.98
1277.55 21729.6 3433.68
1283.84 21729.6 3432.37
1290.13 21729.6 3431.06
1296.42 21729.6 3429.74
1302.71 21729.6 3428.39
1309.00 21729.6 3427.04
1315.29 21729.6 3425.66
1321.58 21729.6 3424.25
1327.87 21729.6 3422.85
1334.16 21729.6 3421.35
1340.45 21729.6 3419.82
1346.73 21729.6 3418.21
1353.02 21729.6 3416.40
1359.31 21729.6 3413.89
1365.60 21729.6 3412.42
1371.89 21729.6 3411.40
1378.18 21729.6 3410.39
1384.47 21729.6 3409.37
1390.76 21729.6 3408.36
1397.05 21729.6 3407.34
1403.34 21729.6 3406.34
1409.63 21729.6 3405.32
1415.92 21729.6 3404.31
1422.21 21729.6 3403.29
1428.50 21729.6 3402.28
1434.79 21729.6 3401.28
1441.07 21729.6 3400.27
1447.36 21729.6 3399.24
1453.65 21729.6 3398.23
1459.94 21729.6 3397.21
1466.23 21729.6 3396.19
1472.52 21729.6 3395.18
1478.81 21729.6 3394.16
1485.10 21729.6 3393.16
1491.39 21729.6 3392.12
1497.68 21729.6 3391.09
1503.97 21729.6 3390.07
1510.26 21729.6 3389.05
1516.55 21729.6 3388.03
1522.84 21729.6 3387.01
1529.12 21729.6 3385.99
1535.41 21729.6 3384.94
1541.70 21729.6 3382.14
1547.99 21729.6 3379.13
1554.28 21729.6 3376.18
1560.57 21729.6 3373.29
1566.86 21729.6 3370.46
1573.15 21729.6 3367.69
573.150 21855.3 3526.16
579.439 21855.3 3525.57
585.729 21855.3 3524.97
592.018 21855.3 3524.37
598.307 21855.3 3523.78
604.597 21855.3 3523.17
610.886 21855.3 3522.56
617.175 21855.3 3521.96
623.464 21855.3 3521.35
629.754 21855.3 3520.74
636.043 21855.3 3520.13
642.332 21855.3 3519.52
648.622 21855.3 3518.90
654.911 21855.3 3518.28
661.200 21855.3 3517.67
667.490 21855.3 3517.04
673.779 21855.3 3516.43
680.068 21855.3 3515.80
686.358 21855.3 3515.17
692.647 21855.3 3514.54
698.936 21855.3 3513.92
705.225 21855.3 3513.32
711.515 21855.3 3512.71
717.804 21855.3 3512.11
724.093 21855.3 3511.50
730.383 21855.3 3510.89
736.672 21855.3 3510.28
742.961 21855.3 3509.67
749.251 21855.3 3509.06
755.540 21855.3 3508.45
761.829 21855.3 3507.83
768.119 21855.3 3507.22
774.408 21855.3 3506.61
780.697 21855.3 3505.98
786.986 21855.3 3505.37
793.276 21855.3 3504.75
799.565 21855.3 3504.13
805.854 21855.3 3503.51
812.144 21855.3 3502.88
818.433 21855.3 3502.26
824.722 21855.3 3501.63
831.012 21855.3 3500.99
837.301 21855.3 3500.36
843.590 21855.3 3499.73
849.880 21855.3 3499.09
856.169 21855.3 3498.45
862.458 21855.3 3497.80
868.747 21855.3 3497.16
875.037 21855.3 3496.50
881.326 21855.3 3495.85
887.615 21855.3 3495.20
893.905 21855.3 3494.53
900.194 21855.3 3493.87
906.483 21855.3 3493.20
912.773 21855.3 3492.52
919.062 21855.3 3491.85
925.351 21855.3 3491.16
931.641 21855.3 3490.48
937.930 21855.3 3489.78
944.219 21855.3 3489.08
950.508 21855.3 3488.37
956.798 21855.3 3487.65
963.087 21855.3 3486.93
969.376 21855.3 3486.21
975.666 21855.3 3485.46
981.955 21855.3 3484.72
988.244 21855.3 3483.97
994.534 21855.3 3483.20
1000.82 21855.3 3482.34
1007.11 21855.3 3481.64
1013.40 21855.3 3480.85
1019.69 21855.3 3480.04
1025.98 21855.3 3479.22
1032.27 21855.3 3478.40
1038.56 21855.3 3477.55
1044.85 21855.3 3476.69
1051.14 21855.3 3475.82
1057.43 21855.3 3474.93
1063.72 21855.3 3474.03
1070.01 21855.3 3473.11
1076.29 21855.3 3472.17
1082.58 21855.3 3471.21
1088.87 21855.3 3470.25
1095.16 21855.3 3469.26
1101.45 21855.3 3468.25
1107.74 21855.3 3467.22
1114.03 21855.3 3466.17
1120.32 21855.3 3465.11
1126.61 21855.3 3464.01
1132.90 21855.3 3462.89
1139.19 21855.3 3461.78
1145.48 21855.3 3460.62
1151.77 21855.3 3459.45
1158.06 21855.3 3458.25
1164.34 21855.3 3457.05
1170.63 21855.3 3455.83
1176.92 21855.3 3454.56
1183.21 21855.3 3453.30
1189.50 21855.3 3452.00
1195.79 21855.3 3450.69
1202.08 21855.3 3449.45
1208.37 21855.3 3448.20
1214.66 21855.3 3446.97
1220.95 21855.3 3445.72
1227.24 21855.3 3444.48
1233.53 21855.3 3443.24
1239.82 21855.3 3441.95
1246.11 21855.3 3440.70
1252.40 21855.3 3439.45
1258.68 21855.3 3438.17
1264.97 21855.3 3436.94
1271.26 21855.3 3435.62
1277.55 21855.3 3434.33
1283.84 21855.3 3433.03
1290.13 21855.3 3431.75
1296.42 21855.3 3430.46
1302.71 21855.3 3429.07
1309.00 21855.3 3427.74
1315.29 21855.3 3426.34
1321.58 21855.3 3425.00
1327.87 21855.3 3423.57
1334.16 21855.3 3422.10
1340.45 21855.3 3420.61
1346.73 21855.3 3419.03
1353.02 21855.3 3417.34
1359.31 21855.3 3415.34
1365.60 21855.3 3412.94
1371.89 21855.3 3411.92
1378.18 21855.3 3410.91
1384.47 21855.3 3409.90
1390.76 21855.3 3408.90
1397.05 21855.3 3407.86
1403.34 21855.3 3406.85
1409.63 21855.3 3405.84
1415.92 21855.3 3404.83
1422.21 21855.3 3403.82
1428.50 21855.3 3402.78
1434.79 21855.3 3401.78
1441.07 21855.3 3400.77
1447.36 21855.3 3399.76
1453.65 21855.3 3398.74
1459.94 21855.3 3397.74
1466.23 21855.3 3396.70
1472.52 21855.3 3395.69
1478.81 21855.3 3394.68
1485.10 21855.3 3393.66
1491.39 21855.3 3392.64
1497.68 21855.3 3391.59
1503.97 21855.3 3390.60
1510.26 21855.3 3389.58
1516.55 21855.3 3388.54
1522.84 21855.3 3387.53
1529.12 21855.3 3386.50
1535.41 21855.3 3385.47
1541.70 21855.3 3384.44
1547.99 21855.3 3383.41
1554.28 21855.3 3380.75
1560.57 21855.3 3377.77
1566.86 21855.3 3374.86
1573.15 21855.3 3372.01
573.150 21981.1 3526.54
579.439 21981.1 3525.94
585.729 21981.1 3525.34
592.018 21981.1 3524.75
598.307 21981.1 3524.15
604.597 21981.1 3523.55
610.886 21981.1 3522.94
617.175 21981.1 3522.34
623.464 21981.1 3521.73
629.754 21981.1 3521.12
636.043 21981.1 3520.51
642.332 21981.1 3519.90
648.622 21981.1 3519.29
654.911 21981.1 3518.67
661.200 21981.1 3518.05
667.490 21981.1 3517.43
673.779 21981.1 3516.81
680.068 21981.1 3516.18
686.358 21981.1 3515.55
692.647 21981.1 3514.93
698.936 21981.1 3514.31
705.225 21981.1 3513.71
711.515 21981.1 3513.10
717.804 21981.1 3512.49
724.093 21981.1 3511.90
730.383 21981.1 3511.28
736.672 21981.1 3510.67
742.961 21981.1 3510.06
749.251 21981.1 3509.45
755.540 21981.1 3508.84
761.829 21981.1 3508.23
768.119 21981.1 3507.61
774.408 21981.1 3507.00
780.697 21981.1 3506.38
786.986 21981.1 3505.77
793.276 21981.1 3505.15
799.565 21981.1 3504.53
805.854 21981.1 3503.91
812.144 21981.1 3503.28
818.433 21981.1 3502.66
824.722 21981.1 3502.03
831.012 21981.1 3501.39
837.301 21981.1 3500.77
843.590 21981.1 3500.13
849.880 21981.1 3499.49
856.169 21981.1 3498.85
862.458 21981.1 3498.22
868.747 21981.1 3497.57
875.037 21981.1 3496.91
881.326 21981.1 3496.26
887.615 21981.1 3495.61
893.905 21981.1 3494.95
900.194 21981.1 3494.29
906.483 21981.1 3493.79
912.773 21981.1 3492.95
919.062 21981.1 3492.27
925.351 21981.1 3491.59
931.641 21981.1 3490.90
937.930 21981.1 3490.23
944.219 21981.1 3489.51
950.508 21981.1 3488.80
956.798 21981.1 3488.09
963.087 21981.1 3487.37
969.376 21981.1 3486.63
975.666 21981.1 3485.91
981.955 21981.1 3485.16
988.244 21981.1 3484.41
994.534 21981.1 3483.65
1000.82 21981.1 3482.87
1007.11 21981.1 3482.10
1013.40 21981.1 3481.31
1019.69 21981.1 3480.51
1025.98 21981.1 3479.68
1032.27 21981.1 3478.86
1038.56 21981.1 3478.02
1044.85 21981.1 3477.16
1051.14 21981.1 3476.29
1057.43 21981.1 3475.41
1063.72 21981.1 3474.52
1070.01 21981.1 3473.60
1076.29 21981.1 3472.67
1082.58 21981.1 3471.71
1088.87 21981.1 3470.75
1095.16 21981.1 3469.77
1101.45 21981.1 3468.76
1107.74 21981.1 3467.74
1114.03 21981.1 3466.70
1120.32 21981.1 3465.64
1126.61 21981.1 3464.55
1132.90 21981.1 3463.45
1139.19 21981.1 3462.33
1145.48 21981.1 3461.17
1151.77 21981.1 3460.02
1158.06 21981.1 3458.83
1164.34 21981.1 3457.62
1170.63 21981.1 3456.40
1176.92 21981.1 3455.16
1183.21 21981.1 3453.88
1189.50 21981.1 3452.60
1195.79 21981.1 3451.30
1202.08 21981.1 3450.02
1208.37 21981.1 3448.82
1214.66 21981.1 3447.61
1220.95 21981.1 3446.34
1227.24 21981.1 3445.04
1233.53 21981.1 3443.86
1239.82 21981.1 3442.61
1246.11 21981.1 3441.35
1252.40 21981.1 3440.07
1258.68 21981.1 3438.82
1264.97 21981.1 3437.55
1271.26 21981.1 3436.24
1277.55 21981.1 3434.98
1283.84 21981.1 3433.68
1290.13 21981.1 3432.36
1296.42 21981.1 3431.05
1302.71 21981.1 3429.73
1309.00 21981.1 3428.42
1315.29 21981.1 3427.04
1321.58 21981.1 3425.65
1327.87 21981.1 3424.26
1334.16 21981.1 3422.82
1340.45 21981.1 3421.35
1346.73 21981.1 3419.81
1353.02 21981.1 3418.19
1359.31 21981.1 3416.38
1365.60 21981.1 3413.51
1371.89 21981.1 3412.43
1378.18 21981.1 3411.43
1384.47 21981.1 3410.40
1390.76 21981.1 3409.43
1397.05 21981.1 3408.38
1403.34 21981.1 3407.37
1409.63 21981.1 3406.36
1415.92 21981.1 3405.39
1422.21 21981.1 3404.34
1428.50 21981.1 3403.33
1434.79 21981.1 3402.31
1441.07 21981.1 3401.28
1447.36 21981.1 3400.26
1453.65 21981.1 3399.28
1459.94 21981.1 3398.25
1466.23 21981.1 3397.23
1472.52 21981.1 3396.21
1478.81 21981.1 3395.17
1485.10 21981.1 3394.18
1491.39 21981.1 3393.16
1497.68 21981.1 3392.12
1503.97 21981.1 3391.12
1510.26 21981.1 3390.10
1516.55 21981.1 3389.07
1522.84 21981.1 3388.06
1529.12 21981.1 3387.02
1535.41 21981.1 3386.00
1541.70 21981.1 3384.97
1547.99 21981.1 3383.94
1554.28 21981.1 3382.90
1560.57 21981.1 3381.84
1566.86 21981.1 3379.36
1573.15 21981.1 3376.43
573.150 22106.9 3526.91
579.439 22106.9 3526.32
585.729 22106.9 3525.72
592.018 22106.9 3525.12
598.307 22106.9 3524.53
604.597 22106.9 3523.92
610.886 22106.9 3523.32
617.175 22106.9 3522.72
623.464 22106.9 3522.11
629.754 22106.9 3521.50
636.043 22106.9 3520.89
642.332 22106.9 3520.28
648.622 22106.9 3519.66
654.911 22106.9 3519.05
661.200 22106.9 3518.43
667.490 22106.9 3517.81
673.779 22106.9 3517.19
680.068 22106.9 3516.56
686.358 22106.9 3515.94
692.647 22106.9 3515.31
698.936 22106.9 3514.70
705.225 22106.9 3514.09
711.515 22106.9 3513.49
717.804 22106.9 3512.88
724.093 22106.9 3512.27
730.383 22106.9 3511.67
736.672 22106.9 3511.06
742.961 22106.9 3510.45
749.251 22106.9 3509.84
755.540 22106.9 3509.23
761.829 22106.9 3508.62
768.119 22106.9 3508.01
774.408 22106.9 3507.39
780.697 22106.9 3506.78
786.986 22106.9 3506.18
793.276 22106.9 3505.54
799.565 22106.9 3504.93
805.854 22106.9 3504.31
812.144 22106.9 3503.68
818.433 22106.9 3503.06
824.722 22106.9 3502.43
831.012 22106.9 3501.80
837.301 22106.9 3501.17
843.590 22106.9 3500.53
849.880 22106.9 3499.89
856.169 22106.9 3499.26
862.458 22106.9 3498.62
868.747 22106.9 3497.98
875.037 22106.9 3497.32
881.326 22106.9 3496.68
887.615 22106.9 3496.03
893.905 22106.9 3495.36
900.194 22106.9 3494.70
906.483 22106.9 3494.04
912.773 22106.9 3493.36
919.062 22106.9 3492.69
925.351 22106.9 3492.01
931.641 22106.9 3491.33
937.930 22106.9 3490.63
944.219 22106.9 3489.94
950.508 22106.9 3489.23
956.798 22106.9 3488.52
963.087 22106.9 3487.80
969.376 22106.9 3487.07
975.666 22106.9 3486.35
981.955 22106.9 3485.60
988.244 22106.9 3484.85
994.534 22106.9 3484.09
1000.82 22106.9 3483.32
1007.11 22106.9 3482.55
1013.40 22106.9 3481.76
1019.69 22106.9 3480.94
1025.98 22106.9 3480.15
1032.27 22106.9 3479.32
1038.56 22106.9 3478.49
1044.85 22106.9 3477.65
1051.14 22106.9 3476.76
1057.43 22106.9 3475.89
1063.72 22106.9 3475.00
1070.01 22106.9 3474.09
1076.29 22106.9 3473.14
1082.58 22106.9 3472.23
1088.87 22106.9 3471.25
1095.16 22106.9 3470.28
1101.45 22106.9 3469.27
1107.74 22106.9 3468.26
1114.03 22106.9 3467.21
1120.32 22106.9 3466.15
1126.61 22106.9 3465.11
1132.90 22106.9 3463.99
1139.19 22106.9 3462.87
1145.48 22106.9 3461.75
1151.77 22106.9 3460.58
1158.06 22106.9 3459.39
1164.34 22106.9 3458.19
1170.63 22106.9 3456.99
1176.92 22106.9 3455.74
1183.21 22106.9 3454.48
1189.50 22106.9 3453.21
1195.79 22106.9 3451.90
1202.08 22106.9 3450.65
1208.37 22106.9 3449.43
1214.66 22106.9 3448.20
1220.95 22106.9 3446.97
1227.24 22106.9 3445.72
1233.53 22106.9 3444.47
1239.82 22106.9 3443.21
1246.11 22106.9 3441.98
1252.40 22106.9 3440.71
1258.68 22106.9 3439.44
1264.97 22106.9 3438.18
1271.26 22106.9 3436.91
1277.55 22106.9 3435.62
1283.84 22106.9 3434.32
1290.13 22106.9 3433.02
1296.42 22106.9 3431.72
1302.71 22106.9 3430.41
1309.00 22106.9 3429.07
1315.29 22106.9 3427.72
1321.58 22106.9 3426.34
1327.87 22106.9 3424.97
1334.16 22106.9 3423.56
1340.45 22106.9 3422.08
1346.73 22106.9 3420.59
1353.02 22106.9 3419.03
1359.31 22106.9 3417.28
1365.60 22106.9 3415.29
1371.89 22106.9 3412.97
1378.18 22106.9 3411.95
1384.47 22106.9 3410.89
1390.76 22106.9 3409.88
1397.05 22106.9 3408.91
1403.34 22106.9 3407.89
1409.63 22106.9 3406.86
1415.92 22106.9 3405.86
1422.21 22106.9 3404.85
1428.50 22106.9 3403.84
1434.79 22106.9 3402.83
1441.07 22106.9 3401.80
1447.36 22106.9 3400.79
1453.65 22106.9 3399.77
1459.94 22106.9 3398.76
1466.23 22106.9 3397.75
1472.52 22106.9 3396.76
1478.81 22106.9 3395.72
1485.10 22106.9 3394.70
1491.39 22106.9 3393.68
1497.68 22106.9 3392.66
1503.97 22106.9 3391.64
1510.26 22106.9 3390.62
1516.55 22106.9 3389.60
1522.84 22106.9 3388.58
1529.12 22106.9 3387.54
1535.41 22106.9 3386.52
1541.70 22106.9 3385.46
1547.99 22106.9 3384.45
1554.28 22106.9 3383.43
1560.57 22106.9 3382.39
1566.86 22106.9 3381.36
1573.15 22106.9 3380.29
573.150 22232.7 3527.29
579.439 22232.7 3526.69
585.729 22232.7 3526.10
592.018 22232.7 3525.49
598.307 22232.7 3524.90
604.597 22232.7 3524.30
610.886 22232.7 3523.69
617.175 22232.7 3523.09
623.464 22232.7 3522.49
629.754 22232.7 3521.88
636.043 22232.7 3521.27
642.332 22232.7 3520.66
648.622 22232.7 3520.05
654.911 22232.7 3519.43
661.200 22232.7 3518.81
667.490 22232.7 3518.19
673.779 22232.7 3517.57
680.068 22232.7 3516.95
686.358 22232.7 3516.32
692.647 22232.7 3515.70
698.936 22232.7 3515.08
705.225 22232.7 3514.48
711.515 22232.7 3513.87
717.804 22232.7 3513.26
724.093 22232.7 3512.66
730.383 22232.7 3512.05
736.672 22232.7 3511.45
742.961 22232.7 3510.84
749.251 22232.7 3510.22
755.540 22232.7 3509.62
761.829 22232.7 3509.01
768.119 22232.7 3508.40
774.408 22232.7 3507.79
780.697 22232.7 3507.17
786.986 22232.7 3506.56
793.276 22232.7 3505.94
799.565 22232.7 3505.32
805.854 22232.7 3504.70
812.144 22232.7 3504.08
818.433 22232.7 3503.46
824.722 22232.7 3502.83
831.012 22232.7 3502.21
837.301 22232.7 3501.57
843.590 22232.7 3500.95
849.880 22232.7 3500.30
856.169 22232.7 3499.67
862.458 22232.7 3499.03
868.747 22232.7 3498.38
875.037 22232.7 3497.73
881.326 22232.7 3497.09
887.615 22232.7 3496.44
893.905 22232.7 3495.78
900.194 22232.7 3495.13
906.483 22232.7 3494.46
912.773 22232.7 3493.78
919.062 22232.7 3493.11
925.351 22232.7 3492.44
931.641 22232.7 3491.75
937.930 22232.7 3491.07
944.219 22232.7 3490.39
950.508 22232.7 3489.66
956.798 22232.7 3488.95
963.087 22232.7 3488.23
969.376 22232.7 3487.52
975.666 22232.7 3486.79
981.955 22232.7 3486.05
988.244 22232.7 3485.30
994.534 22232.7 3484.54
1000.82 22232.7 3483.78
1007.11 22232.7 3482.99
1013.40 22232.7 3482.22
1019.69 22232.7 3481.42
1025.98 22232.7 3480.61
1032.27 22232.7 3479.79
1038.56 22232.7 3478.97
1044.85 22232.7 3478.11
1051.14 22232.7 3477.25
1057.43 22232.7 3476.38
1063.72 22232.7 3475.48
1070.01 22232.7 3474.57
1076.29 22232.7 3473.63
1082.58 22232.7 3472.71
1088.87 22232.7 3471.76
1095.16 22232.7 3470.79
1101.45 22232.7 3469.79
1107.74 22232.7 3468.78
1114.03 22232.7 3467.74
1120.32 22232.7 3466.70
1126.61 22232.7 3465.61
1132.90 22232.7 3464.53
1139.19 22232.7 3463.42
1145.48 22232.7 3462.29
1151.77 22232.7 3461.13
1158.06 22232.7 3459.96
1164.34 22232.7 3458.77
1170.63 22232.7 3457.56
1176.92 22232.7 3456.32
1183.21 22232.7 3455.07
1189.50 22232.7 3453.80
1195.79 22232.7 3452.51
1202.08 22232.7 3451.27
1208.37 22232.7 3450.03
1214.66 22232.7 3448.80
1220.95 22232.7 3447.57
1227.24 22232.7 3446.33
1233.53 22232.7 3445.09
1239.82 22232.7 3443.88
1246.11 22232.7 3442.59
1252.40 22232.7 3441.33
1258.68 22232.7 3440.08
1264.97 22232.7 3438.82
1271.26 22232.7 3437.52
1277.55 22232.7 3436.26
1283.84 22232.7 3434.94
1290.13 22232.7 3433.68
1296.42 22232.7 3432.37
1302.71 22232.7 3431.06
1309.00 22232.7 3429.74
1315.29 22232.7 3428.40
1321.58 22232.7 3427.01
1327.87 22232.7 3425.66
1334.16 22232.7 3424.25
1340.45 22232.7 3422.81
1346.73 22232.7 3421.34
1353.02 22232.7 3419.82
1359.31 22232.7 3418.17
1365.60 22232.7 3416.38
1371.89 22232.7 3413.48
1378.18 22232.7 3412.46
1384.47 22232.7 3411.45
1390.76 22232.7 3410.44
1397.05 22232.7 3409.42
1403.34 22232.7 3408.40
1409.63 22232.7 3407.40
1415.92 22232.7 3406.38
1422.21 22232.7 3405.38
1428.50 22232.7 3404.35
1434.79 22232.7 3403.34
1441.07 22232.7 3402.32
1447.36 22232.7 3401.29
1453.65 22232.7 3400.31
1459.94 22232.7 3399.29
1466.23 22232.7 3398.27
1472.52 22232.7 3397.27
1478.81 22232.7 3396.24
1485.10 22232.7 3395.22
1491.39 22232.7 3394.20
1497.68 22232.7 3393.18
1503.97 22232.7 3392.16
1510.26 22232.7 3391.14
1516.55 22232.7 3390.12
1522.84 22232.7 3389.10
1529.12 22232.7 3388.07
1535.41 22232.7 3387.03
1541.70 22232.7 3386.01
1547.99 22232.7 3384.98
1554.28 22232.7 3383.97
1560.57 22232.7 3382.92
1566.86 22232.7 3381.88
1573.15 22232.7 3380.85
573.150 22358.5 3527.66
579.439 22358.5 3527.07
585.729 22358.5 3526.47
592.018 22358.5 3525.87
598.307 22358.5 3525.27
604.597 22358.5 3524.67
610.886 22358.5 3524.07
617.175 22358.5 3523.47
623.464 22358.5 3522.86
629.754 22358.5 3522.26
636.043 22358.5 3521.65
642.332 22358.5 3521.04
648.622 22358.5 3520.42
654.911 22358.5 3519.81
661.200 22358.5 3519.19
667.490 22358.5 3518.57
673.779 22358.5 3517.95
680.068 22358.5 3517.33
686.358 22358.5 3516.70
692.647 22358.5 3516.08
698.936 22358.5 3515.46
705.225 22358.5 3514.86
711.515 22358.5 3514.25
717.804 22358.5 3513.65
724.093 22358.5 3513.05
730.383 22358.5 3512.44
736.672 22358.5 3511.84
742.961 22358.5 3511.23
749.251 22358.5 3510.62
755.540 22358.5 3510.01
761.829 22358.5 3509.40
768.119 22358.5 3508.79
774.408 22358.5 3508.18
780.697 22358.5 3507.56
786.986 22358.5 3506.95
793.276 22358.5 3506.34
799.565 22358.5 3505.72
805.854 22358.5 3505.10
812.144 22358.5 3504.48
818.433 22358.5 3503.86
824.722 22358.5 3503.23
831.012 22358.5 3502.60
837.301 22358.5 3501.98
843.590 22358.5 3501.34
849.880 22358.5 3500.71
856.169 22358.5 3500.08
862.458 22358.5 3499.44
868.747 22358.5 3498.79
875.037 22358.5 3498.15
881.326 22358.5 3497.49
887.615 22358.5 3496.85
893.905 22358.5 3496.20
900.194 22358.5 3495.54
906.483 22358.5 3494.90
912.773 22358.5 3494.21
919.062 22358.5 3493.53
925.351 22358.5 3492.87
931.641 22358.5 3492.17
937.930 22358.5 3491.49
944.219 22358.5 3490.79
950.508 22358.5 3490.10
956.798 22358.5 3489.39
963.087 22358.5 3488.67
969.376 22358.5 3487.95
975.666 22358.5 3487.22
981.955 22358.5 3486.49
988.244 22358.5 3485.74
994.534 22358.5 3484.99
1000.82 22358.5 3484.22
1007.11 22358.5 3483.45
1013.40 22358.5 3482.67
1019.69 22358.5 3481.88
1025.98 22358.5 3481.07
1032.27 22358.5 3480.26
1038.56 22358.5 3479.42
1044.85 22358.5 3478.58
1051.14 22358.5 3477.72
1057.43 22358.5 3476.85
1063.72 22358.5 3475.96
1070.01 22358.5 3475.08
1076.29 22358.5 3474.14
1082.58 22358.5 3473.20
1088.87 22358.5 3472.24
1095.16 22358.5 3471.29
1101.45 22358.5 3470.30
1107.74 22358.5 3469.30
1114.03 22358.5 3468.26
1120.32 22358.5 3467.22
1126.61 22358.5 3466.16
1132.90 22358.5 3465.05
1139.19 22358.5 3463.97
1145.48 22358.5 3462.84
1151.77 22358.5 3461.70
1158.06 22358.5 3460.53
1164.34 22358.5 3459.34
1170.63 22358.5 3458.14
1176.92 22358.5 3456.91
1183.21 22358.5 3455.66
1189.50 22358.5 3454.40
1195.79 22358.5 3453.14
1202.08 22358.5 3451.86
1208.37 22358.5 3450.66
1214.66 22358.5 3449.41
1220.95 22358.5 3448.18
1227.24 22358.5 3446.95
1233.53 22358.5 3445.69
1239.82 22358.5 3444.46
1246.11 22358.5 3443.22
1252.40 22358.5 3441.96
1258.68 22358.5 3440.71
1264.97 22358.5 3439.43
1271.26 22358.5 3438.18
1277.55 22358.5 3436.89
1283.84 22358.5 3435.61
1290.13 22358.5 3434.33
1296.42 22358.5 3433.04
1302.71 22358.5 3431.71
1309.00 22358.5 3430.43
1315.29 22358.5 3429.06
1321.58 22358.5 3427.71
1327.87 22358.5 3426.34
1334.16 22358.5 3424.96
1340.45 22358.5 3423.49
1346.73 22358.5 3422.10
1353.02 22358.5 3420.59
1359.31 22358.5 3418.98
1365.60 22358.5 3417.29
1371.89 22358.5 3415.25
1378.18 22358.5 3412.99
1384.47 22358.5 3411.97
1390.76 22358.5 3410.93
1397.05 22358.5 3409.94
1403.34 22358.5 3408.95
1409.63 22358.5 3407.91
1415.92 22358.5 3406.89
1422.21 22358.5 3405.87
1428.50 22358.5 3404.86
1434.79 22358.5 3403.85
1441.07 22358.5 3402.86
1447.36 22358.5 3401.84
1453.65 22358.5 3400.82
1459.94 22358.5 3399.79
1466.23 22358.5 3398.79
1472.52 22358.5 3397.78
1478.81 22358.5 3396.76
1485.10 22358.5 3395.72
1491.39 22358.5 3394.73
1497.68 22358.5 3393.84
1503.97 22358.5 3392.68
1510.26 22358.5 3391.66
1516.55 22358.5 3390.63
1522.84 22358.5 3389.62
1529.12 22358.5 3388.59
1535.41 22358.5 3387.56
1541.70 22358.5 3386.55
1547.99 22358.5 3385.51
1554.28 22358.5 3384.48
1560.57 22358.5 3383.45
1566.86 22358.5 3382.41
1573.15 22358.5 3381.38
573.150 22484.3 3528.03
579.439 22484.3 3527.44
585.729 22484.3 3526.84
592.018 22484.3 3526.25
598.307 22484.3 3525.65
604.597 22484.3 3525.05
610.886 22484.3 3524.45
617.175 22484.3 3523.84
623.464 22484.3 3523.24
629.754 22484.3 3522.63
636.043 22484.3 3522.02
642.332 22484.3 3521.41
648.622 22484.3 3520.80
654.911 22484.3 3520.19
661.200 22484.3 3519.57
667.490 22484.3 3518.95
673.779 22484.3 3518.34
680.068 22484.3 3517.71
686.358 22484.3 3517.09
692.647 22484.3 3516.46
698.936 22484.3 3515.85
705.225 22484.3 3515.23
711.515 22484.3 3514.64
717.804 22484.3 3514.04
724.093 22484.3 3513.43
730.383 22484.3 3512.83
736.672 22484.3 3512.22
742.961 22484.3 3511.62
749.251 22484.3 3511.03
755.540 22484.3 3510.40
761.829 22484.3 3509.79
768.119 22484.3 3509.18
774.408 22484.3 3508.57
780.697 22484.3 3507.96
786.986 22484.3 3507.34
793.276 22484.3 3506.73
799.565 22484.3 3506.12
805.854 22484.3 3505.50
812.144 22484.3 3504.88
818.433 22484.3 3504.26
824.722 22484.3 3503.63
831.012 22484.3 3503.01
837.301 22484.3 3502.38
843.590 22484.3 3501.75
849.880 22484.3 3501.12
856.169 22484.3 3500.49
862.458 22484.3 3499.85
868.747 22484.3 3499.21
875.037 22484.3 3498.56
881.326 22484.3 3497.91
887.615 22484.3 3497.28
893.905 22484.3 3496.61
900.194 22484.3 3495.95
906.483 22484.3 3495.29
912.773 22484.3 3494.62
919.062 22484.3 3493.95
925.351 22484.3 3493.28
931.641 22484.3 3492.60
937.930 22484.3 3491.91
944.219 22484.3 3491.22
950.508 22484.3 3490.52
956.798 22484.3 3489.82
963.087 22484.3 3489.11
969.376 22484.3 3488.39
975.666 22484.3 3487.66
981.955 22484.3 3486.93
988.244 22484.3 3486.18
994.534 22484.3 3485.44
1000.82 22484.3 3484.67
1007.11 22484.3 3483.91
1013.40 22484.3 3483.13
1019.69 22484.3 3482.34
1025.98 22484.3 3481.53
1032.27 22484.3 3480.72
1038.56 22484.3 3479.90
1044.85 22484.3 3479.05
1051.14 22484.3 3478.21
1057.43 22484.3 3477.32
1063.72 22484.3 3476.45
1070.01 22484.3 3475.55
1076.29 22484.3 3474.63
1082.58 22484.3 3473.71
1088.87 22484.3 3472.76
1095.16 22484.3 3471.79
1101.45 22484.3 3470.81
1107.74 22484.3 3469.81
1114.03 22484.3 3468.78
1120.32 22484.3 3467.74
1126.61 22484.3 3466.69
1132.90 22484.3 3465.61
1139.19 22484.3 3464.48
1145.48 22484.3 3463.39
1151.77 22484.3 3462.25
1158.06 22484.3 3461.12
1164.34 22484.3 3459.91
1170.63 22484.3 3458.72
1176.92 22484.3 3457.49
1183.21 22484.3 3456.25
1189.50 22484.3 3455.00
1195.79 22484.3 3453.71
1202.08 22484.3 3452.49
1208.37 22484.3 3451.27
1214.66 22484.3 3450.03
1220.95 22484.3 3448.78
1227.24 22484.3 3447.56
1233.53 22484.3 3446.31
1239.82 22484.3 3445.06
1246.11 22484.3 3443.84
1252.40 22484.3 3442.61
1258.68 22484.3 3441.33
1264.97 22484.3 3440.07
1271.26 22484.3 3438.80
1277.55 22484.3 3437.54
1283.84 22484.3 3436.40
1290.13 22484.3 3434.96
1296.42 22484.3 3433.70
1302.71 22484.3 3432.39
1309.00 22484.3 3431.08
1315.29 22484.3 3429.73
1321.58 22484.3 3428.40
1327.87 22484.3 3427.03
1334.16 22484.3 3425.66
1340.45 22484.3 3424.23
1346.73 22484.3 3422.81
1353.02 22484.3 3421.34
1359.31 22484.3 3419.81
1365.60 22484.3 3418.15
1371.89 22484.3 3416.32
1378.18 22484.3 3413.48
1384.47 22484.3 3412.50
1390.76 22484.3 3411.48
1397.05 22484.3 3410.46
1403.34 22484.3 3409.45
1409.63 22484.3 3408.42
1415.92 22484.3 3407.41
1422.21 22484.3 3406.40
1428.50 22484.3 3405.38
1434.79 22484.3 3404.38
1441.07 22484.3 3403.37
1447.36 22484.3 3402.35
1453.65 22484.3 3401.34
1459.94 22484.3 3400.30
1466.23 22484.3 3399.31
1472.52 22484.3 3398.29
1478.81 22484.3 3397.27
1485.10 22484.3 3396.27
1491.39 22484.3 3395.23
1497.68 22484.3 3394.22
1503.97 22484.3 3393.20
1510.26 22484.3 3392.19
1516.55 22484.3 3391.16
1522.84 22484.3 3390.14
1529.12 22484.3 3389.10
1535.41 22484.3 3388.08
1541.70 22484.3 3387.14
1547.99 22484.3 3386.04
1554.28 22484.3 3385.00
1560.57 22484.3 3383.98
1566.86 22484.3 3382.93
1573.15 22484.3 3381.90
573.150 22610.1 3528.41
579.439 22610.1 3527.81
585.729 22610.1 3527.22
592.018 22610.1 3526.62
598.307 22610.1 3526.03
604.597 22610.1 3525.43
610.886 22610.1 3524.82
617.175 22610.1 3524.22
623.464 22610.1 3523.62
629.754 22610.1 3523.01
636.043 22610.1 3522.40
642.332 22610.1 3521.79
648.622 22610.1 3521.19
654.911 22610.1 3520.57
661.200 22610.1 3519.95
667.490 22610.1 3519.33
673.779 22610.1 3518.72
680.068 22610.1 3518.10
686.358 22610.1 3517.47
692.647 22610.1 3516.85
698.936 22610.1 3516.23
705.225 22610.1 3515.63
711.515 22610.1 3515.03
717.804 22610.1 3514.42
724.093 22610.1 3513.82
730.383 22610.1 3513.22
736.672 22610.1 3512.61
742.961 22610.1 3512.00
749.251 22610.1 3511.39
755.540 22610.1 3510.80
761.829 22610.1 3510.18
768.119 22610.1 3509.58
774.408 22610.1 3508.96
780.697 22610.1 3508.36
786.986 22610.1 3507.74
793.276 22610.1 3507.13
799.565 22610.1 3506.51
805.854 22610.1 3505.89
812.144 22610.1 3505.28
818.433 22610.1 3504.66
824.722 22610.1 3504.04
831.012 22610.1 3503.41
837.301 22610.1 3502.78
843.590 22610.1 3502.15
849.880 22610.1 3501.52
856.169 22610.1 3500.89
862.458 22610.1 3500.25
868.747 22610.1 3499.63
875.037 22610.1 3498.97
881.326 22610.1 3498.33
887.615 22610.1 3497.68
893.905 22610.1 3497.03
900.194 22610.1 3496.37
906.483 22610.1 3495.71
912.773 22610.1 3495.05
919.062 22610.1 3494.38
925.351 22610.1 3493.70
931.641 22610.1 3493.02
937.930 22610.1 3492.34
944.219 22610.1 3491.64
950.508 22610.1 3490.95
956.798 22610.1 3490.25
963.087 22610.1 3489.54
969.376 22610.1 3488.83
975.666 22610.1 3488.10
981.955 22610.1 3487.37
988.244 22610.1 3486.65
994.534 22610.1 3485.88
1000.82 22610.1 3485.12
1007.11 22610.1 3484.36
1013.40 22610.1 3483.58
1019.69 22610.1 3482.79
1025.98 22610.1 3481.99
1032.27 22610.1 3481.18
1038.56 22610.1 3480.36
1044.85 22610.1 3479.52
1051.14 22610.1 3478.66
1057.43 22610.1 3477.81
1063.72 22610.1 3476.94
1070.01 22610.1 3476.04
1076.29 22610.1 3475.13
1082.58 22610.1 3474.21
1088.87 22610.1 3473.26
1095.16 22610.1 3472.30
1101.45 22610.1 3471.32
1107.74 22610.1 3470.32
1114.03 22610.1 3469.31
1120.32 22610.1 3468.26
1126.61 22610.1 3467.21
1132.90 22610.1 3466.14
1139.19 22610.1 3465.05
1145.48 22610.1 3463.94
1151.77 22610.1 3462.81
1158.06 22610.1 3461.65
1164.34 22610.1 3460.48
1170.63 22610.1 3459.29
1176.92 22610.1 3458.08
1183.21 22610.1 3456.83
1189.50 22610.1 3455.59
1195.79 22610.1 3454.31
1202.08 22610.1 3453.07
1208.37 22610.1 3451.88
1214.66 22610.1 3450.63
1220.95 22610.1 3449.41
1227.24 22610.1 3448.19
1233.53 22610.1 3446.95
1239.82 22610.1 3445.70
1246.11 22610.1 3444.44
1252.40 22610.1 3443.19
1258.68 22610.1 3441.96
1264.97 22610.1 3440.69
1271.26 22610.1 3439.42
1277.55 22610.1 3438.16
1283.84 22610.1 3436.90
1290.13 22610.1 3435.61
1296.42 22610.1 3434.36
1302.71 22610.1 3433.04
1309.00 22610.1 3431.71
1315.29 22610.1 3430.38
1321.58 22610.1 3429.06
1327.87 22610.1 3427.73
1334.16 22610.1 3426.35
1340.45 22610.1 3424.98
1346.73 22610.1 3423.54
1353.02 22610.1 3422.08
1359.31 22610.1 3420.56
1365.60 22610.1 3418.98
1371.89 22610.1 3417.28
1378.18 22610.1 3415.14
1384.47 22610.1 3413.00
1390.76 22610.1 3411.99
1397.05 22610.1 3410.97
1403.34 22610.1 3409.95
1409.63 22610.1 3408.94
1415.92 22610.1 3407.94
1422.21 22610.1 3406.92
1428.50 22610.1 3405.91
1434.79 22610.1 3404.90
1441.07 22610.1 3403.90
1447.36 22610.1 3402.86
1453.65 22610.1 3401.85
1459.94 22610.1 3400.84
1466.23 22610.1 3399.82
1472.52 22610.1 3398.80
1478.81 22610.1 3397.79
1485.10 22610.1 3396.78
1491.39 22610.1 3395.76
1497.68 22610.1 3394.57
1503.97 22610.1 3393.72
1510.26 22610.1 3392.70
1516.55 22610.1 3391.65
1522.84 22610.1 3390.67
1529.12 22610.1 3389.62
1535.41 22610.1 3388.62
1541.70 22610.1 3387.58
1547.99 22610.1 3386.56
1554.28 22610.1 3385.53
1560.57 22610.1 3384.49
1566.86 22610.1 3383.43
1573.15 22610.1 3382.43
573.150 22735.8 3528.78
579.439 22735.8 3528.19
585.729 22735.8 3527.59
592.018 22735.8 3526.99
598.307 22735.8 3526.40
604.597 22735.8 3525.80
610.886 22735.8 3525.20
617.175 22735.8 3524.60
623.464 22735.8 3524.00
629.754 22735.8 3523.39
636.043 22735.8 3522.78
642.332 22735.8 3522.17
648.622 22735.8 3521.56
654.911 22735.8 3520.95
661.200 22735.8 3520.34
667.490 22735.8 3519.72
673.779 22735.8 3519.10
680.068 22735.8 3518.47
686.358 22735.8 3517.85
692.647 22735.8 3517.23
698.936 22735.8 3516.61
705.225 22735.8 3516.02
711.515 22735.8 3515.40
717.804 22735.8 3514.81
724.093 22735.8 3514.20
730.383 22735.8 3513.60
736.672 22735.8 3513.00
742.961 22735.8 3512.40
749.251 22735.8 3511.79
755.540 22735.8 3511.19
761.829 22735.8 3510.58
768.119 22735.8 3509.97
774.408 22735.8 3509.36
780.697 22735.8 3508.75
786.986 22735.8 3508.14
793.276 22735.8 3507.52
799.565 22735.8 3506.90
805.854 22735.8 3506.30
812.144 22735.8 3505.68
818.433 22735.8 3505.06
824.722 22735.8 3504.44
831.012 22735.8 3503.81
837.301 22735.8 3503.19
843.590 22735.8 3502.56
849.880 22735.8 3501.93
856.169 22735.8 3501.30
862.458 22735.8 3500.66
868.747 22735.8 3500.03
875.037 22735.8 3499.38
881.326 22735.8 3498.74
887.615 22735.8 3498.10
893.905 22735.8 3497.44
900.194 22735.8 3496.79
906.483 22735.8 3496.12
912.773 22735.8 3495.47
919.062 22735.8 3494.79
925.351 22735.8 3494.12
931.641 22735.8 3493.44
937.930 22735.8 3492.77
944.219 22735.8 3492.08
950.508 22735.8 3491.39
956.798 22735.8 3490.68
963.087 22735.8 3489.98
969.376 22735.8 3489.26
975.666 22735.8 3488.55
981.955 22735.8 3487.81
988.244 22735.8 3487.07
994.534 22735.8 3486.32
1000.82 22735.8 3485.57
1007.11 22735.8 3484.81
1013.40 22735.8 3484.04
1019.69 22735.8 3483.25
1025.98 22735.8 3482.46
1032.27 22735.8 3481.64
1038.56 22735.8 3480.82
1044.85 22735.8 3479.99
1051.14 22735.8 3479.14
1057.43 22735.8 3478.28
1063.72 22735.8 3477.42
1070.01 22735.8 3476.52
1076.29 22735.8 3475.61
1082.58 22735.8 3474.70
1088.87 22735.8 3473.75
1095.16 22735.8 3472.79
1101.45 22735.8 3471.83
1107.74 22735.8 3470.83
1114.03 22735.8 3469.83
1120.32 22735.8 3468.80
1126.61 22735.8 3467.75
1132.90 22735.8 3466.68
1139.19 22735.8 3465.58
1145.48 22735.8 3464.49
1151.77 22735.8 3463.37
1158.06 22735.8 3462.21
1164.34 22735.8 3461.04
1170.63 22735.8 3459.87
1176.92 22735.8 3458.66
1183.21 22735.8 3457.43
1189.50 22735.8 3456.18
1195.79 22735.8 3454.90
1202.08 22735.8 3453.67
1208.37 22735.8 3452.42
1214.66 22735.8 3451.24
1220.95 22735.8 3450.01
1227.24 22735.8 3448.78
1233.53 22735.8 3447.57
1239.82 22735.8 3446.32
1246.11 22735.8 3445.12
1252.40 22735.8 3443.83
1258.68 22735.8 3442.60
1264.97 22735.8 3441.34
1271.26 22735.8 3440.07
1277.55 22735.8 3438.84
1283.84 22735.8 3437.52
1290.13 22735.8 3436.25
1296.42 22735.8 3434.97
1302.71 22735.8 3433.68
1309.00 22735.8 3432.36
1315.29 22735.8 3431.03
1321.58 22735.8 3429.72
1327.87 22735.8 3428.38
1334.16 22735.8 3427.04
1340.45 22735.8 3425.64
1346.73 22735.8 3424.27
1353.02 22735.8 3422.82
1359.31 22735.8 3421.34
1365.60 22735.8 3419.78
1371.89 22735.8 3418.14
1378.18 22735.8 3416.25
1384.47 22735.8 3413.70
1390.76 22735.8 3412.50
1397.05 22735.8 3411.48
1403.34 22735.8 3410.45
1409.63 22735.8 3409.45
1415.92 22735.8 3408.45
1422.21 22735.8 3407.44
1428.50 22735.8 3406.42
1434.79 22735.8 3405.41
1441.07 22735.8 3404.39
1447.36 22735.8 3403.40
1453.65 22735.8 3402.37
1459.94 22735.8 3401.36
1466.23 22735.8 3400.36
1472.52 22735.8 3399.32
1478.81 22735.8 3398.31
1485.10 22735.8 3397.29
1491.39 22735.8 3396.28
1497.68 22735.8 3395.27
1503.97 22735.8 3394.24
1510.26 22735.8 3393.21
1516.55 22735.8 3392.19
1522.84 22735.8 3391.19
1529.12 22735.8 3390.16
1535.41 22735.8 3389.12
1541.70 22735.8 3388.11
1547.99 22735.8 3387.09
1554.28 22735.8 3386.04
1560.57 22735.8 3385.02
1566.86 22735.8 3383.99
1573.15 22735.8 3382.93
573.150 22861.6 3529.15
579.439 22861.6 3528.56
585.729 22861.6 3527.96
592.018 22861.6 3527.37
598.307 22861.6 3526.77
604.597 22861.6 3526.17
610.886 22861.6 3525.58
617.175 22861.6 3524.98
623.464 22861.6 3524.37
629.754 22861.6 3523.77
636.043 22861.6 3523.16
642.332 22861.6 3522.55
648.622 22861.6 3521.94
654.911 22861.6 3521.33
661.200 22861.6 3520.72
667.490 22861.6 3520.10
673.779 22861.6 3519.48
680.068 22861.6 3518.86
686.358 22861.6 3518.24
692.647 22861.6 3517.61
698.936 22861.6 3517.00
705.225 22861.6 3516.40
711.515 22861.6 3515.80
717.804 22861.6 3515.20
724.093 22861.6 3514.60
730.383 22861.6 3513.99
736.672 22861.6 3513.39
742.961 22861.6 3512.79
749.251 22861.6 3512.18
755.540 22861.6 3511.58
761.829 22861.6 3510.97
768.119 22861.6 3510.36
774.408 22861.6 3509.76
780.697 22861.6 3509.14
786.986 22861.6 3508.53
793.276 22861.6 3507.91
799.565 22861.6 3507.31
805.854 22861.6 3506.69
812.144 22861.6 3506.08
818.433 22861.6 3505.45
824.722 22861.6 3504.84
831.012 22861.6 3504.21
837.301 22861.6 3503.59
843.590 22861.6 3502.96
849.880 22861.6 3502.33
856.169 22861.6 3501.71
862.458 22861.6 3501.07
868.747 22861.6 3500.44
875.037 22861.6 3499.80
881.326 22861.6 3499.15
887.615 22861.6 3498.51
893.905 22861.6 3497.86
900.194 22861.6 3497.21
906.483 22861.6 3496.39
912.773 22861.6 3495.89
919.062 22861.6 3495.23
925.351 22861.6 3494.55
931.641 22861.6 3493.87
937.930 22861.6 3493.19
944.219 22861.6 3492.51
950.508 22861.6 3491.81
956.798 22861.6 3491.11
963.087 22861.6 3490.37
969.376 22861.6 3489.70
975.666 22861.6 3488.98
981.955 22861.6 3488.24
988.244 22861.6 3487.52
994.534 22861.6 3486.77
1000.82 22861.6 3486.01
1007.11 22861.6 3485.26
1013.40 22861.6 3484.49
1019.69 22861.6 3483.70
1025.98 22861.6 3482.91
1032.27 22861.6 3482.10
1038.56 22861.6 3481.28
1044.85 22861.6 3480.46
1051.14 22861.6 3479.61
1057.43 22861.6 3478.76
1063.72 22861.6 3477.89
1070.01 22861.6 3477.00
1076.29 22861.6 3476.10
1082.58 22861.6 3475.18
1088.87 22861.6 3474.25
1095.16 22861.6 3473.30
1101.45 22861.6 3472.33
1107.74 22861.6 3471.34
1114.03 22861.6 3470.34
1120.32 22861.6 3469.32
1126.61 22861.6 3468.27
1132.90 22861.6 3467.22
1139.19 22861.6 3466.13
1145.48 22861.6 3465.03
1151.77 22861.6 3463.91
1158.06 22861.6 3462.76
1164.34 22861.6 3461.81
1170.63 22861.6 3460.43
1176.92 22861.6 3459.23
1183.21 22861.6 3458.00
1189.50 22861.6 3456.77
1195.79 22861.6 3455.51
1202.08 22861.6 3454.30
1208.37 22861.6 3453.07
1214.66 22861.6 3451.85
1220.95 22861.6 3450.62
1227.24 22861.6 3449.40
1233.53 22861.6 3448.17
1239.82 22861.6 3446.93
1246.11 22861.6 3445.70
1252.40 22861.6 3444.44
1258.68 22861.6 3443.22
1264.97 22861.6 3441.95
1271.26 22861.6 3440.71
1277.55 22861.6 3439.49
1283.84 22861.6 3438.17
1290.13 22861.6 3436.94
1296.42 22861.6 3435.60
1302.71 22861.6 3434.33
1309.00 22861.6 3433.00
1315.29 22861.6 3431.68
1321.58 22861.6 3430.41
1327.87 22861.6 3429.08
1334.16 22861.6 3427.72
1340.45 22861.6 3426.33
1346.73 22861.6 3424.95
1353.02 22861.6 3423.53
1359.31 22861.6 3422.07
1365.60 22861.6 3420.57
1371.89 22861.6 3418.98
1378.18 22861.6 3417.24
1384.47 22861.6 3415.09
1390.76 22861.6 3413.03
1397.05 22861.6 3412.02
1403.34 22861.6 3411.02
1409.63 22861.6 3409.97
1415.92 22861.6 3408.98
1422.21 22861.6 3407.96
1428.50 22861.6 3406.94
1434.79 22861.6 3405.93
1441.07 22861.6 3404.91
1447.36 22861.6 3403.90
1453.65 22861.6 3402.88
1459.94 22861.6 3401.91
1466.23 22861.6 3400.86
1472.52 22861.6 3399.84
1478.81 22861.6 3398.81
1485.10 22861.6 3397.81
1491.39 22861.6 3396.79
1497.68 22861.6 3395.79
1503.97 22861.6 3394.76
1510.26 22861.6 3393.74
1516.55 22861.6 3392.72
1522.84 22861.6 3391.69
1529.12 22861.6 3390.67
1535.41 22861.6 3389.65
1541.70 22861.6 3388.64
1547.99 22861.6 3387.61
1554.28 22861.6 3386.57
1560.57 22861.6 3385.31
1566.86 22861.6 3384.51
1573.15 22861.6 3383.49
573.150 22987.4 3529.52
579.439 22987.4 3528.93
585.729 22987.4 3528.34
592.018 22987.4 3527.75
598.307 22987.4 3527.15
604.597 22987.4 3526.55
610.886 22987.4 3525.95
617.175 22987.4 3525.35
623.464 22987.4 3524.75
629.754 22987.4 3524.14
636.043 22987.4 3523.54
642.332 22987.4 3522.93
648.622 22987.4 3522.32
654.911 22987.4 3521.71
661.200 22987.4 3521.10
667.490 22987.4 3520.48
673.779 22987.4 3519.86
680.068 22987.4 3519.24
686.358 22987.4 3518.62
692.647 22987.4 3517.99
698.936 22987.4 3517.38
705.225 22987.4 3516.78
711.515 22987.4 3516.18
717.804 22987.4 3515.59
724.093 22987.4 3514.98
730.383 22987.4 3514.38
736.672 22987.4 3513.78
742.961 22987.4 3513.18
749.251 22987.4 3512.57
755.540 22987.4 3511.96
761.829 22987.4 3511.36
768.119 22987.4 3510.74
774.408 22987.4 3510.15
780.697 22987.4 3509.54
786.986 22987.4 3508.94
793.276 22987.4 3508.31
799.565 22987.4 3507.71
805.854 22987.4 3507.09
812.144 22987.4 3506.47
818.433 22987.4 3505.85
824.722 22987.4 3505.23
831.012 22987.4 3504.62
837.301 22987.4 3503.99
843.590 22987.4 3503.37
849.880 22987.4 3502.74
856.169 22987.4 3502.11
862.458 22987.4 3501.48
868.747 22987.4 3500.85
875.037 22987.4 3500.20
881.326 22987.4 3499.56
887.615 22987.4 3498.92
893.905 22987.4 3498.27
900.194 22987.4 3497.62
906.483 22987.4 3496.96
912.773 22987.4 3496.30
919.062 22987.4 3495.64
925.351 22987.4 3494.98
931.641 22987.4 3494.30
937.930 22987.4 3493.62
944.219 22987.4 3492.93
950.508 22987.4 3492.25
956.798 22987.4 3491.55
963.087 22987.4 3490.84
969.376 22987.4 3490.14
975.666 22987.4 3489.39
981.955 22987.4 3488.69
988.244 22987.4 3487.94
994.534 22987.4 3487.22
1000.82 22987.4 3486.47
1007.11 22987.4 3485.69
1013.40 22987.4 3484.93
1019.69 22987.4 3484.15
1025.98 22987.4 3483.37
1032.27 22987.4 3482.56
1038.56 22987.4 3481.75
1044.85 22987.4 3480.93
1051.14 22987.4 3480.08
1057.43 22987.4 3479.24
1063.72 22987.4 3478.37
1070.01 22987.4 3477.48
1076.29 22987.4 3476.59
1082.58 22987.4 3475.68
1088.87 22987.4 3474.74
1095.16 22987.4 3473.80
1101.45 22987.4 3472.84
1107.74 22987.4 3471.85
1114.03 22987.4 3470.86
1120.32 22987.4 3469.84
1126.61 22987.4 3468.79
1132.90 22987.4 3467.74
1139.19 22987.4 3466.67
1145.48 22987.4 3465.58
1151.77 22987.4 3464.45
1158.06 22987.4 3463.32
1164.34 22987.4 3462.22
1170.63 22987.4 3460.99
1176.92 22987.4 3459.81
1183.21 22987.4 3458.59
1189.50 22987.4 3457.36
1195.79 22987.4 3456.13
1202.08 22987.4 3454.87
1208.37 22987.4 3453.64
1214.66 22987.4 3452.44
1220.95 22987.4 3451.23
1227.24 22987.4 3449.99
1233.53 22987.4 3448.79
1239.82 22987.4 3447.54
1246.11 22987.4 3446.32
1252.40 22987.4 3445.07
1258.68 22987.4 3443.80
1264.97 22987.4 3442.56
1271.26 22987.4 3441.28
1277.55 22987.4 3440.05
1283.84 22987.4 3438.79
1290.13 22987.4 3437.50
1296.42 22987.4 3436.25
1302.71 22987.4 3434.97
1309.00 22987.4 3433.67
1315.29 22987.4 3432.36
1321.58 22987.4 3431.05
1327.87 22987.4 3429.76
1334.16 22987.4 3428.38
1340.45 22987.4 3427.02
1346.73 22987.4 3425.65
1353.02 22987.4 3424.25
1359.31 22987.4 3422.81
1365.60 22987.4 3421.32
1371.89 22987.4 3419.77
1378.18 22987.4 3418.11
1384.47 22987.4 3416.27
1390.76 22987.4 3413.66
1397.05 22987.4 3412.53
1403.34 22987.4 3411.52
1409.63 22987.4 3410.51
1415.92 22987.4 3409.48
1422.21 22987.4 3408.48
1428.50 22987.4 3407.45
1434.79 22987.4 3406.44
1441.07 22987.4 3405.42
1447.36 22987.4 3404.43
1453.65 22987.4 3403.40
1459.94 22987.4 3402.39
1466.23 22987.4 3401.37
1472.52 22987.4 3400.36
1478.81 22987.4 3399.35
1485.10 22987.4 3398.34
1491.39 22987.4 3397.31
1497.68 22987.4 3396.31
1503.97 22987.4 3395.27
1510.26 22987.4 3394.26
1516.55 22987.4 3393.23
1522.84 22987.4 3392.21
1529.12 22987.4 3391.20
1535.41 22987.4 3390.16
1541.70 22987.4 3389.15
1547.99 22987.4 3388.13
1554.28 22987.4 3387.10
1560.57 22987.4 3386.07
1566.86 22987.4 3385.03
1573.15 22987.4 3384.00
573.150 23113.2 3529.90
579.439 23113.2 3529.30
585.729 23113.2 3528.71
592.018 23113.2 3528.12
598.307 23113.2 3527.53
604.597 23113.2 3526.93
610.886 23113.2 3526.33
617.175 23113.2 3525.73
623.464 23113.2 3525.13
629.754 23113.2 3524.53
636.043 23113.2 3523.92
642.332 23113.2 3523.31
648.622 23113.2 3522.70
654.911 23113.2 3522.09
661.200 23113.2 3521.48
667.490 23113.2 3520.86
673.779 23113.2 3520.25
680.068 23113.2 3519.63
686.358 23113.2 3519.01
692.647 23113.2 3518.38
698.936 23113.2 3517.77
705.225 23113.2 3517.14
711.515 23113.2 3516.57
717.804 23113.2 3515.97
724.093 23113.2 3515.37
730.383 23113.2 3514.76
736.672 23113.2 3514.17
742.961 23113.2 3513.56
749.251 23113.2 3512.96
755.540 23113.2 3512.36
761.829 23113.2 3511.75
768.119 23113.2 3511.15
774.408 23113.2 3510.55
780.697 23113.2 3509.93
786.986 23113.2 3509.33
793.276 23113.2 3508.71
799.565 23113.2 3508.10
805.854 23113.2 3507.49
812.144 23113.2 3506.87
818.433 23113.2 3506.26
824.722 23113.2 3505.63
831.012 23113.2 3505.02
837.301 23113.2 3504.39
843.590 23113.2 3503.77
849.880 23113.2 3503.15
856.169 23113.2 3502.52
862.458 23113.2 3501.89
868.747 23113.2 3501.26
875.037 23113.2 3500.62
881.326 23113.2 3499.97
887.615 23113.2 3499.33
893.905 23113.2 3498.68
900.194 23113.2 3498.03
906.483 23113.2 3497.38
912.773 23113.2 3496.73
919.062 23113.2 3496.06
925.351 23113.2 3495.39
931.641 23113.2 3494.72
937.930 23113.2 3494.04
944.219 23113.2 3493.36
950.508 23113.2 3492.68
956.798 23113.2 3491.98
963.087 23113.2 3491.29
969.376 23113.2 3490.57
975.666 23113.2 3489.86
981.955 23113.2 3489.16
988.244 23113.2 3488.40
994.534 23113.2 3487.66
1000.82 23113.2 3486.91
1007.11 23113.2 3486.17
1013.40 23113.2 3485.39
1019.69 23113.2 3484.61
1025.98 23113.2 3483.82
1032.27 23113.2 3483.04
1038.56 23113.2 3482.22
1044.85 23113.2 3481.40
1051.14 23113.2 3480.56
1057.43 23113.2 3479.71
1063.72 23113.2 3478.85
1070.01 23113.2 3477.98
1076.29 23113.2 3477.07
1082.58 23113.2 3476.16
1088.87 23113.2 3475.24
1095.16 23113.2 3474.30
1101.45 23113.2 3473.35
1107.74 23113.2 3472.37
1114.03 23113.2 3471.37
1120.32 23113.2 3470.35
1126.61 23113.2 3469.33
1132.90 23113.2 3468.27
1139.19 23113.2 3467.19
1145.48 23113.2 3466.13
1151.77 23113.2 3465.00
1158.06 23113.2 3463.88
1164.34 23113.2 3462.73
1170.63 23113.2 3461.57
1176.92 23113.2 3460.43
1183.21 23113.2 3459.17
1189.50 23113.2 3457.95
1195.79 23113.2 3456.69
1202.08 23113.2 3455.42
1208.37 23113.2 3454.24
1214.66 23113.2 3453.03
1220.95 23113.2 3451.83
1227.24 23113.2 3450.61
1233.53 23113.2 3449.37
1239.82 23113.2 3448.61
1246.11 23113.2 3446.90
1252.40 23113.2 3445.68
1258.68 23113.2 3444.44
1264.97 23113.2 3443.19
1271.26 23113.2 3441.97
1277.55 23113.2 3440.69
1283.84 23113.2 3439.42
1290.13 23113.2 3438.18
1296.42 23113.2 3436.89
1302.71 23113.2 3435.61
1309.00 23113.2 3434.33
1315.29 23113.2 3433.01
1321.58 23113.2 3431.70
1327.87 23113.2 3430.39
1334.16 23113.2 3429.02
1340.45 23113.2 3427.70
1346.73 23113.2 3426.34
1353.02 23113.2 3424.95
1359.31 23113.2 3423.54
1365.60 23113.2 3422.07
1371.89 23113.2 3420.56
1378.18 23113.2 3418.95
1384.47 23113.2 3417.22
1390.76 23113.2 3415.01
1397.05 23113.2 3413.04
1403.34 23113.2 3412.03
1409.63 23113.2 3411.01
1415.92 23113.2 3410.01
1422.21 23113.2 3408.99
1428.50 23113.2 3407.97
1434.79 23113.2 3406.96
1441.07 23113.2 3405.94
1447.36 23113.2 3404.93
1453.65 23113.2 3403.91
1459.94 23113.2 3402.90
1466.23 23113.2 3401.89
1472.52 23113.2 3400.88
1478.81 23113.2 3399.88
1485.10 23113.2 3398.85
1491.39 23113.2 3397.83
1497.68 23113.2 3396.82
1503.97 23113.2 3395.78
1510.26 23113.2 3394.78
1516.55 23113.2 3393.76
1522.84 23113.2 3392.74
1529.12 23113.2 3391.73
1535.41 23113.2 3390.69
1541.70 23113.2 3389.67
1547.99 23113.2 3388.66
1554.28 23113.2 3387.60
1560.57 23113.2 3386.60
1566.86 23113.2 3385.56
1573.15 23113.2 3384.52
573.150 23239.0 3530.26
579.439 23239.0 3529.68
585.729 23239.0 3529.09
592.018 23239.0 3528.49
598.307 23239.0 3527.90
604.597 23239.0 3527.30
610.886 23239.0 3526.70
617.175 23239.0 3526.10
623.464 23239.0 3525.51
629.754 23239.0 3524.90
636.043 23239.0 3524.30
642.332 23239.0 3523.69
648.622 23239.0 3523.23
654.911 23239.0 3522.47
661.200 23239.0 3521.86
667.490 23239.0 3521.24
673.779 23239.0 3520.62
680.068 23239.0 3520.00
686.358 23239.0 3519.39
692.647 23239.0 3518.76
698.936 23239.0 3518.15
705.225 23239.0 3517.55
711.515 23239.0 3516.95
717.804 23239.0 3516.36
724.093 23239.0 3515.75
730.383 23239.0 3515.16
736.672 23239.0 3514.55
742.961 23239.0 3513.95
749.251 23239.0 3513.35
755.540 23239.0 3512.75
761.829 23239.0 3512.15
768.119 23239.0 3511.54
774.408 23239.0 3510.93
780.697 23239.0 3510.33
786.986 23239.0 3509.72
793.276 23239.0 3509.11
799.565 23239.0 3508.50
805.854 23239.0 3507.90
812.144 23239.0 3507.27
818.433 23239.0 3506.66
824.722 23239.0 3506.04
831.012 23239.0 3505.42
837.301 23239.0 3504.80
843.590 23239.0 3504.18
849.880 23239.0 3503.55
856.169 23239.0 3502.93
862.458 23239.0 3502.29
868.747 23239.0 3501.66
875.037 23239.0 3501.01
881.326 23239.0 3500.40
887.615 23239.0 3499.75
893.905 23239.0 3499.10
900.194 23239.0 3498.45
906.483 23239.0 3497.80
912.773 23239.0 3497.14
919.062 23239.0 3496.48
925.351 23239.0 3495.81
931.641 23239.0 3495.14
937.930 23239.0 3494.47
944.219 23239.0 3493.77
950.508 23239.0 3493.11
956.798 23239.0 3492.40
963.087 23239.0 3491.71
969.376 23239.0 3491.00
975.666 23239.0 3490.30
981.955 23239.0 3489.57
988.244 23239.0 3488.84
994.534 23239.0 3488.10
1000.82 23239.0 3487.36
1007.11 23239.0 3486.60
1013.40 23239.0 3485.84
1019.69 23239.0 3485.07
1025.98 23239.0 3484.28
1032.27 23239.0 3483.50
1038.56 23239.0 3482.67
1044.85 23239.0 3481.86
1051.14 23239.0 3481.03
1057.43 23239.0 3480.17
1063.72 23239.0 3479.32
1070.01 23239.0 3478.44
1076.29 23239.0 3477.56
1082.58 23239.0 3476.65
1088.87 23239.0 3475.73
1095.16 23239.0 3474.80
1101.45 23239.0 3473.84
1107.74 23239.0 3472.87
1114.03 23239.0 3471.88
1120.32 23239.0 3470.88
1126.61 23239.0 3469.85
1132.90 23239.0 3468.80
1139.19 23239.0 3467.74
1145.48 23239.0 3466.66
1151.77 23239.0 3465.55
1158.06 23239.0 3464.41
1164.34 23239.0 3463.29
1170.63 23239.0 3462.12
1176.92 23239.0 3460.96
1183.21 23239.0 3459.75
1189.50 23239.0 3458.53
1195.79 23239.0 3457.29
1202.08 23239.0 3456.05
1208.37 23239.0 3454.83
1214.66 23239.0 3453.64
1220.95 23239.0 3452.42
1227.24 23239.0 3451.21
1233.53 23239.0 3449.98
1239.82 23239.0 3448.76
1246.11 23239.0 3447.49
1252.40 23239.0 3446.30
1258.68 23239.0 3445.05
1264.97 23239.0 3443.80
1271.26 23239.0 3442.58
1277.55 23239.0 3441.31
1283.84 23239.0 3440.07
1290.13 23239.0 3438.80
1296.42 23239.0 3437.51
1302.71 23239.0 3436.23
1309.00 23239.0 3434.95
1315.29 23239.0 3433.67
1321.58 23239.0 3432.37
1327.87 23239.0 3431.04
1334.16 23239.0 3429.72
1340.45 23239.0 3428.38
1346.73 23239.0 3427.02
1353.02 23239.0 3425.64
1359.31 23239.0 3424.23
1365.60 23239.0 3422.80
1371.89 23239.0 3421.32
1378.18 23239.0 3419.77
1384.47 23239.0 3418.10
1390.76 23239.0 3416.20
1397.05 23239.0 3413.63
1403.34 23239.0 3412.55
1409.63 23239.0 3411.55
1415.92 23239.0 3410.52
1422.21 23239.0 3409.51
1428.50 23239.0 3408.48
1434.79 23239.0 3407.49
1441.07 23239.0 3406.47
1447.36 23239.0 3405.45
1453.65 23239.0 3404.43
1459.94 23239.0 3403.44
1466.23 23239.0 3402.40
1472.52 23239.0 3401.40
1478.81 23239.0 3400.39
1485.10 23239.0 3399.37
1491.39 23239.0 3398.34
1497.68 23239.0 3397.34
1503.97 23239.0 3396.32
1510.26 23239.0 3395.30
1516.55 23239.0 3394.27
1522.84 23239.0 3393.25
1529.12 23239.0 3392.24
1535.41 23239.0 3391.22
1541.70 23239.0 3390.20
1547.99 23239.0 3389.16
1554.28 23239.0 3388.14
1560.57 23239.0 3387.12
1566.86 23239.0 3386.08
1573.15 23239.0 3385.06
573.150 23364.8 3530.63
579.439 23364.8 3530.05
585.729 23364.8 3529.46
592.018 23364.8 3528.87
598.307 23364.8 3528.27
604.597 23364.8 3527.68
610.886 23364.8 3527.08
617.175 23364.8 3526.48
623.464 23364.8 3525.88
629.754 23364.8 3525.28
636.043 23364.8 3524.67
642.332 23364.8 3524.07
648.622 23364.8 3523.58
654.911 23364.8 3522.85
661.200 23364.8 3522.24
667.490 23364.8 3521.62
673.779 23364.8 3521.00
680.068 23364.8 3520.39
686.358 23364.8 3519.77
692.647 23364.8 3519.15
698.936 23364.8 3518.53
705.225 23364.8 3517.93
711.515 23364.8 3517.33
717.804 23364.8 3516.74
724.093 23364.8 3516.14
730.383 23364.8 3515.54
736.672 23364.8 3514.94
742.961 23364.8 3514.34
749.251 23364.8 3513.74
755.540 23364.8 3513.15
761.829 23364.8 3512.54
768.119 23364.8 3511.93
774.408 23364.8 3511.33
780.697 23364.8 3510.72
786.986 23364.8 3510.11
793.276 23364.8 3509.50
799.565 23364.8 3508.89
805.854 23364.8 3508.28
812.144 23364.8 3507.67
818.433 23364.8 3507.05
824.722 23364.8 3506.44
831.012 23364.8 3505.82
837.301 23364.8 3505.21
843.590 23364.8 3504.58
849.880 23364.8 3503.95
856.169 23364.8 3503.32
862.458 23364.8 3502.70
868.747 23364.8 3502.07
875.037 23364.8 3501.44
881.326 23364.8 3500.80
887.615 23364.8 3500.16
893.905 23364.8 3499.51
900.194 23364.8 3498.87
906.483 23364.8 3498.21
912.773 23364.8 3497.56
919.062 23364.8 3496.91
925.351 23364.8 3496.25
931.641 23364.8 3495.57
937.930 23364.8 3494.89
944.219 23364.8 3494.21
950.508 23364.8 3493.54
956.798 23364.8 3492.84
963.087 23364.8 3492.13
969.376 23364.8 3491.45
975.666 23364.8 3490.73
981.955 23364.8 3490.01
988.244 23364.8 3489.28
994.534 23364.8 3488.55
1000.82 23364.8 3487.81
1007.11 23364.8 3487.05
1013.40 23364.8 3486.28
1019.69 23364.8 3485.53
1025.98 23364.8 3484.74
1032.27 23364.8 3483.95
1038.56 23364.8 3483.14
1044.85 23364.8 3482.33
1051.14 23364.8 3481.51
1057.43 23364.8 3480.66
1063.72 23364.8 3479.80
1070.01 23364.8 3478.93
1076.29 23364.8 3478.04
1082.58 23364.8 3477.14
1088.87 23364.8 3476.23
1095.16 23364.8 3475.29
1101.45 23364.8 3474.34
1107.74 23364.8 3473.38
1114.03 23364.8 3472.40
1120.32 23364.8 3471.40
1126.61 23364.8 3470.37
1132.90 23364.8 3469.29
1139.19 23364.8 3468.26
1145.48 23364.8 3467.19
1151.77 23364.8 3466.09
1158.06 23364.8 3464.99
1164.34 23364.8 3463.84
1170.63 23364.8 3462.68
1176.92 23364.8 3461.51
1183.21 23364.8 3460.32
1189.50 23364.8 3459.11
1195.79 23364.8 3457.88
1202.08 23364.8 3456.65
1208.37 23364.8 3455.44
1214.66 23364.8 3454.24
1220.95 23364.8 3453.02
1227.24 23364.8 3451.80
1233.53 23364.8 3450.61
1239.82 23364.8 3449.36
1246.11 23364.8 3448.17
1252.40 23364.8 3446.89
1258.68 23364.8 3445.66
1264.97 23364.8 3444.45
1271.26 23364.8 3443.18
1277.55 23364.8 3441.95
1283.84 23364.8 3440.68
1290.13 23364.8 3439.41
1296.42 23364.8 3438.15
1302.71 23364.8 3436.89
1309.00 23364.8 3435.61
1315.29 23364.8 3434.33
1321.58 23364.8 3433.02
1327.87 23364.8 3431.71
1334.16 23364.8 3430.39
1340.45 23364.8 3429.05
1346.73 23364.8 3427.71
1353.02 23364.8 3426.34
1359.31 23364.8 3424.95
1365.60 23364.8 3423.53
1371.89 23364.8 3422.05
1378.18 23364.8 3420.55
1384.47 23364.8 3418.94
1390.76 23364.8 3417.17
1397.05 23364.8 3414.90
1403.34 23364.8 3413.06
1409.63 23364.8 3412.07
1415.92 23364.8 3411.04
1422.21 23364.8 3410.01
1428.50 23364.8 3409.00
1434.79 23364.8 3407.99
1441.07 23364.8 3406.98
1447.36 23364.8 3406.01
1453.65 23364.8 3404.96
1459.94 23364.8 3403.94
1466.23 23364.8 3402.94
1472.52 23364.8 3401.92
1478.81 23364.8 3400.90
1485.10 23364.8 3399.89
1491.39 23364.8 3398.87
1497.68 23364.8 3397.85
1503.97 23364.8 3396.84
1510.26 23364.8 3395.81
1516.55 23364.8 3394.79
1522.84 23364.8 3393.78
1529.12 23364.8 3392.77
1535.41 23364.8 3391.73
1541.70 23364.8 3390.72
1547.99 23364.8 3389.68
1554.28 23364.8 3388.66
1560.57 23364.8 3387.63
1566.86 23364.8 3386.60
1573.15 23364.8 3385.57
573.150 23490.6 3531.01
579.439 23490.6 3530.42
585.729 23490.6 3529.83
592.018 23490.6 3529.24
598.307 23490.6 3528.65
604.597 23490.6 3528.05
610.886 23490.6 3527.46
617.175 23490.6 3526.86
623.464 23490.6 3526.26
629.754 23490.6 3525.66
636.043 23490.6 3525.05
642.332 23490.6 3524.45
648.622 23490.6 3523.93
654.911 23490.6 3523.23
661.200 23490.6 3522.62
667.490 23490.6 3522.00
673.779 23490.6 3521.39
680.068 23490.6 3520.77
686.358 23490.6 3520.15
692.647 23490.6 3519.53
698.936 23490.6 3518.92
705.225 23490.6 3518.32
711.515 23490.6 3517.72
717.804 23490.6 3517.09
724.093 23490.6 3516.53
730.383 23490.6 3515.93
736.672 23490.6 3515.33
742.961 23490.6 3514.73
749.251 23490.6 3514.13
755.540 23490.6 3513.53
761.829 23490.6 3512.93
768.119 23490.6 3512.32
774.408 23490.6 3511.71
780.697 23490.6 3511.10
786.986 23490.6 3510.51
793.276 23490.6 3509.90
799.565 23490.6 3509.29
805.854 23490.6 3508.68
812.144 23490.6 3508.06
818.433 23490.6 3507.45
824.722 23490.6 3506.84
831.012 23490.6 3506.22
837.301 23490.6 3505.61
843.590 23490.6 3504.98
849.880 23490.6 3504.37
856.169 23490.6 3503.74
862.458 23490.6 3503.12
868.747 23490.6 3502.48
875.037 23490.6 3501.84
881.326 23490.6 3501.21
887.615 23490.6 3500.57
893.905 23490.6 3499.93
900.194 23490.6 3499.28
906.483 23490.6 3498.64
912.773 23490.6 3497.98
919.062 23490.6 3497.32
925.351 23490.6 3496.62
931.641 23490.6 3495.99
937.930 23490.6 3495.32
944.219 23490.6 3494.63
950.508 23490.6 3493.92
956.798 23490.6 3493.27
963.087 23490.6 3492.57
969.376 23490.6 3491.87
975.666 23490.6 3491.16
981.955 23490.6 3490.44
988.244 23490.6 3489.73
994.534 23490.6 3488.99
1000.82 23490.6 3488.26
1007.11 23490.6 3487.51
1013.40 23490.6 3486.74
1019.69 23490.6 3485.98
1025.98 23490.6 3485.20
1032.27 23490.6 3484.40
1038.56 23490.6 3483.59
1044.85 23490.6 3482.79
1051.14 23490.6 3481.95
1057.43 23490.6 3481.12
1063.72 23490.6 3480.27
1070.01 23490.6 3479.41
1076.29 23490.6 3478.53
1082.58 23490.6 3477.64
1088.87 23490.6 3476.72
1095.16 23490.6 3475.80
1101.45 23490.6 3474.84
1107.74 23490.6 3473.89
1114.03 23490.6 3472.90
1120.32 23490.6 3471.90
1126.61 23490.6 3470.89
1132.90 23490.6 3469.85
1139.19 23490.6 3468.79
1145.48 23490.6 3467.73
1151.77 23490.6 3466.64
1158.06 23490.6 3465.53
1164.34 23490.6 3464.40
1170.63 23490.6 3463.24
1176.92 23490.6 3462.09
1183.21 23490.6 3460.89
1189.50 23490.6 3459.70
1195.79 23490.6 3458.47
1202.08 23490.6 3457.25
1208.37 23490.6 3456.06
1214.66 23490.6 3454.81
1220.95 23490.6 3453.59
1227.24 23490.6 3452.41
1233.53 23490.6 3451.20
1239.82 23490.6 3449.97
1246.11 23490.6 3448.72
1252.40 23490.6 3447.54
1258.68 23490.6 3446.28
1264.97 23490.6 3445.06
1271.26 23490.6 3443.81
1277.55 23490.6 3442.59
1283.84 23490.6 3441.31
1290.13 23490.6 3440.02
1296.42 23490.6 3438.79
1302.71 23490.6 3437.50
1309.00 23490.6 3436.23
1315.29 23490.6 3434.94
1321.58 23490.6 3433.65
1327.87 23490.6 3432.36
1334.16 23490.6 3431.04
1340.45 23490.6 3429.73
1346.73 23490.6 3428.38
1353.02 23490.6 3427.00
1359.31 23490.6 3425.64
1365.60 23490.6 3424.08
1371.89 23490.6 3422.80
1378.18 23490.6 3421.32
1384.47 23490.6 3419.74
1390.76 23490.6 3418.07
1397.05 23490.6 3416.15
1403.34 23490.6 3413.61
1409.63 23490.6 3412.57
1415.92 23490.6 3411.54
1422.21 23490.6 3410.54
1428.50 23490.6 3409.55
1434.79 23490.6 3408.51
1441.07 23490.6 3407.52
1447.36 23490.6 3406.49
1453.65 23490.6 3405.48
1459.94 23490.6 3404.47
1466.23 23490.6 3403.43
1472.52 23490.6 3402.42
1478.81 23490.6 3401.44
1485.10 23490.6 3400.40
1491.39 23490.6 3399.39
1497.68 23490.6 3398.38
1503.97 23490.6 3397.35
1510.26 23490.6 3396.33
1516.55 23490.6 3395.30
1522.84 23490.6 3394.30
1529.12 23490.6 3393.27
1535.41 23490.6 3392.26
1541.70 23490.6 3391.23
1547.99 23490.6 3390.21
1554.28 23490.6 3389.19
1560.57 23490.6 3388.13
1566.86 23490.6 3387.13
1573.15 23490.6 3386.09
573.150 23616.4 3531.38
579.439 23616.4 3530.80
585.729 23616.4 3530.21
592.018 23616.4 3529.62
598.307 23616.4 3529.02
604.597 23616.4 3528.42
610.886 23616.4 3527.83
617.175 23616.4 3527.24
623.464 23616.4 3526.64
629.754 23616.4 3526.03
636.043 23616.4 3525.43
642.332 23616.4 3524.83
648.622 23616.4 3524.29
654.911 23616.4 3523.61
661.200 23616.4 3523.00
667.490 23616.4 3522.39
673.779 23616.4 3521.77
680.068 23616.4 3521.15
686.358 23616.4 3520.53
692.647 23616.4 3519.91
698.936 23616.4 3519.30
705.225 23616.4 3518.70
711.515 23616.4 3518.11
717.804 23616.4 3517.50
724.093 23616.4 3516.91
730.383 23616.4 3516.31
736.672 23616.4 3515.72
742.961 23616.4 3515.11
749.251 23616.4 3514.52
755.540 23616.4 3513.92
761.829 23616.4 3513.32
768.119 23616.4 3512.71
774.408 23616.4 3512.11
780.697 23616.4 3511.51
786.986 23616.4 3510.90
793.276 23616.4 3510.29
799.565 23616.4 3509.69
805.854 23616.4 3509.08
812.144 23616.4 3508.46
818.433 23616.4 3507.86
824.722 23616.4 3507.24
831.012 23616.4 3506.63
837.301 23616.4 3506.01
843.590 23616.4 3505.38
849.880 23616.4 3504.77
856.169 23616.4 3504.15
862.458 23616.4 3503.51
868.747 23616.4 3502.92
875.037 23616.4 3502.25
881.326 23616.4 3501.62
887.615 23616.4 3500.99
893.905 23616.4 3500.34
900.194 23616.4 3499.70
906.483 23616.4 3499.05
912.773 23616.4 3498.38
919.062 23616.4 3497.74
925.351 23616.4 3497.08
931.641 23616.4 3496.41
937.930 23616.4 3495.76
944.219 23616.4 3495.07
950.508 23616.4 3494.39
956.798 23616.4 3493.69
963.087 23616.4 3493.00
969.376 23616.4 3492.30
975.666 23616.4 3491.57
981.955 23616.4 3490.89
988.244 23616.4 3490.18
994.534 23616.4 3489.43
1000.82 23616.4 3488.69
1007.11 23616.4 3487.95
1013.40 23616.4 3487.19
1019.69 23616.4 3486.43
1025.98 23616.4 3485.69
1032.27 23616.4 3484.86
1038.56 23616.4 3484.05
1044.85 23616.4 3483.26
1051.14 23616.4 3482.43
1057.43 23616.4 3481.59
1063.72 23616.4 3480.75
1070.01 23616.4 3479.89
1076.29 23616.4 3479.02
1082.58 23616.4 3478.11
1088.87 23616.4 3477.20
1095.16 23616.4 3476.28
1101.45 23616.4 3475.34
1107.74 23616.4 3474.38
1114.03 23616.4 3473.39
1120.32 23616.4 3472.42
1126.61 23616.4 3471.40
1132.90 23616.4 3470.37
1139.19 23616.4 3469.34
1145.48 23616.4 3468.26
1151.77 23616.4 3467.18
1158.06 23616.4 3466.16
1164.34 23616.4 3464.95
1170.63 23616.4 3463.80
1176.92 23616.4 3462.69
1183.21 23616.4 3461.47
1189.50 23616.4 3460.28
1195.79 23616.4 3459.06
1202.08 23616.4 3457.83
1208.37 23616.4 3456.63
1214.66 23616.4 3455.42
1220.95 23616.4 3454.21
1227.24 23616.4 3453.03
1233.53 23616.4 3451.79
1239.82 23616.4 3450.57
1246.11 23616.4 3449.36
1252.40 23616.4 3448.13
1258.68 23616.4 3446.91
1264.97 23616.4 3445.66
1271.26 23616.4 3444.42
1277.55 23616.4 3443.18
1283.84 23616.4 3441.92
1290.13 23616.4 3441.05
1296.42 23616.4 3439.42
1302.71 23616.4 3438.15
1309.00 23616.4 3436.88
1315.29 23616.4 3435.60
1321.58 23616.4 3434.31
1327.87 23616.4 3433.01
1334.16 23616.4 3431.69
1340.45 23616.4 3430.38
1346.73 23616.4 3429.03
1353.02 23616.4 3427.71
1359.31 23616.4 3426.32
1365.60 23616.4 3424.93
1371.89 23616.4 3423.52
1378.18 23616.4 3422.04
1384.47 23616.4 3420.52
1390.76 23616.4 3418.92
1397.05 23616.4 3417.14
1403.34 23616.4 3414.79
1409.63 23616.4 3413.08
1415.92 23616.4 3412.07
1422.21 23616.4 3411.05
1428.50 23616.4 3410.04
1434.79 23616.4 3409.02
1441.07 23616.4 3408.01
1447.36 23616.4 3407.00
1453.65 23616.4 3405.99
1459.94 23616.4 3404.94
1466.23 23616.4 3403.95
1472.52 23616.4 3402.94
1478.81 23616.4 3401.93
1485.10 23616.4 3400.94
1491.39 23616.4 3399.91
1497.68 23616.4 3398.86
1503.97 23616.4 3397.87
1510.26 23616.4 3396.84
1516.55 23616.4 3395.87
1522.84 23616.4 3394.82
1529.12 23616.4 3393.79
1535.41 23616.4 3392.77
1541.70 23616.4 3391.75
1547.99 23616.4 3390.72
1554.28 23616.4 3389.69
1560.57 23616.4 3388.67
1566.86 23616.4 3387.67
1573.15 23616.4 3386.62
573.150 23742.1 3531.76
579.439 23742.1 3531.17
585.729 23742.1 3530.58
592.018 23742.1 3529.99
598.307 23742.1 3529.40
604.597 23742.1 3528.80
610.886 23742.1 3528.21
617.175 23742.1 3527.61
623.464 23742.1 3527.01
629.754 23742.1 3526.41
636.043 23742.1 3525.81
642.332 23742.1 3525.21
648.622 23742.1 3524.64
654.911 23742.1 3523.99
661.200 23742.1 3523.38
667.490 23742.1 3522.77
673.779 23742.1 3522.15
680.068 23742.1 3521.54
686.358 23742.1 3520.92
692.647 23742.1 3520.30
698.936 23742.1 3519.68
705.225 23742.1 3519.09
711.515 23742.1 3518.49
717.804 23742.1 3517.89
724.093 23742.1 3517.30
730.383 23742.1 3516.70
736.672 23742.1 3516.10
742.961 23742.1 3515.51
749.251 23742.1 3514.91
755.540 23742.1 3514.31
761.829 23742.1 3513.71
768.119 23742.1 3513.11
774.408 23742.1 3512.50
780.697 23742.1 3511.90
786.986 23742.1 3511.31
793.276 23742.1 3510.69
799.565 23742.1 3510.08
805.854 23742.1 3509.48
812.144 23742.1 3508.86
818.433 23742.1 3508.25
824.722 23742.1 3507.64
831.012 23742.1 3507.03
837.301 23742.1 3506.41
843.590 23742.1 3505.79
849.880 23742.1 3505.18
856.169 23742.1 3504.55
862.458 23742.1 3503.93
868.747 23742.1 3503.29
875.037 23742.1 3502.68
881.326 23742.1 3502.03
887.615 23742.1 3501.39
893.905 23742.1 3500.76
900.194 23742.1 3500.11
906.483 23742.1 3499.46
912.773 23742.1 3498.82
919.062 23742.1 3498.16
925.351 23742.1 3497.51
931.641 23742.1 3496.83
937.930 23742.1 3496.17
944.219 23742.1 3495.50
950.508 23742.1 3494.81
956.798 23742.1 3494.13
963.087 23742.1 3493.44
969.376 23742.1 3492.74
975.666 23742.1 3492.03
981.955 23742.1 3491.32
988.244 23742.1 3490.60
994.534 23742.1 3489.88
1000.82 23742.1 3489.15
1007.11 23742.1 3488.38
1013.40 23742.1 3487.64
1019.69 23742.1 3486.89
1025.98 23742.1 3486.10
1032.27 23742.1 3485.32
1038.56 23742.1 3484.53
1044.85 23742.1 3483.73
1051.14 23742.1 3482.91
1057.43 23742.1 3482.07
1063.72 23742.1 3481.22
1070.01 23742.1 3480.37
1076.29 23742.1 3479.49
1082.58 23742.1 3478.60
1088.87 23742.1 3477.71
1095.16 23742.1 3476.78
1101.45 23742.1 3475.84
1107.74 23742.1 3474.89
1114.03 23742.1 3473.91
1120.32 23742.1 3472.93
1126.61 23742.1 3471.94
1132.90 23742.1 3470.89
1139.19 23742.1 3469.86
1145.48 23742.1 3468.80
1151.77 23742.1 3467.72
1158.06 23742.1 3466.63
1164.34 23742.1 3465.50
1170.63 23742.1 3464.37
1176.92 23742.1 3463.24
1183.21 23742.1 3462.03
1189.50 23742.1 3460.85
1195.79 23742.1 3459.63
1202.08 23742.1 3458.42
1208.37 23742.1 3457.21
1214.66 23742.1 3456.02
1220.95 23742.1 3454.82
1227.24 23742.1 3453.61
1233.53 23742.1 3452.39
1239.82 23742.1 3451.18
1246.11 23742.1 3449.99
1252.40 23742.1 3448.73
1258.68 23742.1 3447.52
1264.97 23742.1 3446.28
1271.26 23742.1 3445.03
1277.55 23742.1 3443.80
1283.84 23742.1 3442.56
1290.13 23742.1 3441.31
1296.42 23742.1 3440.04
1302.71 23742.1 3438.77
1309.00 23742.1 3437.51
1315.29 23742.1 3436.23
1321.58 23742.1 3434.95
1327.87 23742.1 3433.64
1334.16 23742.1 3432.33
1340.45 23742.1 3431.09
1346.73 23742.1 3429.71
1353.02 23742.1 3428.38
1359.31 23742.1 3427.00
1365.60 23742.1 3425.64
1371.89 23742.1 3424.14
1378.18 23742.1 3422.79
1384.47 23742.1 3421.29
1390.76 23742.1 3419.72
1397.05 23742.1 3418.04
1403.34 23742.1 3416.09
1409.63 23742.1 3413.61
1415.92 23742.1 3412.58
1422.21 23742.1 3411.56
1428.50 23742.1 3410.55
1434.79 23742.1 3409.55
1441.07 23742.1 3408.54
1447.36 23742.1 3407.54
1453.65 23742.1 3406.51
1459.94 23742.1 3405.47
1466.23 23742.1 3404.48
1472.52 23742.1 3403.46
1478.81 23742.1 3402.44
1485.10 23742.1 3401.43
1491.39 23742.1 3400.41
1497.68 23742.1 3399.41
1503.97 23742.1 3398.39
1510.26 23742.1 3397.36
1516.55 23742.1 3396.35
1522.84 23742.1 3395.32
1529.12 23742.1 3394.31
1535.41 23742.1 3393.30
1541.70 23742.1 3392.24
1547.99 23742.1 3391.26
1554.28 23742.1 3390.22
1560.57 23742.1 3389.20
1566.86 23742.1 3388.17
1573.15 23742.1 3387.16
573.150 23867.9 3532.13
579.439 23867.9 3531.55
585.729 23867.9 3530.95
592.018 23867.9 3530.37
598.307 23867.9 3529.77
604.597 23867.9 3529.17
610.886 23867.9 3528.58
617.175 23867.9 3527.98
623.464 23867.9 3527.39
629.754 23867.9 3526.79
636.043 23867.9 3526.19
642.332 23867.9 3525.58
648.622 23867.9 3524.99
654.911 23867.9 3524.37
661.200 23867.9 3523.76
667.490 23867.9 3523.15
673.779 23867.9 3522.53
680.068 23867.9 3521.91
686.358 23867.9 3521.30
692.647 23867.9 3520.67
698.936 23867.9 3520.07
705.225 23867.9 3519.47
711.515 23867.9 3518.88
717.804 23867.9 3518.28
724.093 23867.9 3517.69
730.383 23867.9 3517.09
736.672 23867.9 3516.49
742.961 23867.9 3515.89
749.251 23867.9 3515.30
755.540 23867.9 3514.70
761.829 23867.9 3514.09
768.119 23867.9 3513.50
774.408 23867.9 3512.90
780.697 23867.9 3512.29
786.986 23867.9 3511.69
793.276 23867.9 3511.09
799.565 23867.9 3510.48
805.854 23867.9 3509.88
812.144 23867.9 3509.26
818.433 23867.9 3508.65
824.722 23867.9 3508.04
831.012 23867.9 3507.43
837.301 23867.9 3506.81
843.590 23867.9 3506.20
849.880 23867.9 3505.58
856.169 23867.9 3504.96
862.458 23867.9 3504.32
868.747 23867.9 3503.70
875.037 23867.9 3503.08
881.326 23867.9 3502.44
887.615 23867.9 3501.81
893.905 23867.9 3501.17
900.194 23867.9 3500.53
906.483 23867.9 3499.89
912.773 23867.9 3499.23
919.062 23867.9 3498.59
925.351 23867.9 3497.92
931.641 23867.9 3497.26
937.930 23867.9 3496.59
944.219 23867.9 3495.92
950.508 23867.9 3495.24
956.798 23867.9 3494.57
963.087 23867.9 3493.86
969.376 23867.9 3493.12
975.666 23867.9 3492.47
981.955 23867.9 3491.75
988.244 23867.9 3491.04
994.534 23867.9 3490.32
1000.82 23867.9 3489.54
1007.11 23867.9 3488.84
1013.40 23867.9 3488.09
1019.69 23867.9 3487.33
1025.98 23867.9 3486.56
1032.27 23867.9 3485.78
1038.56 23867.9 3484.99
1044.85 23867.9 3484.18
1051.14 23867.9 3483.37
1057.43 23867.9 3482.54
1063.72 23867.9 3481.68
1070.01 23867.9 3480.84
1076.29 23867.9 3479.97
1082.58 23867.9 3479.09
1088.87 23867.9 3478.18
1095.16 23867.9 3477.27
1101.45 23867.9 3476.35
1107.74 23867.9 3475.39
1114.03 23867.9 3474.44
1120.32 23867.9 3473.44
1126.61 23867.9 3472.44
1132.90 23867.9 3471.42
1139.19 23867.9 3470.39
1145.48 23867.9 3469.32
1151.77 23867.9 3468.26
1158.06 23867.9 3467.16
1164.34 23867.9 3466.06
1170.63 23867.9 3464.92
1176.92 23867.9 3463.77
1183.21 23867.9 3462.60
1189.50 23867.9 3461.42
1195.79 23867.9 3460.22
1202.08 23867.9 3458.99
1208.37 23867.9 3457.79
1214.66 23867.9 3456.59
1220.95 23867.9 3455.41
1227.24 23867.9 3454.20
1233.53 23867.9 3452.97
1239.82 23867.9 3451.78
1246.11 23867.9 3450.55
1252.40 23867.9 3449.33
1258.68 23867.9 3448.10
1264.97 23867.9 3446.86
1271.26 23867.9 3445.63
1277.55 23867.9 3444.41
1283.84 23867.9 3443.17
1290.13 23867.9 3441.94
1296.42 23867.9 3441.14
1302.71 23867.9 3439.40
1309.00 23867.9 3438.16
1315.29 23867.9 3436.85
1321.58 23867.9 3435.62
1327.87 23867.9 3434.31
1334.16 23867.9 3433.00
1340.45 23867.9 3431.75
1346.73 23867.9 3430.38
1353.02 23867.9 3429.05
1359.31 23867.9 3427.70
1365.60 23867.9 3426.27
1371.89 23867.9 3424.92
1378.18 23867.9 3423.50
1384.47 23867.9 3422.04
1390.76 23867.9 3420.51
1397.05 23867.9 3418.90
1403.34 23867.9 3417.12
1409.63 23867.9 3414.64
1415.92 23867.9 3412.94
1422.21 23867.9 3412.08
1428.50 23867.9 3411.07
1434.79 23867.9 3410.05
1441.07 23867.9 3409.06
1447.36 23867.9 3408.02
1453.65 23867.9 3407.02
1459.94 23867.9 3406.00
1466.23 23867.9 3404.99
1472.52 23867.9 3403.97
1478.81 23867.9 3402.96
1485.10 23867.9 3401.96
1491.39 23867.9 3400.93
1497.68 23867.9 3399.93
1503.97 23867.9 3398.92
1510.26 23867.9 3397.88
1516.55 23867.9 3396.88
1522.84 23867.9 3395.85
1529.12 23867.9 3394.83
1535.41 23867.9 3393.80
1541.70 23867.9 3392.77
1547.99 23867.9 3391.77
1554.28 23867.9 3390.74
1560.57 23867.9 3389.74
1566.86 23867.9 3388.67
1573.15 23867.9 3387.65
573.150 23993.7 3532.50
579.439 23993.7 3531.92
585.729 23993.7 3531.33
592.018 23993.7 3530.74
598.307 23993.7 3530.15
604.597 23993.7 3529.55
610.886 23993.7 3528.96
617.175 23993.7 3528.37
623.464 23993.7 3527.76
629.754 23993.7 3527.16
636.043 23993.7 3526.56
642.332 23993.7 3525.96
648.622 23993.7 3525.34
654.911 23993.7 3524.75
661.200 23993.7 3524.14
667.490 23993.7 3523.53
673.779 23993.7 3522.91
680.068 23993.7 3522.30
686.358 23993.7 3521.68
692.647 23993.7 3521.06
698.936 23993.7 3520.45
705.225 23993.7 3519.86
711.515 23993.7 3519.26
717.804 23993.7 3518.66
724.093 23993.7 3518.07
730.383 23993.7 3517.47
736.672 23993.7 3516.88
742.961 23993.7 3516.29
749.251 23993.7 3515.69
755.540 23993.7 3515.09
761.829 23993.7 3514.49
768.119 23993.7 3513.89
774.408 23993.7 3513.29
780.697 23993.7 3512.69
786.986 23993.7 3512.08
793.276 23993.7 3511.49
799.565 23993.7 3510.88
805.854 23993.7 3510.27
812.144 23993.7 3509.68
818.433 23993.7 3509.05
824.722 23993.7 3508.45
831.012 23993.7 3507.83
837.301 23993.7 3507.22
843.590 23993.7 3506.60
849.880 23993.7 3505.99
856.169 23993.7 3505.37
862.458 23993.7 3504.74
868.747 23993.7 3504.11
875.037 23993.7 3503.49
881.326 23993.7 3502.85
887.615 23993.7 3502.22
893.905 23993.7 3501.59
900.194 23993.7 3500.94
906.483 23993.7 3500.30
912.773 23993.7 3499.65
919.062 23993.7 3498.99
925.351 23993.7 3498.34
931.641 23993.7 3497.68
937.930 23993.7 3497.01
944.219 23993.7 3496.35
950.508 23993.7 3495.67
956.798 23993.7 3494.99
963.087 23993.7 3494.26
969.376 23993.7 3493.62
975.666 23993.7 3492.90
981.955 23993.7 3492.20
988.244 23993.7 3491.48
994.534 23993.7 3490.76
1000.82 23993.7 3490.03
1007.11 23993.7 3489.29
1013.40 23993.7 3488.54
1019.69 23993.7 3487.79
1025.98 23993.7 3486.99
1032.27 23993.7 3486.24
1038.56 23993.7 3485.46
1044.85 23993.7 3484.65
1051.14 23993.7 3483.83
1057.43 23993.7 3483.01
1063.72 23993.7 3482.18
1070.01 23993.7 3481.32
1076.29 23993.7 3480.45
1082.58 23993.7 3479.57
1088.87 23993.7 3478.67
1095.16 23993.7 3477.76
1101.45 23993.7 3476.84
1107.74 23993.7 3475.89
1114.03 23993.7 3474.93
1120.32 23993.7 3473.96
1126.61 23993.7 3472.97
1132.90 23993.7 3471.95
1139.19 23993.7 3470.91
1145.48 23993.7 3469.88
1151.77 23993.7 3468.80
1158.06 23993.7 3467.71
1164.34 23993.7 3466.59
1170.63 23993.7 3465.48
1176.92 23993.7 3464.33
1183.21 23993.7 3463.17
1189.50 23993.7 3461.99
1195.79 23993.7 3460.79
1202.08 23993.7 3459.57
1208.37 23993.7 3458.37
1214.66 23993.7 3457.20
1220.95 23993.7 3455.99
1227.24 23993.7 3454.78
1233.53 23993.7 3453.59
1239.82 23993.7 3452.37
1246.11 23993.7 3451.16
1252.40 23993.7 3449.92
1258.68 23993.7 3448.71
1264.97 23993.7 3447.49
1271.26 23993.7 3446.26
1277.55 23993.7 3445.02
1283.84 23993.7 3443.77
1290.13 23993.7 3442.54
1296.42 23993.7 3441.29
1302.71 23993.7 3440.03
1309.00 23993.7 3438.79
1315.29 23993.7 3437.51
1321.58 23993.7 3436.24
1327.87 23993.7 3434.95
1334.16 23993.7 3433.66
1340.45 23993.7 3432.35
1346.73 23993.7 3431.02
1353.02 23993.7 3429.71
1359.31 23993.7 3428.37
1365.60 23993.7 3427.01
1371.89 23993.7 3425.63
1378.18 23993.7 3424.23
1384.47 23993.7 3422.76
1390.76 23993.7 3421.27
1397.05 23993.7 3419.71
1403.34 23993.7 3418.01
1409.63 23993.7 3416.03
1415.92 23993.7 3413.61
1422.21 23993.7 3412.70
1428.50 23993.7 3411.59
1434.79 23993.7 3410.57
1441.07 23993.7 3409.56
1447.36 23993.7 3408.56
1453.65 23993.7 3407.53
1459.94 23993.7 3406.54
1466.23 23993.7 3405.51
1472.52 23993.7 3404.49
1478.81 23993.7 3403.49
1485.10 23993.7 3402.47
1491.39 23993.7 3401.45
1497.68 23993.7 3400.44
1503.97 23993.7 3399.43
1510.26 23993.7 3398.40
1516.55 23993.7 3397.44
1522.84 23993.7 3396.36
1529.12 23993.7 3395.35
1535.41 23993.7 3394.33
1541.70 23993.7 3393.30
1547.99 23993.7 3392.29
1554.28 23993.7 3391.25
1560.57 23993.7 3390.23
1566.86 23993.7 3389.21
1573.15 23993.7 3388.22
573.150 24119.5 3532.87
579.439 24119.5 3532.29
585.729 24119.5 3531.70
592.018 24119.5 3531.11
598.307 24119.5 3530.52
604.597 24119.5 3529.92
610.886 24119.5 3529.33
617.175 24119.5 3528.74
623.464 24119.5 3528.14
629.754 24119.5 3527.54
636.043 24119.5 3526.94
642.332 24119.5 3526.34
648.622 24119.5 3525.69
654.911 24119.5 3525.13
661.200 24119.5 3524.52
667.490 24119.5 3523.91
673.779 24119.5 3523.29
680.068 24119.5 3522.68
686.358 24119.5 3522.06
692.647 24119.5 3521.44
698.936 24119.5 3520.83
705.225 24119.5 3520.24
711.515 24119.5 3519.64
717.804 24119.5 3519.05
724.093 24119.5 3518.46
730.383 24119.5 3517.86
736.672 24119.5 3517.27
742.961 24119.5 3516.67
749.251 24119.5 3516.08
755.540 24119.5 3515.48
761.829 24119.5 3514.88
768.119 24119.5 3514.28
774.408 24119.5 3513.68
780.697 24119.5 3513.08
786.986 24119.5 3512.48
793.276 24119.5 3511.88
799.565 24119.5 3511.27
805.854 24119.5 3510.67
812.144 24119.5 3510.06
818.433 24119.5 3509.45
824.722 24119.5 3508.84
831.012 24119.5 3508.23
837.301 24119.5 3507.62
843.590 24119.5 3507.00
849.880 24119.5 3506.39
856.169 24119.5 3505.87
862.458 24119.5 3505.14
868.747 24119.5 3504.52
875.037 24119.5 3503.89
881.326 24119.5 3503.27
887.615 24119.5 3502.63
893.905 24119.5 3502.00
900.194 24119.5 3501.36
906.483 24119.5 3500.72
912.773 24119.5 3500.07
919.062 24119.5 3499.41
925.351 24119.5 3498.77
931.641 24119.5 3498.10
937.930 24119.5 3497.44
944.219 24119.5 3496.77
950.508 24119.5 3496.09
956.798 24119.5 3495.42
963.087 24119.5 3494.74
969.376 24119.5 3494.04
975.666 24119.5 3493.34
981.955 24119.5 3492.64
988.244 24119.5 3491.92
994.534 24119.5 3491.20
1000.82 24119.5 3490.47
1007.11 24119.5 3489.72
1013.40 24119.5 3488.99
1019.69 24119.5 3488.23
1025.98 24119.5 3487.48
1032.27 24119.5 3486.70
1038.56 24119.5 3485.91
1044.85 24119.5 3485.13
1051.14 24119.5 3484.30
1057.43 24119.5 3483.48
1063.72 24119.5 3482.64
1070.01 24119.5 3481.79
1076.29 24119.5 3480.94
1082.58 24119.5 3480.07
1088.87 24119.5 3479.16
1095.16 24119.5 3478.26
1101.45 24119.5 3477.33
1107.74 24119.5 3476.39
1114.03 24119.5 3475.44
1120.32 24119.5 3474.48
1126.61 24119.5 3473.47
1132.90 24119.5 3472.47
1139.19 24119.5 3471.44
1145.48 24119.5 3470.39
1151.77 24119.5 3469.33
1158.06 24119.5 3468.25
1164.34 24119.5 3467.18
1170.63 24119.5 3466.03
1176.92 24119.5 3464.89
1183.21 24119.5 3463.73
1189.50 24119.5 3462.56
1195.79 24119.5 3461.37
1202.08 24119.5 3460.16
1208.37 24119.5 3458.97
1214.66 24119.5 3457.78
1220.95 24119.5 3456.60
1227.24 24119.5 3455.39
1233.53 24119.5 3454.15
1239.82 24119.5 3452.97
1246.11 24119.5 3451.77
1252.40 24119.5 3450.53
1258.68 24119.5 3449.32
1264.97 24119.5 3448.10
1271.26 24119.5 3446.90
1277.55 24119.5 3445.64
1283.84 24119.5 3444.40
1290.13 24119.5 3443.15
1296.42 24119.5 3441.92
1302.71 24119.5 3440.65
1309.00 24119.5 3439.40
1315.29 24119.5 3438.13
1321.58 24119.5 3436.86
1327.87 24119.5 3435.67
1334.16 24119.5 3434.30
1340.45 24119.5 3433.00
1346.73 24119.5 3431.70
1353.02 24119.5 3430.37
1359.31 24119.5 3429.03
1365.60 24119.5 3427.68
1371.89 24119.5 3426.33
1378.18 24119.5 3424.91
1384.47 24119.5 3423.49
1390.76 24119.5 3422.02
1397.05 24119.5 3420.51
1403.34 24119.5 3418.89
1409.63 24119.5 3417.08
1415.92 24119.5 3414.39
1422.21 24119.5 3413.05
1428.50 24119.5 3412.11
1434.79 24119.5 3411.06
1441.07 24119.5 3410.09
1447.36 24119.5 3409.04
1453.65 24119.5 3408.04
1459.94 24119.5 3407.04
1466.23 24119.5 3406.02
1472.52 24119.5 3405.01
1478.81 24119.5 3403.99
1485.10 24119.5 3403.00
1491.39 24119.5 3401.97
1497.68 24119.5 3400.95
1503.97 24119.5 3399.94
1510.26 24119.5 3398.92
1516.55 24119.5 3397.90
1522.84 24119.5 3396.88
1529.12 24119.5 3395.87
1535.41 24119.5 3394.85
1541.70 24119.5 3393.83
1547.99 24119.5 3392.81
1554.28 24119.5 3391.79
1560.57 24119.5 3390.76
1566.86 24119.5 3389.73
1573.15 24119.5 3388.72
573.150 24245.3 3533.24
579.439 24245.3 3532.66
585.729 24245.3 3532.07
592.018 24245.3 3531.48
598.307 24245.3 3530.89
604.597 24245.3 3530.30
610.886 24245.3 3529.71
617.175 24245.3 3529.12
623.464 24245.3 3528.52
629.754 24245.3 3527.92
636.043 24245.3 3527.32
642.332 24245.3 3526.72
648.622 24245.3 3526.05
654.911 24245.3 3525.51
661.200 24245.3 3524.90
667.490 24245.3 3524.29
673.779 24245.3 3523.68
680.068 24245.3 3523.06
686.358 24245.3 3522.44
692.647 24245.3 3521.82
698.936 24245.3 3521.21
705.225 24245.3 3520.62
711.515 24245.3 3520.03
717.804 24245.3 3519.44
724.093 24245.3 3518.85
730.383 24245.3 3518.26
736.672 24245.3 3517.65
742.961 24245.3 3517.06
749.251 24245.3 3516.46
755.540 24245.3 3515.87
761.829 24245.3 3515.27
768.119 24245.3 3514.67
774.408 24245.3 3514.07
780.697 24245.3 3513.48
786.986 24245.3 3512.87
793.276 24245.3 3512.27
799.565 24245.3 3511.67
805.854 24245.3 3511.07
812.144 24245.3 3510.46
818.433 24245.3 3509.85
824.722 24245.3 3509.24
831.012 24245.3 3508.63
837.301 24245.3 3508.02
843.590 24245.3 3507.41
849.880 24245.3 3506.78
856.169 24245.3 3506.17
862.458 24245.3 3505.55
868.747 24245.3 3504.93
875.037 24245.3 3504.30
881.326 24245.3 3503.68
887.615 24245.3 3503.04
893.905 24245.3 3502.41
900.194 24245.3 3501.77
906.483 24245.3 3501.13
912.773 24245.3 3500.49
919.062 24245.3 3499.84
925.351 24245.3 3499.18
931.641 24245.3 3498.53
937.930 24245.3 3497.87
944.219 24245.3 3497.20
950.508 24245.3 3496.52
956.798 24245.3 3495.85
963.087 24245.3 3495.17
969.376 24245.3 3494.46
975.666 24245.3 3493.77
981.955 24245.3 3493.08
988.244 24245.3 3492.36
994.534 24245.3 3491.64
1000.82 24245.3 3490.90
1007.11 24245.3 3490.19
1013.40 24245.3 3489.43
1019.69 24245.3 3488.67
1025.98 24245.3 3487.93
1032.27 24245.3 3487.15
1038.56 24245.3 3486.36
1044.85 24245.3 3485.57
1051.14 24245.3 3484.77
1057.43 24245.3 3483.94
1063.72 24245.3 3483.11
1070.01 24245.3 3482.27
1076.29 24245.3 3481.42
1082.58 24245.3 3480.54
1088.87 24245.3 3479.65
1095.16 24245.3 3478.75
1101.45 24245.3 3477.83
1107.74 24245.3 3476.89
1114.03 24245.3 3475.93
1120.32 24245.3 3474.98
1126.61 24245.3 3473.99
1132.90 24245.3 3472.97
1139.19 24245.3 3471.96
1145.48 24245.3 3470.92
1151.77 24245.3 3469.85
1158.06 24245.3 3468.79
1164.34 24245.3 3467.73
1170.63 24245.3 3466.58
1176.92 24245.3 3465.45
1183.21 24245.3 3464.30
1189.50 24245.3 3463.13
1195.79 24245.3 3461.94
1202.08 24245.3 3460.74
1208.37 24245.3 3459.55
1214.66 24245.3 3458.34
1220.95 24245.3 3457.16
1227.24 24245.3 3455.97
1233.53 24245.3 3454.78
1239.82 24245.3 3453.57
1246.11 24245.3 3452.37
1252.40 24245.3 3451.12
1258.68 24245.3 3449.94
1264.97 24245.3 3448.68
1271.26 24245.3 3447.49
1277.55 24245.3 3446.25
1283.84 24245.3 3445.01
1290.13 24245.3 3443.77
1296.42 24245.3 3442.53
1302.71 24245.3 3441.27
1309.00 24245.3 3440.00
1315.29 24245.3 3438.75
1321.58 24245.3 3437.46
1327.87 24245.3 3436.22
1334.16 24245.3 3434.95
1340.45 24245.3 3433.66
1346.73 24245.3 3432.34
1353.02 24245.3 3431.03
1359.31 24245.3 3429.70
1365.60 24245.3 3428.36
1371.89 24245.3 3426.98
1378.18 24245.3 3425.63
1384.47 24245.3 3424.21
1390.76 24245.3 3422.76
1397.05 24245.3 3421.25
1403.34 24245.3 3419.73
1409.63 24245.3 3417.99
1415.92 24245.3 3415.98
1422.21 24245.3 3413.64
1428.50 24245.3 3412.63
1434.79 24245.3 3411.61
1441.07 24245.3 3410.59
1447.36 24245.3 3409.58
1453.65 24245.3 3408.57
1459.94 24245.3 3407.56
1466.23 24245.3 3406.55
1472.52 24245.3 3405.52
1478.81 24245.3 3404.51
1485.10 24245.3 3403.49
1491.39 24245.3 3402.49
1497.68 24245.3 3401.47
1503.97 24245.3 3400.46
1510.26 24245.3 3399.43
1516.55 24245.3 3398.42
1522.84 24245.3 3397.41
1529.12 24245.3 3396.35
1535.41 24245.3 3395.36
1541.70 24245.3 3394.33
1547.99 24245.3 3393.33
1554.28 24245.3 3392.30
1560.57 24245.3 3391.27
1566.86 24245.3 3390.25
1573.15 24245.3 3389.22
573.150 24371.1 3533.61
579.439 24371.1 3533.03
585.729 24371.1 3532.45
592.018 24371.1 3531.86
598.307 24371.1 3531.27
604.597 24371.1 3530.68
610.886 24371.1 3530.09
617.175 24371.1 3529.49
623.464 24371.1 3528.90
629.754 24371.1 3528.29
636.043 24371.1 3527.70
642.332 24371.1 3527.09
648.622 24371.1 3526.40
654.911 24371.1 3525.88
661.200 24371.1 3525.28
667.490 24371.1 3524.66
673.779 24371.1 3524.06
680.068 24371.1 3523.44
686.358 24371.1 3522.83
692.647 24371.1 3522.20
698.936 24371.1 3521.59
705.225 24371.1 3521.01
711.515 24371.1 3520.42
717.804 24371.1 3519.82
724.093 24371.1 3519.23
730.383 24371.1 3518.64
736.672 24371.1 3518.04
742.961 24371.1 3517.45
749.251 24371.1 3516.85
755.540 24371.1 3516.26
761.829 24371.1 3515.66
768.119 24371.1 3515.08
774.408 24371.1 3514.46
780.697 24371.1 3513.86
786.986 24371.1 3513.27
793.276 24371.1 3512.67
799.565 24371.1 3512.07
805.854 24371.1 3511.46
812.144 24371.1 3510.84
818.433 24371.1 3510.25
824.722 24371.1 3509.65
831.012 24371.1 3509.04
837.301 24371.1 3508.42
843.590 24371.1 3507.81
849.880 24371.1 3507.20
856.169 24371.1 3506.58
862.458 24371.1 3505.96
868.747 24371.1 3505.33
875.037 24371.1 3504.71
881.326 24371.1 3504.10
887.615 24371.1 3503.45
893.905 24371.1 3502.83
900.194 24371.1 3502.18
906.483 24371.1 3501.55
912.773 24371.1 3500.90
919.062 24371.1 3500.25
925.351 24371.1 3499.60
931.641 24371.1 3498.95
937.930 24371.1 3498.29
944.219 24371.1 3497.62
950.508 24371.1 3496.95
956.798 24371.1 3496.29
963.087 24371.1 3495.59
969.376 24371.1 3494.90
975.666 24371.1 3494.22
981.955 24371.1 3493.51
988.244 24371.1 3492.80
994.534 24371.1 3492.08
1000.82 24371.1 3491.36
1007.11 24371.1 3490.63
1013.40 24371.1 3489.89
1019.69 24371.1 3489.13
1025.98 24371.1 3488.43
1032.27 24371.1 3487.61
1038.56 24371.1 3486.81
1044.85 24371.1 3486.03
1051.14 24371.1 3485.22
1057.43 24371.1 3484.41
1063.72 24371.1 3483.59
1070.01 24371.1 3482.75
1076.29 24371.1 3481.89
1082.58 24371.1 3481.02
1088.87 24371.1 3480.14
1095.16 24371.1 3479.24
1101.45 24371.1 3478.33
1107.74 24371.1 3477.39
1114.03 24371.1 3476.44
1120.32 24371.1 3475.48
1126.61 24371.1 3474.49
1132.90 24371.1 3473.51
1139.19 24371.1 3472.49
1145.48 24371.1 3471.45
1151.77 24371.1 3470.39
1158.06 24371.1 3469.33
1164.34 24371.1 3468.24
1170.63 24371.1 3467.13
1176.92 24371.1 3466.00
1183.21 24371.1 3464.86
1189.50 24371.1 3463.70
1195.79 24371.1 3462.52
1202.08 24371.1 3461.32
1208.37 24371.1 3460.12
1214.66 24371.1 3458.90
1220.95 24371.1 3457.75
1227.24 24371.1 3456.60
1233.53 24371.1 3455.36
1239.82 24371.1 3454.14
1246.11 24371.1 3452.96
1252.40 24371.1 3451.75
1258.68 24371.1 3450.54
1264.97 24371.1 3449.30
1271.26 24371.1 3448.08
1277.55 24371.1 3446.86
1283.84 24371.1 3445.61
1290.13 24371.1 3444.40
1296.42 24371.1 3443.14
1302.71 24371.1 3441.90
1309.00 24371.1 3440.61
1315.29 24371.1 3439.39
1321.58 24371.1 3438.13
1327.87 24371.1 3436.85
1334.16 24371.1 3435.58
1340.45 24371.1 3434.29
1346.73 24371.1 3433.01
1353.02 24371.1 3431.69
1359.31 24371.1 3430.37
1365.60 24371.1 3429.04
1371.89 24371.1 3427.66
1378.18 24371.1 3426.31
1384.47 24371.1 3424.92
1390.76 24371.1 3423.48
1397.05 24371.1 3422.03
1403.34 24371.1 3420.50
1409.63 24371.1 3418.84
1415.92 24371.1 3417.04
1422.21 24371.1 3414.14
1428.50 24371.1 3413.13
1434.79 24371.1 3412.11
1441.07 24371.1 3411.11
1447.36 24371.1 3410.09
1453.65 24371.1 3409.07
1459.94 24371.1 3408.05
1466.23 24371.1 3407.05
1472.52 24371.1 3406.04
1478.81 24371.1 3405.00
1485.10 24371.1 3404.02
1491.39 24371.1 3403.00
1497.68 24371.1 3401.97
1503.97 24371.1 3400.96
1510.26 24371.1 3399.98
1516.55 24371.1 3398.93
1522.84 24371.1 3397.91
1529.12 24371.1 3396.92
1535.41 24371.1 3395.88
1541.70 24371.1 3394.86
1547.99 24371.1 3393.85
1554.28 24371.1 3392.83
1560.57 24371.1 3391.80
1566.86 24371.1 3390.77
1573.15 24371.1 3389.74
573.150 24496.9 3533.99
579.439 24496.9 3533.40
585.729 24496.9 3532.82
592.018 24496.9 3532.23
598.307 24496.9 3531.64
604.597 24496.9 3531.05
610.886 24496.9 3530.46
617.175 24496.9 3529.87
623.464 24496.9 3529.27
629.754 24496.9 3528.67
636.043 24496.9 3528.07
642.332 24496.9 3527.47
648.622 24496.9 3526.75
654.911 24496.9 3526.26
661.200 24496.9 3525.66
667.490 24496.9 3525.05
673.779 24496.9 3524.44
680.068 24496.9 3523.82
686.358 24496.9 3523.21
692.647 24496.9 3522.59
698.936 24496.9 3521.98
705.225 24496.9 3521.39
711.515 24496.9 3520.80
717.804 24496.9 3520.21
724.093 24496.9 3519.61
730.383 24496.9 3519.02
736.672 24496.9 3518.43
742.961 24496.9 3517.84
749.251 24496.9 3517.24
755.540 24496.9 3516.65
761.829 24496.9 3516.06
768.119 24496.9 3515.46
774.408 24496.9 3514.86
780.697 24496.9 3514.26
786.986 24496.9 3513.66
793.276 24496.9 3513.06
799.565 24496.9 3512.46
805.854 24496.9 3511.86
812.144 24496.9 3511.25
818.433 24496.9 3510.65
824.722 24496.9 3510.04
831.012 24496.9 3509.44
837.301 24496.9 3508.84
843.590 24496.9 3508.21
849.880 24496.9 3507.62
856.169 24496.9 3506.99
862.458 24496.9 3506.37
868.747 24496.9 3505.75
875.037 24496.9 3505.12
881.326 24496.9 3504.49
887.615 24496.9 3503.87
893.905 24496.9 3503.24
900.194 24496.9 3502.60
906.483 24496.9 3501.96
912.773 24496.9 3501.32
919.062 24496.9 3500.67
925.351 24496.9 3500.03
931.641 24496.9 3499.37
937.930 24496.9 3498.72
944.219 24496.9 3498.05
950.508 24496.9 3497.39
956.798 24496.9 3496.70
963.087 24496.9 3496.02
969.376 24496.9 3495.33
975.666 24496.9 3494.65
981.955 24496.9 3493.95
988.244 24496.9 3493.24
994.534 24496.9 3492.53
1000.82 24496.9 3491.82
1007.11 24496.9 3491.08
1013.40 24496.9 3490.34
1019.69 24496.9 3489.58
1025.98 24496.9 3488.83
1032.27 24496.9 3488.06
1038.56 24496.9 3487.28
1044.85 24496.9 3486.50
1051.14 24496.9 3485.69
1057.43 24496.9 3484.88
1063.72 24496.9 3484.05
1070.01 24496.9 3483.21
1076.29 24496.9 3482.39
1082.58 24496.9 3481.50
1088.87 24496.9 3480.65
1095.16 24496.9 3479.72
1101.45 24496.9 3478.77
1107.74 24496.9 3477.89
1114.03 24496.9 3476.95
1120.32 24496.9 3475.99
1126.61 24496.9 3475.01
1132.90 24496.9 3474.02
1139.19 24496.9 3472.97
1145.48 24496.9 3471.97
1151.77 24496.9 3470.93
1158.06 24496.9 3469.86
1164.34 24496.9 3468.77
1170.63 24496.9 3467.67
1176.92 24496.9 3466.56
1183.21 24496.9 3465.42
1189.50 24496.9 3464.26
1195.79 24496.9 3463.10
1202.08 24496.9 3461.90
1208.37 24496.9 3460.72
1214.66 24496.9 3459.52
1220.95 24496.9 3458.34
1227.24 24496.9 3457.14
1233.53 24496.9 3455.94
1239.82 24496.9 3454.75
1246.11 24496.9 3453.57
1252.40 24496.9 3452.34
1258.68 24496.9 3451.14
1264.97 24496.9 3449.90
1271.26 24496.9 3448.69
1277.55 24496.9 3447.46
1283.84 24496.9 3446.23
1290.13 24496.9 3445.00
1296.42 24496.9 3443.76
1302.71 24496.9 3442.53
1309.00 24496.9 3441.27
1315.29 24496.9 3440.01
1321.58 24496.9 3438.75
1327.87 24496.9 3437.48
1334.16 24496.9 3436.21
1340.45 24496.9 3434.94
1346.73 24496.9 3433.65
1353.02 24496.9 3432.33
1359.31 24496.9 3431.03
1365.60 24496.9 3429.70
1371.89 24496.9 3428.36
1378.18 24496.9 3427.00
1384.47 24496.9 3425.61
1390.76 24496.9 3424.17
1397.05 24496.9 3422.74
1403.34 24496.9 3421.25
1409.63 24496.9 3419.69
1415.92 24496.9 3417.97
1422.21 24496.9 3415.92
1428.50 24496.9 3413.64
1434.79 24496.9 3412.63
1441.07 24496.9 3411.60
1447.36 24496.9 3410.60
1453.65 24496.9 3409.59
1459.94 24496.9 3408.59
1466.23 24496.9 3407.57
1472.52 24496.9 3406.56
1478.81 24496.9 3405.55
1485.10 24496.9 3404.53
1491.39 24496.9 3403.50
1497.68 24496.9 3402.53
1503.97 24496.9 3401.48
1510.26 24496.9 3400.47
1516.55 24496.9 3399.46
1522.84 24496.9 3398.43
1529.12 24496.9 3397.42
1535.41 24496.9 3396.39
1541.70 24496.9 3395.38
1547.99 24496.9 3394.36
1554.28 24496.9 3393.34
1560.57 24496.9 3392.32
1566.86 24496.9 3391.29
1573.15 24496.9 3390.26
573.150 24622.6 3534.36
579.439 24622.6 3533.77
585.729 24622.6 3533.19
592.018 24622.6 3532.60
598.307 24622.6 3532.01
604.597 24622.6 3531.42
610.886 24622.6 3530.84
617.175 24622.6 3530.24
623.464 24622.6 3529.65
629.754 24622.6 3529.05
636.043 24622.6 3528.45
642.332 24622.6 3527.85
648.622 24622.6 3527.10
654.911 24622.6 3526.64
661.200 24622.6 3526.04
667.490 24622.6 3525.43
673.779 24622.6 3524.82
680.068 24622.6 3524.20
686.358 24622.6 3523.59
692.647 24622.6 3522.97
698.936 24622.6 3522.36
705.225 24622.6 3521.77
711.515 24622.6 3521.18
717.804 24622.6 3520.59
724.093 24622.6 3520.00
730.383 24622.6 3519.42
736.672 24622.6 3518.82
742.961 24622.6 3518.23
749.251 24622.6 3517.63
755.540 24622.6 3517.04
761.829 24622.6 3516.44
768.119 24622.6 3515.85
774.408 24622.6 3515.25
780.697 24622.6 3514.65
786.986 24622.6 3514.06
793.276 24622.6 3513.45
799.565 24622.6 3512.86
805.854 24622.6 3512.26
812.144 24622.6 3511.65
818.433 24622.6 3511.05
824.722 24622.6 3510.44
831.012 24622.6 3509.84
837.301 24622.6 3509.22
843.590 24622.6 3508.62
849.880 24622.6 3508.01
856.169 24622.6 3507.39
862.458 24622.6 3506.77
868.747 24622.6 3506.16
875.037 24622.6 3505.51
881.326 24622.6 3504.91
887.615 24622.6 3504.28
893.905 24622.6 3503.65
900.194 24622.6 3503.02
906.483 24622.6 3502.38
912.773 24622.6 3501.74
919.062 24622.6 3501.09
925.351 24622.6 3500.44
931.641 24622.6 3499.79
937.930 24622.6 3499.14
944.219 24622.6 3498.47
950.508 24622.6 3497.81
956.798 24622.6 3497.13
963.087 24622.6 3496.46
969.376 24622.6 3495.77
975.666 24622.6 3495.07
981.955 24622.6 3494.38
988.244 24622.6 3493.67
994.534 24622.6 3492.97
1000.82 24622.6 3492.25
1007.11 24622.6 3491.51
1013.40 24622.6 3490.78
1019.69 24622.6 3490.04
1025.98 24622.6 3489.28
1032.27 24622.6 3488.51
1038.56 24622.6 3487.74
1044.85 24622.6 3486.95
1051.14 24622.6 3486.15
1057.43 24622.6 3485.35
1063.72 24622.6 3484.52
1070.01 24622.6 3483.69
1076.29 24622.6 3482.83
1082.58 24622.6 3481.98
1088.87 24622.6 3481.11
1095.16 24622.6 3480.21
1101.45 24622.6 3479.31
1107.74 24622.6 3478.39
1114.03 24622.6 3477.41
1120.32 24622.6 3476.50
1126.61 24622.6 3475.51
1132.90 24622.6 3474.53
1139.19 24622.6 3473.53
1145.48 24622.6 3472.50
1151.77 24622.6 3471.45
1158.06 24622.6 3470.40
1164.34 24622.6 3469.33
1170.63 24622.6 3468.23
1176.92 24622.6 3467.10
1183.21 24622.6 3465.98
1189.50 24622.6 3464.76
1195.79 24622.6 3463.66
1202.08 24622.6 3462.46
1208.37 24622.6 3461.28
1214.66 24622.6 3460.12
1220.95 24622.6 3458.93
1227.24 24622.6 3457.73
1233.53 24622.6 3456.59
1239.82 24622.6 3455.34
1246.11 24622.6 3454.12
1252.40 24622.6 3452.94
1258.68 24622.6 3451.74
1264.97 24622.6 3450.50
1271.26 24622.6 3449.29
1277.55 24622.6 3448.08
1283.84 24622.6 3446.86
1290.13 24622.6 3445.62
1296.42 24622.6 3444.38
1302.71 24622.6 3443.14
1309.00 24622.6 3441.90
1315.29 24622.6 3440.65
1321.58 24622.6 3439.36
1327.87 24622.6 3438.10
1334.16 24622.6 3436.83
1340.45 24622.6 3435.57
1346.73 24622.6 3434.28
1353.02 24622.6 3433.00
1359.31 24622.6 3431.67
1365.60 24622.6 3430.38
1371.89 24622.6 3429.02
1378.18 24622.6 3427.67
1384.47 24622.6 3426.30
1390.76 24622.6 3424.91
1397.05 24622.6 3423.48
1403.34 24622.6 3422.00
1409.63 24622.6 3420.46
1415.92 24622.6 3418.83
1422.21 24622.6 3416.99
1428.50 24622.6 3414.16
1434.79 24622.6 3413.14
1441.07 24622.6 3412.14
1447.36 24622.6 3411.12
1453.65 24622.6 3410.11
1459.94 24622.6 3409.08
1466.23 24622.6 3408.08
1472.52 24622.6 3407.07
1478.81 24622.6 3406.03
1485.10 24622.6 3405.04
1491.39 24622.6 3404.03
1497.68 24622.6 3403.07
1503.97 24622.6 3402.00
1510.26 24622.6 3400.98
1516.55 24622.6 3399.97
1522.84 24622.6 3398.95
1529.12 24622.6 3397.93
1535.41 24622.6 3396.91
1541.70 24622.6 3395.90
1547.99 24622.6 3394.88
1554.28 24622.6 3393.85
1560.57 24622.6 3392.83
1566.86 24622.6 3391.83
1573.15 24622.6 3390.80
573.150 24748.4 3534.73
579.439 24748.4 3534.15
585.729 24748.4 3533.56
592.018 24748.4 3532.98
598.307 24748.4 3532.39
604.597 24748.4 3531.80
610.886 24748.4 3531.21
617.175 24748.4 3530.61
623.464 24748.4 3530.02
629.754 24748.4 3529.42
636.043 24748.4 3528.83
642.332 24748.4 3528.23
648.622 24748.4 3527.45
654.911 24748.4 3527.02
661.200 24748.4 3526.42
667.490 24748.4 3525.81
673.779 24748.4 3525.20
680.068 24748.4 3524.59
686.358 24748.4 3523.97
692.647 24748.4 3523.36
698.936 24748.4 3522.75
705.225 24748.4 3522.15
711.515 24748.4 3521.57
717.804 24748.4 3520.98
724.093 24748.4 3520.39
730.383 24748.4 3519.80
736.672 24748.4 3519.21
742.961 24748.4 3518.61
749.251 24748.4 3518.02
755.540 24748.4 3517.43
761.829 24748.4 3516.84
768.119 24748.4 3516.23
774.408 24748.4 3515.64
780.697 24748.4 3515.05
786.986 24748.4 3514.46
793.276 24748.4 3513.85
799.565 24748.4 3513.26
805.854 24748.4 3512.65
812.144 24748.4 3512.05
818.433 24748.4 3511.45
824.722 24748.4 3510.84
831.012 24748.4 3510.24
837.301 24748.4 3509.64
843.590 24748.4 3509.02
849.880 24748.4 3508.41
856.169 24748.4 3507.80
862.458 24748.4 3507.18
868.747 24748.4 3506.56
875.037 24748.4 3505.94
881.326 24748.4 3505.32
887.615 24748.4 3504.69
893.905 24748.4 3504.06
900.194 24748.4 3503.43
906.483 24748.4 3502.79
912.773 24748.4 3502.13
919.062 24748.4 3501.51
925.351 24748.4 3500.87
931.641 24748.4 3500.21
937.930 24748.4 3499.57
944.219 24748.4 3498.89
950.508 24748.4 3498.24
956.798 24748.4 3497.56
963.087 24748.4 3496.88
969.376 24748.4 3496.20
975.666 24748.4 3495.51
981.955 24748.4 3494.82
988.244 24748.4 3494.11
994.534 24748.4 3493.41
1000.82 24748.4 3492.69
1007.11 24748.4 3491.96
1013.40 24748.4 3491.23
1019.69 24748.4 3490.48
1025.98 24748.4 3489.73
1032.27 24748.4 3488.98
1038.56 24748.4 3488.19
1044.85 24748.4 3487.41
1051.14 24748.4 3486.62
1057.43 24748.4 3485.81
1063.72 24748.4 3484.98
1070.01 24748.4 3484.16
1076.29 24748.4 3483.32
1082.58 24748.4 3482.46
1088.87 24748.4 3481.60
1095.16 24748.4 3480.70
1101.45 24748.4 3479.81
1107.74 24748.4 3478.88
1114.03 24748.4 3477.96
1120.32 24748.4 3476.99
1126.61 24748.4 3476.03
1132.90 24748.4 3475.04
1139.19 24748.4 3474.03
1145.48 24748.4 3473.02
1151.77 24748.4 3471.99
1158.06 24748.4 3470.94
1164.34 24748.4 3469.86
1170.63 24748.4 3468.76
1176.92 24748.4 3467.65
1183.21 24748.4 3466.53
1189.50 24748.4 3465.38
1195.79 24748.4 3464.22
1202.08 24748.4 3463.06
1208.37 24748.4 3461.89
1214.66 24748.4 3460.69
1220.95 24748.4 3459.50
1227.24 24748.4 3458.33
1233.53 24748.4 3457.15
1239.82 24748.4 3455.93
1246.11 24748.4 3454.75
1252.40 24748.4 3453.56
1258.68 24748.4 3452.29
1264.97 24748.4 3451.14
1271.26 24748.4 3449.91
1277.55 24748.4 3448.69
1283.84 24748.4 3447.46
1290.13 24748.4 3446.22
1296.42 24748.4 3444.99
1302.71 24748.4 3443.75
1309.00 24748.4 3442.50
1315.29 24748.4 3441.26
1321.58 24748.4 3439.99
1327.87 24748.4 3438.75
1334.16 24748.4 3437.48
1340.45 24748.4 3436.23
1346.73 24748.4 3434.91
1353.02 24748.4 3433.60
1359.31 24748.4 3432.33
1365.60 24748.4 3431.02
1371.89 24748.4 3429.70
1378.18 24748.4 3428.33
1384.47 24748.4 3426.99
1390.76 24748.4 3425.58
1397.05 24748.4 3424.18
1403.34 24748.4 3422.74
1409.63 24748.4 3421.23
1415.92 24748.4 3419.65
1422.21 24748.4 3417.92
1428.50 24748.4 3415.87
1434.79 24748.4 3413.71
1441.07 24748.4 3412.65
1447.36 24748.4 3411.65
1453.65 24748.4 3410.63
1459.94 24748.4 3409.59
1466.23 24748.4 3408.58
1472.52 24748.4 3407.58
1478.81 24748.4 3406.57
1485.10 24748.4 3405.54
1491.39 24748.4 3404.54
1497.68 24748.4 3403.53
1503.97 24748.4 3402.52
1510.26 24748.4 3401.50
1516.55 24748.4 3400.49
1522.84 24748.4 3399.47
1529.12 24748.4 3398.45
1535.41 24748.4 3397.43
1541.70 24748.4 3396.42
1547.99 24748.4 3395.39
1554.28 24748.4 3394.37
1560.57 24748.4 3393.34
1566.86 24748.4 3392.33
1573.15 24748.4 3391.30
573.150 24874.2 3551.06
579.439 24874.2 3550.56
585.729 24874.2 3550.05
592.018 24874.2 3549.55
598.307 24874.2 3549.03
604.597 24874.2 3548.52
610.886 24874.2 3548.01
617.175 24874.2 3547.50
623.464 24874.2 3546.98
629.754 24874.2 3529.80
636.043 24874.2 3529.21
642.332 24874.2 3528.60
648.622 24874.2 3527.80
654.911 24874.2 3527.40
661.200 24874.2 3526.80
667.490 24874.2 3526.19
673.779 24874.2 3525.58
680.068 24874.2 3524.97
686.358 24874.2 3524.35
692.647 24874.2 3523.74
698.936 24874.2 3523.13
705.225 24874.2 3522.54
711.515 24874.2 3521.96
717.804 24874.2 3521.36
724.093 24874.2 3520.77
730.383 24874.2 3520.18
736.672 24874.2 3519.59
742.961 24874.2 3519.00
749.251 24874.2 3518.41
755.540 24874.2 3517.81
761.829 24874.2 3517.22
768.119 24874.2 3516.62
774.408 24874.2 3516.04
780.697 24874.2 3515.44
786.986 24874.2 3514.85
793.276 24874.2 3514.25
799.565 24874.2 3513.66
805.854 24874.2 3513.05
812.144 24874.2 3512.45
818.433 24874.2 3511.84
824.722 24874.2 3511.24
831.012 24874.2 3510.64
837.301 24874.2 3510.03
843.590 24874.2 3509.42
849.880 24874.2 3508.81
856.169 24874.2 3508.20
862.458 24874.2 3507.59
868.747 24874.2 3506.97
875.037 24874.2 3506.35
881.326 24874.2 3505.73
887.615 24874.2 3505.10
893.905 24874.2 3504.47
900.194 24874.2 3503.84
906.483 24874.2 3503.22
912.773 24874.2 3502.58
919.062 24874.2 3501.93
925.351 24874.2 3501.27
931.641 24874.2 3500.63
937.930 24874.2 3499.99
944.219 24874.2 3499.32
950.508 24874.2 3498.66
956.798 24874.2 3497.98
963.087 24874.2 3497.32
969.376 24874.2 3496.63
975.666 24874.2 3495.93
981.955 24874.2 3495.25
988.244 24874.2 3494.53
994.534 24874.2 3493.84
1000.82 24874.2 3493.13
1007.11 24874.2 3492.41
1013.40 24874.2 3491.67
1019.69 24874.2 3490.93
1025.98 24874.2 3490.18
1032.27 24874.2 3489.43
1038.56 24874.2 3488.64
1044.85 24874.2 3487.87
1051.14 24874.2 3487.08
1057.43 24874.2 3486.27
1063.72 24874.2 3485.46
1070.01 24874.2 3484.62
1076.29 24874.2 3483.80
1082.58 24874.2 3482.94
1088.87 24874.2 3482.06
1095.16 24874.2 3481.18
1101.45 24874.2 3480.29
1107.74 24874.2 3479.38
1114.03 24874.2 3478.44
1120.32 24874.2 3477.50
1126.61 24874.2 3476.54
1132.90 24874.2 3475.55
1139.19 24874.2 3474.57
1145.48 24874.2 3473.55
1151.77 24874.2 3472.51
1158.06 24874.2 3471.47
1164.34 24874.2 3470.62
1170.63 24874.2 3469.31
1176.92 24874.2 3468.20
1183.21 24874.2 3467.08
1189.50 24874.2 3465.95
1195.79 24874.2 3464.79
1202.08 24874.2 3463.61
1208.37 24874.2 3462.46
1214.66 24874.2 3461.28
1220.95 24874.2 3460.09
1227.24 24874.2 3458.91
1233.53 24874.2 3457.72
1239.82 24874.2 3456.51
1246.11 24874.2 3455.34
1252.40 24874.2 3454.11
1258.68 24874.2 3452.91
1264.97 24874.2 3451.71
1271.26 24874.2 3450.50
1277.55 24874.2 3449.28
1283.84 24874.2 3448.05
1290.13 24874.2 3446.83
1296.42 24874.2 3445.59
1302.71 24874.2 3444.37
1309.00 24874.2 3443.12
1315.29 24874.2 3441.90
1321.58 24874.2 3440.65
1327.87 24874.2 3439.36
1334.16 24874.2 3438.11
1340.45 24874.2 3436.85
1346.73 24874.2 3435.55
1353.02 24874.2 3434.26
1359.31 24874.2 3432.99
1365.60 24874.2 3431.67
1371.89 24874.2 3430.36
1378.18 24874.2 3429.01
1384.47 24874.2 3427.68
1390.76 24874.2 3426.29
1397.05 24874.2 3424.89
1403.34 24874.2 3423.44
1409.63 24874.2 3422.00
1415.92 24874.2 3420.45
1422.21 24874.2 3418.78
1428.50 24874.2 3416.95
1434.79 24874.2 3414.17
1441.07 24874.2 3413.15
1447.36 24874.2 3412.14
1453.65 24874.2 3411.13
1459.94 24874.2 3410.12
1466.23 24874.2 3409.11
1472.52 24874.2 3408.10
1478.81 24874.2 3407.09
1485.10 24874.2 3406.07
1491.39 24874.2 3405.06
1497.68 24874.2 3404.04
1503.97 24874.2 3403.02
1510.26 24874.2 3402.01
1516.55 24874.2 3401.00
1522.84 24874.2 3399.98
1529.12 24874.2 3398.97
1535.41 24874.2 3397.95
1541.70 24874.2 3396.92
1547.99 24874.2 3395.93
1554.28 24874.2 3394.88
1560.57 24874.2 3393.87
1566.86 24874.2 3392.85
1573.15 24874.2 3391.83
573.150 25000.0 3551.45
579.439 25000.0 3550.94
585.729 25000.0 3550.44
592.018 25000.0 3549.93
598.307 25000.0 3549.42
604.597 25000.0 3548.90
610.886 25000.0 3548.40
617.175 25000.0 3547.88
623.464 25000.0 3547.36
629.754 25000.0 3546.85
636.043 25000.0 3546.33
642.332 25000.0 3545.81
648.622 25000.0 3544.91
654.911 25000.0 3544.75
661.200 25000.0 3544.22
667.490 25000.0 3543.69
673.779 25000.0 3543.15
680.068 25000.0 3525.35
686.358 25000.0 3524.73
692.647 25000.0 3524.12
698.936 25000.0 3523.52
705.225 25000.0 3522.92
711.515 25000.0 3522.34
717.804 25000.0 3521.75
724.093 25000.0 3521.15
730.383 25000.0 3520.57
736.672 25000.0 3519.96
742.961 25000.0 3519.39
749.251 25000.0 3518.79
755.540 25000.0 3518.20
761.829 25000.0 3517.62
768.119 25000.0 3517.02
774.408 25000.0 3516.43
780.697 25000.0 3515.83
786.986 25000.0 3515.26
793.276 25000.0 3514.65
799.565 25000.0 3514.04
805.854 25000.0 3513.44
812.144 25000.0 3512.85
818.433 25000.0 3512.24
824.722 25000.0 3511.64
831.012 25000.0 3511.03
837.301 25000.0 3510.43
843.590 25000.0 3509.83
849.880 25000.0 3509.22
856.169 25000.0 3508.61
862.458 25000.0 3507.99
868.747 25000.0 3507.38
875.037 25000.0 3506.76
881.326 25000.0 3506.14
887.615 25000.0 3505.51
893.905 25000.0 3504.89
900.194 25000.0 3504.26
906.483 25000.0 3503.63
912.773 25000.0 3502.99
919.062 25000.0 3502.35
925.351 25000.0 3501.71
931.641 25000.0 3501.05
937.930 25000.0 3500.39
944.219 25000.0 3499.75
950.508 25000.0 3499.08
956.798 25000.0 3498.41
963.087 25000.0 3497.74
969.376 25000.0 3497.06
975.666 25000.0 3496.38
981.955 25000.0 3495.69
988.244 25000.0 3494.99
994.534 25000.0 3494.28
1000.82 25000.0 3493.57
1007.11 25000.0 3492.84
1013.40 25000.0 3492.12
1019.69 25000.0 3491.39
1025.98 25000.0 3490.65
1032.27 25000.0 3489.88
1038.56 25000.0 3489.12
1044.85 25000.0 3488.34
1051.14 25000.0 3487.55
1057.43 25000.0 3486.74
1063.72 25000.0 3485.93
1070.01 25000.0 3485.11
1076.29 25000.0 3484.28
1082.58 25000.0 3483.42
1088.87 25000.0 3482.53
1095.16 25000.0 3481.67
1101.45 25000.0 3480.78
1107.74 25000.0 3479.87
1114.03 25000.0 3478.94
1120.32 25000.0 3478.01
1126.61 25000.0 3477.04
1132.90 25000.0 3476.07
1139.19 25000.0 3475.08
1145.48 25000.0 3474.07
1151.77 25000.0 3473.04
1158.06 25000.0 3472.00
1164.34 25000.0 3471.01
1170.63 25000.0 3469.86
1176.92 25000.0 3468.76
1183.21 25000.0 3467.64
1189.50 25000.0 3466.50
1195.79 25000.0 3465.36
1202.08 25000.0 3464.21
1208.37 25000.0 3463.02
1214.66 25000.0 3461.85
1220.95 25000.0 3460.68
1227.24 25000.0 3459.45
1233.53 25000.0 3458.29
1239.82 25000.0 3457.12
1246.11 25000.0 3455.89
1252.40 25000.0 3454.71
1258.68 25000.0 3453.51
1264.97 25000.0 3452.30
1271.26 25000.0 3451.11
1277.55 25000.0 3449.86
1283.84 25000.0 3448.66
1290.13 25000.0 3447.43
1296.42 25000.0 3446.21
1302.71 25000.0 3444.96
1309.00 25000.0 3443.73
1315.29 25000.0 3442.51
1321.58 25000.0 3441.25
1327.87 25000.0 3440.00
1334.16 25000.0 3438.72
1340.45 25000.0 3437.46
1346.73 25000.0 3436.20
1353.02 25000.0 3434.91
1359.31 25000.0 3433.63
1365.60 25000.0 3432.32
1371.89 25000.0 3431.00
1378.18 25000.0 3429.68
1384.47 25000.0 3428.34
1390.76 25000.0 3426.99
1397.05 25000.0 3425.51
1403.34 25000.0 3424.18
1409.63 25000.0 3422.71
1415.92 25000.0 3421.21
1422.21 25000.0 3419.60
1428.50 25000.0 3417.90
1434.79 25000.0 3415.77
1441.07 25000.0 3413.68
1447.36 25000.0 3412.66
1453.65 25000.0 3411.64
1459.94 25000.0 3410.62
1466.23 25000.0 3409.60
1472.52 25000.0 3408.61
1478.81 25000.0 3407.60
1485.10 25000.0 3406.59
1491.39 25000.0 3405.57
1497.68 25000.0 3404.56
1503.97 25000.0 3403.55
1510.26 25000.0 3402.53
1516.55 25000.0 3401.51
1522.84 25000.0 3400.50
1529.12 25000.0 3399.48
1535.41 25000.0 3398.46
1541.70 25000.0 3397.46
1547.99 25000.0 3396.42
1554.28 25000.0 3395.40
1560.57 25000.0 3394.39
1566.86 25000.0 3393.37
1573.15 25000.0 3392.34
